2026-03-09T10:09:02.025-04:00  INFO 29640 --- [cluster-ClusterId{value='69adb9f458de8b157dcf8788', description='null'}-localhost:27017] org.mongodb.driver.cluster               : Exception in monitor thread while connecting to server localhost:27017

com.mongodb.MongoSocketReadException: Exception receiving message
	at com.mongodb.internal.connection.InternalStreamConnection.translateReadException(InternalStreamConnection.java:814) ~[mongodb-driver-core-5.2.1.jar:na]
	at com.mongodb.internal.connection.InternalStreamConnection.receiveResponseBuffers(InternalStreamConnection.java:862) ~[mongodb-driver-core-5.2.1.jar:na]
	at com.mongodb.internal.connection.InternalStreamConnection.receiveCommandMessageResponse(InternalStreamConnection.java:517) ~[mongodb-driver-core-5.2.1.jar:na]
	at com.mongodb.internal.connection.InternalStreamConnection.receive(InternalStreamConnection.java:469) ~[mongodb-driver-core-5.2.1.jar:na]
	at com.mongodb.internal.connection.DefaultServerMonitor$ServerMonitor.lookupServerDescription(DefaultServerMonitor.java:249) ~[mongodb-driver-core-5.2.1.jar:na]
	at com.mongodb.internal.connection.DefaultServerMonitor$ServerMonitor.run(DefaultServerMonitor.java:176) ~[mongodb-driver-core-5.2.1.jar:na]
Caused by: java.net.SocketException: Connection reset
	at java.base/sun.nio.ch.NioSocketImpl.implRead(NioSocketImpl.java:328) ~[na:na]
	at java.base/sun.nio.ch.NioSocketImpl.read(NioSocketImpl.java:355) ~[na:na]
	at java.base/sun.nio.ch.NioSocketImpl$1.read(NioSocketImpl.java:808) ~[na:na]
	at java.base/java.net.Socket$SocketInputStream.read(Socket.java:966) ~[na:na]
	at com.mongodb.internal.connection.SocketStream.read(SocketStream.java:182) ~[mongodb-driver-core-5.2.1.jar:na]
	at com.mongodb.internal.connection.InternalStreamConnection.receiveResponseBuffers(InternalStreamConnection.java:829) ~[mongodb-driver-core-5.2.1.jar:na]
	... 4 common frames omitted

2026-03-09T10:09:02.078-04:00  INFO 29640 --- [cluster-ClusterId{value='69adb9f458de8b157dcf8788', description='null'}-localhost:27017] org.mongodb.driver.cluster               : Exception in monitor thread while connecting to server localhost:27017

com.mongodb.MongoSocketOpenException: Exception opening socket
	at com.mongodb.internal.connection.SocketStream.lambda$open$0(SocketStream.java:85) ~[mongodb-driver-core-5.2.1.jar:na]
	at java.base/java.util.Optional.orElseThrow(Optional.java:403) ~[na:na]
	at com.mongodb.internal.connection.SocketStream.open(SocketStream.java:85) ~[mongodb-driver-core-5.2.1.jar:na]
	at com.mongodb.internal.connection.InternalStreamConnection.open(InternalStreamConnection.java:233) ~[mongodb-driver-core-5.2.1.jar:na]
	at com.mongodb.internal.connection.DefaultServerMonitor$ServerMonitor.lookupServerDescription(DefaultServerMonitor.java:219) ~[mongodb-driver-core-5.2.1.jar:na]
	at com.mongodb.internal.connection.DefaultServerMonitor$ServerMonitor.run(DefaultServerMonitor.java:176) ~[mongodb-driver-core-5.2.1.jar:na]
Caused by: java.net.ConnectException: Connection refused: no further information
	at java.base/sun.nio.ch.Net.pollConnect(Native Method) ~[na:na]
	at java.base/sun.nio.ch.Net.pollConnectNow(Net.java:672) ~[na:na]
	at java.base/sun.nio.ch.NioSocketImpl.timedFinishConnect(NioSocketImpl.java:547) ~[na:na]
	at java.base/sun.nio.ch.NioSocketImpl.connect(NioSocketImpl.java:602) ~[na:na]
	at java.base/java.net.SocksSocketImpl.connect(SocksSocketImpl.java:327) ~[na:na]
	at java.base/java.net.Socket.connect(Socket.java:633) ~[na:na]
	at com.mongodb.internal.connection.SocketStreamHelper.initialize(SocketStreamHelper.java:76) ~[mongodb-driver-core-5.2.1.jar:na]
	at com.mongodb.internal.connection.SocketStream.initializeSocket(SocketStream.java:104) ~[mongodb-driver-core-5.2.1.jar:na]
	at com.mongodb.internal.connection.SocketStream.open(SocketStream.java:79) ~[mongodb-driver-core-5.2.1.jar:na]
	... 3 common frames omitted

2026-03-09T10:30:14.002-04:00  INFO 29640 --- [cluster-ClusterId{value='69adb9f458de8b157dcf8788', description='null'}-localhost:27017] org.mongodb.driver.cluster               : Monitor thread successfully connected to server with description ServerDescription{address=localhost:27017, type=STANDALONE, cryptd=false, state=CONNECTED, ok=true, minWireVersion=0, maxWireVersion=27, maxDocumentSize=16777216, logicalSessionTimeoutMinutes=30, roundTripTimeNanos=1700700, minRoundTripTimeNanos=0}
2026-03-09T10:46:47.020-04:00  INFO 29640 --- [cluster-ClusterId{value='69adb9f458de8b157dcf8788', description='null'}-localhost:27017] org.mongodb.driver.cluster               : Exception in monitor thread while connecting to server localhost:27017

com.mongodb.MongoSocketReadException: Exception receiving message
	at com.mongodb.internal.connection.InternalStreamConnection.translateReadException(InternalStreamConnection.java:814) ~[mongodb-driver-core-5.2.1.jar:na]
	at com.mongodb.internal.connection.InternalStreamConnection.receiveResponseBuffers(InternalStreamConnection.java:862) ~[mongodb-driver-core-5.2.1.jar:na]
	at com.mongodb.internal.connection.InternalStreamConnection.receiveCommandMessageResponse(InternalStreamConnection.java:517) ~[mongodb-driver-core-5.2.1.jar:na]
	at com.mongodb.internal.connection.InternalStreamConnection.receive(InternalStreamConnection.java:469) ~[mongodb-driver-core-5.2.1.jar:na]
	at com.mongodb.internal.connection.DefaultServerMonitor$ServerMonitor.lookupServerDescription(DefaultServerMonitor.java:249) ~[mongodb-driver-core-5.2.1.jar:na]
	at com.mongodb.internal.connection.DefaultServerMonitor$ServerMonitor.run(DefaultServerMonitor.java:176) ~[mongodb-driver-core-5.2.1.jar:na]
Caused by: java.net.SocketException: Connection reset
	at java.base/sun.nio.ch.NioSocketImpl.implRead(NioSocketImpl.java:328) ~[na:na]
	at java.base/sun.nio.ch.NioSocketImpl.read(NioSocketImpl.java:355) ~[na:na]
	at java.base/sun.nio.ch.NioSocketImpl$1.read(NioSocketImpl.java:808) ~[na:na]
	at java.base/java.net.Socket$SocketInputStream.read(Socket.java:966) ~[na:na]
	at com.mongodb.internal.connection.SocketStream.read(SocketStream.java:182) ~[mongodb-driver-core-5.2.1.jar:na]
	at com.mongodb.internal.connection.InternalStreamConnection.receiveResponseBuffers(InternalStreamConnection.java:829) ~[mongodb-driver-core-5.2.1.jar:na]
	... 4 common frames omitted

2026-03-09T10:46:47.023-04:00  INFO 29640 --- [cluster-ClusterId{value='69adb9f458de8b157dcf8788', description='null'}-localhost:27017] org.mongodb.driver.cluster               : Exception in monitor thread while connecting to server localhost:27017

com.mongodb.MongoSocketOpenException: Exception opening socket
	at com.mongodb.internal.connection.SocketStream.lambda$open$0(SocketStream.java:85) ~[mongodb-driver-core-5.2.1.jar:na]
	at java.base/java.util.Optional.orElseThrow(Optional.java:403) ~[na:na]
	at com.mongodb.internal.connection.SocketStream.open(SocketStream.java:85) ~[mongodb-driver-core-5.2.1.jar:na]
	at com.mongodb.internal.connection.InternalStreamConnection.open(InternalStreamConnection.java:233) ~[mongodb-driver-core-5.2.1.jar:na]
	at com.mongodb.internal.connection.DefaultServerMonitor$ServerMonitor.lookupServerDescription(DefaultServerMonitor.java:219) ~[mongodb-driver-core-5.2.1.jar:na]
	at com.mongodb.internal.connection.DefaultServerMonitor$ServerMonitor.run(DefaultServerMonitor.java:176) ~[mongodb-driver-core-5.2.1.jar:na]
Caused by: java.net.ConnectException: Connection refused: no further information
	at java.base/sun.nio.ch.Net.pollConnect(Native Method) ~[na:na]
	at java.base/sun.nio.ch.Net.pollConnectNow(Net.java:672) ~[na:na]
	at java.base/sun.nio.ch.NioSocketImpl.timedFinishConnect(NioSocketImpl.java:547) ~[na:na]
	at java.base/sun.nio.ch.NioSocketImpl.connect(NioSocketImpl.java:602) ~[na:na]
	at java.base/java.net.SocksSocketImpl.connect(SocksSocketImpl.java:327) ~[na:na]
	at java.base/java.net.Socket.connect(Socket.java:633) ~[na:na]
	at com.mongodb.internal.connection.SocketStreamHelper.initialize(SocketStreamHelper.java:76) ~[mongodb-driver-core-5.2.1.jar:na]
	at com.mongodb.internal.connection.SocketStream.initializeSocket(SocketStream.java:104) ~[mongodb-driver-core-5.2.1.jar:na]
	at com.mongodb.internal.connection.SocketStream.open(SocketStream.java:79) ~[mongodb-driver-core-5.2.1.jar:na]
	... 3 common frames omitted

2026-03-09T16:00:37.514-04:00  INFO 29640 --- [cluster-ClusterId{value='69adb9f458de8b157dcf8788', description='null'}-localhost:27017] org.mongodb.driver.cluster               : Monitor thread successfully connected to server with description ServerDescription{address=localhost:27017, type=STANDALONE, cryptd=false, state=CONNECTED, ok=true, minWireVersion=0, maxWireVersion=27, maxDocumentSize=16777216, logicalSessionTimeoutMinutes=30, roundTripTimeNanos=2896600, minRoundTripTimeNanos=0}
2026-03-09T16:01:59.019-04:00  INFO 29640 --- [cluster-ClusterId{value='69adb9f458de8b157dcf8788', description='null'}-localhost:27017] org.mongodb.driver.cluster               : Exception in monitor thread while connecting to server localhost:27017

com.mongodb.MongoSocketReadException: Exception receiving message
	at com.mongodb.internal.connection.InternalStreamConnection.translateReadException(InternalStreamConnection.java:814) ~[mongodb-driver-core-5.2.1.jar:na]
	at com.mongodb.internal.connection.InternalStreamConnection.receiveResponseBuffers(InternalStreamConnection.java:862) ~[mongodb-driver-core-5.2.1.jar:na]
	at com.mongodb.internal.connection.InternalStreamConnection.receiveCommandMessageResponse(InternalStreamConnection.java:517) ~[mongodb-driver-core-5.2.1.jar:na]
	at com.mongodb.internal.connection.InternalStreamConnection.receive(InternalStreamConnection.java:469) ~[mongodb-driver-core-5.2.1.jar:na]
	at com.mongodb.internal.connection.DefaultServerMonitor$ServerMonitor.lookupServerDescription(DefaultServerMonitor.java:249) ~[mongodb-driver-core-5.2.1.jar:na]
	at com.mongodb.internal.connection.DefaultServerMonitor$ServerMonitor.run(DefaultServerMonitor.java:176) ~[mongodb-driver-core-5.2.1.jar:na]
Caused by: java.net.SocketException: Connection reset
	at java.base/sun.nio.ch.NioSocketImpl.implRead(NioSocketImpl.java:328) ~[na:na]
	at java.base/sun.nio.ch.NioSocketImpl.read(NioSocketImpl.java:355) ~[na:na]
	at java.base/sun.nio.ch.NioSocketImpl$1.read(NioSocketImpl.java:808) ~[na:na]
	at java.base/java.net.Socket$SocketInputStream.read(Socket.java:966) ~[na:na]
	at com.mongodb.internal.connection.SocketStream.read(SocketStream.java:182) ~[mongodb-driver-core-5.2.1.jar:na]
	at com.mongodb.internal.connection.InternalStreamConnection.receiveResponseBuffers(InternalStreamConnection.java:829) ~[mongodb-driver-core-5.2.1.jar:na]
	... 4 common frames omitted

2026-03-09T16:01:59.024-04:00  INFO 29640 --- [cluster-ClusterId{value='69adb9f458de8b157dcf8788', description='null'}-localhost:27017] org.mongodb.driver.cluster               : Exception in monitor thread while connecting to server localhost:27017

com.mongodb.MongoSocketOpenException: Exception opening socket
	at com.mongodb.internal.connection.SocketStream.lambda$open$0(SocketStream.java:85) ~[mongodb-driver-core-5.2.1.jar:na]
	at java.base/java.util.Optional.orElseThrow(Optional.java:403) ~[na:na]
	at com.mongodb.internal.connection.SocketStream.open(SocketStream.java:85) ~[mongodb-driver-core-5.2.1.jar:na]
	at com.mongodb.internal.connection.InternalStreamConnection.open(InternalStreamConnection.java:233) ~[mongodb-driver-core-5.2.1.jar:na]
	at com.mongodb.internal.connection.DefaultServerMonitor$ServerMonitor.lookupServerDescription(DefaultServerMonitor.java:219) ~[mongodb-driver-core-5.2.1.jar:na]
	at com.mongodb.internal.connection.DefaultServerMonitor$ServerMonitor.run(DefaultServerMonitor.java:176) ~[mongodb-driver-core-5.2.1.jar:na]
Caused by: java.net.ConnectException: Connection refused: no further information
	at java.base/sun.nio.ch.Net.pollConnect(Native Method) ~[na:na]
	at java.base/sun.nio.ch.Net.pollConnectNow(Net.java:672) ~[na:na]
	at java.base/sun.nio.ch.NioSocketImpl.timedFinishConnect(NioSocketImpl.java:547) ~[na:na]
	at java.base/sun.nio.ch.NioSocketImpl.connect(NioSocketImpl.java:602) ~[na:na]
	at java.base/java.net.SocksSocketImpl.connect(SocksSocketImpl.java:327) ~[na:na]
	at java.base/java.net.Socket.connect(Socket.java:633) ~[na:na]
	at com.mongodb.internal.connection.SocketStreamHelper.initialize(SocketStreamHelper.java:76) ~[mongodb-driver-core-5.2.1.jar:na]
	at com.mongodb.internal.connection.SocketStream.initializeSocket(SocketStream.java:104) ~[mongodb-driver-core-5.2.1.jar:na]
	at com.mongodb.internal.connection.SocketStream.open(SocketStream.java:79) ~[mongodb-driver-core-5.2.1.jar:na]
	... 3 common frames omitted

2026-03-09T19:42:23.924-04:00  INFO 10472 --- [restartedMain] com.truckoptimization.Main               : Starting Main using Java 17.0.12 with PID 10472 (C:\Programming\Java\TuckOptimaization\truck-routing\target\classes started by lukem in C:\Programming\Java\TuckOptimaization)
2026-03-09T19:42:23.927-04:00  INFO 10472 --- [restartedMain] com.truckoptimization.Main               : No active profile set, falling back to 1 default profile: "default"
2026-03-09T19:42:24.020-04:00  INFO 10472 --- [restartedMain] .e.DevToolsPropertyDefaultsPostProcessor : Devtools property defaults active! Set 'spring.devtools.add-properties' to 'false' to disable
2026-03-09T19:42:24.021-04:00  INFO 10472 --- [restartedMain] .e.DevToolsPropertyDefaultsPostProcessor : For additional web related logging consider setting the 'logging.level.web' property to 'DEBUG'
2026-03-09T19:42:25.260-04:00  INFO 10472 --- [restartedMain] .s.d.r.c.RepositoryConfigurationDelegate : Multiple Spring Data modules found, entering strict repository configuration mode
2026-03-09T19:42:25.261-04:00  INFO 10472 --- [restartedMain] .s.d.r.c.RepositoryConfigurationDelegate : Bootstrapping Spring Data JPA repositories in DEFAULT mode.
2026-03-09T19:42:25.318-04:00  INFO 10472 --- [restartedMain] .RepositoryConfigurationExtensionSupport : Spring Data JPA - Could not safely identify store assignment for repository candidate interface com.truckoptimization.dto.database.nosql.feature.compiledRouteResult.CompiledRouteResultRepository; If you want this repository to be a JPA repository, consider annotating your entities with one of these annotations: jakarta.persistence.Entity, jakarta.persistence.MappedSuperclass (preferred), or consider extending one of the following types with your repository: org.springframework.data.jpa.repository.JpaRepository
2026-03-09T19:42:25.321-04:00  INFO 10472 --- [restartedMain] .RepositoryConfigurationExtensionSupport : Spring Data JPA - Could not safely identify store assignment for repository candidate interface com.truckoptimization.dto.database.nosql.feature.matrixCache.MatrixRepository; If you want this repository to be a JPA repository, consider annotating your entities with one of these annotations: jakarta.persistence.Entity, jakarta.persistence.MappedSuperclass (preferred), or consider extending one of the following types with your repository: org.springframework.data.jpa.repository.JpaRepository
2026-03-09T19:42:25.478-04:00  INFO 10472 --- [restartedMain] .s.d.r.c.RepositoryConfigurationDelegate : Finished Spring Data repository scanning in 205 ms. Found 2 JPA repository interfaces.
2026-03-09T19:42:25.895-04:00  INFO 10472 --- [restartedMain] .s.d.r.c.RepositoryConfigurationDelegate : Multiple Spring Data modules found, entering strict repository configuration mode
2026-03-09T19:42:25.896-04:00  INFO 10472 --- [restartedMain] .s.d.r.c.RepositoryConfigurationDelegate : Bootstrapping Spring Data MongoDB repositories in DEFAULT mode.
2026-03-09T19:42:25.941-04:00  INFO 10472 --- [restartedMain] .RepositoryConfigurationExtensionSupport : Spring Data MongoDB - Could not safely identify store assignment for repository candidate interface com.truckoptimization.dto.database.sql.features.location.LocationEntityRepository; If you want this repository to be a MongoDB repository, consider annotating your entities with one of these annotations: org.springframework.data.mongodb.core.mapping.Document (preferred), or consider extending one of the following types with your repository: org.springframework.data.mongodb.repository.MongoRepository
2026-03-09T19:42:25.942-04:00  INFO 10472 --- [restartedMain] .RepositoryConfigurationExtensionSupport : Spring Data MongoDB - Could not safely identify store assignment for repository candidate interface com.truckoptimization.dto.location.LocationRepository; If you want this repository to be a MongoDB repository, consider annotating your entities with one of these annotations: org.springframework.data.mongodb.core.mapping.Document (preferred), or consider extending one of the following types with your repository: org.springframework.data.mongodb.repository.MongoRepository
2026-03-09T19:42:25.971-04:00  INFO 10472 --- [restartedMain] .s.d.r.c.RepositoryConfigurationDelegate : Finished Spring Data repository scanning in 74 ms. Found 2 MongoDB repository interfaces.
2026-03-09T19:42:27.109-04:00  INFO 10472 --- [restartedMain] o.s.b.w.embedded.tomcat.TomcatWebServer  : Tomcat initialized with port 80 (http)
2026-03-09T19:42:27.124-04:00  INFO 10472 --- [restartedMain] o.apache.catalina.core.StandardService   : Starting service [Tomcat]
2026-03-09T19:42:27.124-04:00  INFO 10472 --- [restartedMain] o.apache.catalina.core.StandardEngine    : Starting Servlet engine: [Apache Tomcat/10.1.34]
2026-03-09T19:42:27.231-04:00  INFO 10472 --- [restartedMain] o.a.c.c.C.[Tomcat].[localhost].[/]       : Initializing Spring embedded WebApplicationContext
2026-03-09T19:42:27.232-04:00  INFO 10472 --- [restartedMain] w.s.c.ServletWebServerApplicationContext : Root WebApplicationContext: initialization completed in 3209 ms
2026-03-09T19:42:27.645-04:00  INFO 10472 --- [restartedMain] o.hibernate.jpa.internal.util.LogHelper  : HHH000204: Processing PersistenceUnitInfo [name: default]
2026-03-09T19:42:27.732-04:00  INFO 10472 --- [restartedMain] org.hibernate.Version                    : HHH000412: Hibernate ORM core version 6.6.4.Final
2026-03-09T19:42:27.791-04:00  INFO 10472 --- [restartedMain] o.h.c.internal.RegionFactoryInitiator    : HHH000026: Second-level cache disabled
2026-03-09T19:42:28.187-04:00  INFO 10472 --- [restartedMain] o.s.o.j.p.SpringPersistenceUnitInfo      : No LoadTimeWeaver setup: ignoring JPA class transformer
2026-03-09T19:42:28.232-04:00  INFO 10472 --- [restartedMain] com.zaxxer.hikari.HikariDataSource       : HikariPool-1 - Starting...
2026-03-09T19:42:28.640-04:00  INFO 10472 --- [restartedMain] com.zaxxer.hikari.pool.HikariPool        : HikariPool-1 - Added connection com.mysql.cj.jdbc.ConnectionImpl@5bc510ae
2026-03-09T19:42:28.642-04:00  INFO 10472 --- [restartedMain] com.zaxxer.hikari.HikariDataSource       : HikariPool-1 - Start completed.
2026-03-09T19:42:28.705-04:00  WARN 10472 --- [restartedMain] org.hibernate.orm.deprecation            : HHH90000025: MySQLDialect does not need to be specified explicitly using 'hibernate.dialect' (remove the property setting and it will be selected by default)
2026-03-09T19:42:28.730-04:00  INFO 10472 --- [restartedMain] org.hibernate.orm.connections.pooling    : HHH10001005: Database info:
	Database JDBC URL [Connecting through datasource 'HikariDataSource (HikariPool-1)']
	Database driver: undefined/unknown
	Database version: 8.0.40
	Autocommit mode: undefined/unknown
	Isolation level: undefined/unknown
	Minimum pool size: undefined/unknown
	Maximum pool size: undefined/unknown
2026-03-09T19:42:29.493-04:00  INFO 10472 --- [restartedMain] o.h.m.i.EntityInstantiatorPojoStandard   : HHH000182: No default (no-argument) constructor for class: com.truckoptimization.dto.results.RouteResult (class must be instantiated by Interceptor)
2026-03-09T19:42:29.710-04:00  INFO 10472 --- [restartedMain] o.h.e.t.j.p.i.JtaPlatformInitiator       : HHH000489: No JTA platform available (set 'hibernate.transaction.jta.platform' to enable JTA platform integration)
2026-03-09T19:42:29.777-04:00  INFO 10472 --- [restartedMain] j.LocalContainerEntityManagerFactoryBean : Initialized JPA EntityManagerFactory for persistence unit 'default'
2026-03-09T19:42:31.159-04:00  INFO 10472 --- [restartedMain] org.mongodb.driver.client                : MongoClient with metadata {"driver": {"name": "mongo-java-driver|sync|spring-boot", "version": "5.2.1"}, "os": {"type": "Windows", "name": "Windows 11", "architecture": "amd64", "version": "10.0"}, "platform": "Java/Oracle Corporation/17.0.12+8-LTS-286"} created with settings MongoClientSettings{readPreference=primary, writeConcern=WriteConcern{w=null, wTimeout=null ms, journal=null}, retryWrites=true, retryReads=true, readConcern=ReadConcern{level=null}, credential=null, transportSettings=null, commandListeners=[io.micrometer.core.instrument.binder.mongodb.MongoMetricsCommandListener@236bbc5], codecRegistry=ProvidersCodecRegistry{codecProviders=[ValueCodecProvider{}, BsonValueCodecProvider{}, DBRefCodecProvider{}, DBObjectCodecProvider{}, DocumentCodecProvider{}, CollectionCodecProvider{}, IterableCodecProvider{}, MapCodecProvider{}, GeoJsonCodecProvider{}, GridFSFileCodecProvider{}, Jsr310CodecProvider{}, JsonObjectCodecProvider{}, BsonCodecProvider{}, EnumCodecProvider{}, com.mongodb.client.model.mql.ExpressionCodecProvider@47a99ee0, com.mongodb.Jep395RecordCodecProvider@16e46bfa, com.mongodb.KotlinCodecProvider@2303f07d]}, loggerSettings=LoggerSettings{maxDocumentLength=1000}, clusterSettings={hosts=[localhost:27017], srvServiceName=mongodb, mode=SINGLE, requiredClusterType=UNKNOWN, requiredReplicaSetName='null', serverSelector='null', clusterListeners='[]', serverSelectionTimeout='30000 ms', localThreshold='15 ms'}, socketSettings=SocketSettings{connectTimeoutMS=10000, readTimeoutMS=0, receiveBufferSize=0, proxySettings=ProxySettings{host=null, port=null, username=null, password=null}}, heartbeatSocketSettings=SocketSettings{connectTimeoutMS=10000, readTimeoutMS=10000, receiveBufferSize=0, proxySettings=ProxySettings{host=null, port=null, username=null, password=null}}, connectionPoolSettings=ConnectionPoolSettings{maxSize=100, minSize=0, maxWaitTimeMS=120000, maxConnectionLifeTimeMS=0, maxConnectionIdleTimeMS=0, maintenanceInitialDelayMS=0, maintenanceFrequencyMS=60000, connectionPoolListeners=[io.micrometer.core.instrument.binder.mongodb.MongoMetricsConnectionPoolListener@28d284b4], maxConnecting=2}, serverSettings=ServerSettings{heartbeatFrequencyMS=10000, minHeartbeatFrequencyMS=500, serverMonitoringMode=AUTO, serverListeners='[]', serverMonitorListeners='[]'}, sslSettings=SslSettings{enabled=false, invalidHostNameAllowed=false, context=null}, applicationName='null', compressorList=[], uuidRepresentation=JAVA_LEGACY, serverApi=null, autoEncryptionSettings=null, dnsClient=null, inetAddressResolver=null, contextProvider=null, timeoutMS=null}
2026-03-09T19:42:31.177-04:00  INFO 10472 --- [cluster-ClusterId{value='69af5ae77880b9143a6b313f', description='null'}-localhost:27017] org.mongodb.driver.cluster               : Monitor thread successfully connected to server with description ServerDescription{address=localhost:27017, type=STANDALONE, cryptd=false, state=CONNECTED, ok=true, minWireVersion=0, maxWireVersion=27, maxDocumentSize=16777216, logicalSessionTimeoutMinutes=30, roundTripTimeNanos=29907300, minRoundTripTimeNanos=0}
2026-03-09T19:42:31.335-04:00  INFO 10472 --- [restartedMain] o.s.b.d.a.OptionalLiveReloadServer       : LiveReload server is running on port 35729
2026-03-09T19:42:31.912-04:00  WARN 10472 --- [restartedMain] JpaBaseConfiguration$JpaWebConfiguration : spring.jpa.open-in-view is enabled by default. Therefore, database queries may be performed during view rendering. Explicitly configure spring.jpa.open-in-view to disable this warning
2026-03-09T19:42:32.862-04:00  INFO 10472 --- [restartedMain] o.s.b.a.e.web.EndpointLinksResolver      : Exposing 1 endpoint beneath base path '/actuator'
2026-03-09T19:42:33.014-04:00  INFO 10472 --- [restartedMain] o.s.b.w.embedded.tomcat.TomcatWebServer  : Tomcat started on port 80 (http) with context path '/'
2026-03-09T19:42:33.028-04:00  INFO 10472 --- [restartedMain] com.truckoptimization.Main               : Started Main in 9.655 seconds (process running for 10.529)
2026-03-09T19:42:41.503-04:00  INFO 10472 --- [http-nio-0.0.0.0-80-exec-1] o.a.c.c.C.[Tomcat].[localhost].[/]       : Initializing Spring DispatcherServlet 'dispatcherServlet'
2026-03-09T19:42:41.504-04:00  INFO 10472 --- [http-nio-0.0.0.0-80-exec-1] o.s.web.servlet.DispatcherServlet        : Initializing Servlet 'dispatcherServlet'
2026-03-09T19:42:41.506-04:00  INFO 10472 --- [http-nio-0.0.0.0-80-exec-1] o.s.web.servlet.DispatcherServlet        : Completed initialization in 2 ms
2026-03-09T19:42:46.854-04:00  WARN 10472 --- [http-nio-0.0.0.0-80-exec-4] .m.m.a.ExceptionHandlerExceptionResolver : Resolved [com.truckoptimization.exception.ApiNotConnectedException: Failed to contact ORS API. Check that docker container is running and able to be reached.]
2026-03-09T19:48:31.975-04:00  INFO 10472 --- [File Watcher] rtingClassPathChangeChangedEventListener : Restarting due to 1 class path change (0 additions, 0 deletions, 1 modification)
2026-03-09T19:48:31.980-04:00  INFO 10472 --- [Thread-4] o.s.b.w.e.tomcat.GracefulShutdown        : Commencing graceful shutdown. Waiting for active requests to complete
2026-03-09T19:48:32.253-04:00  INFO 10472 --- [tomcat-shutdown] o.s.b.w.e.tomcat.GracefulShutdown        : Graceful shutdown complete
2026-03-09T19:48:32.290-04:00  INFO 10472 --- [Thread-4] j.LocalContainerEntityManagerFactoryBean : Closing JPA EntityManagerFactory for persistence unit 'default'
2026-03-09T19:48:32.295-04:00  INFO 10472 --- [Thread-4] com.zaxxer.hikari.HikariDataSource       : HikariPool-1 - Shutdown initiated...
2026-03-09T19:48:32.304-04:00  INFO 10472 --- [Thread-4] com.zaxxer.hikari.HikariDataSource       : HikariPool-1 - Shutdown completed.
2026-03-09T19:48:32.402-04:00  INFO 10472 --- [restartedMain] com.truckoptimization.Main               : Starting Main using Java 17.0.12 with PID 10472 (C:\Programming\Java\TuckOptimaization\truck-routing\target\classes started by lukem in C:\Programming\Java\TuckOptimaization)
2026-03-09T19:48:32.403-04:00  INFO 10472 --- [restartedMain] com.truckoptimization.Main               : No active profile set, falling back to 1 default profile: "default"
2026-03-09T19:48:32.855-04:00  INFO 10472 --- [restartedMain] .s.d.r.c.RepositoryConfigurationDelegate : Multiple Spring Data modules found, entering strict repository configuration mode
2026-03-09T19:48:32.855-04:00  INFO 10472 --- [restartedMain] .s.d.r.c.RepositoryConfigurationDelegate : Bootstrapping Spring Data JPA repositories in DEFAULT mode.
2026-03-09T19:48:32.882-04:00  INFO 10472 --- [restartedMain] .RepositoryConfigurationExtensionSupport : Spring Data JPA - Could not safely identify store assignment for repository candidate interface com.truckoptimization.dto.database.nosql.feature.compiledRouteResult.CompiledRouteResultRepository; If you want this repository to be a JPA repository, consider annotating your entities with one of these annotations: jakarta.persistence.Entity, jakarta.persistence.MappedSuperclass (preferred), or consider extending one of the following types with your repository: org.springframework.data.jpa.repository.JpaRepository
2026-03-09T19:48:32.886-04:00  INFO 10472 --- [restartedMain] .RepositoryConfigurationExtensionSupport : Spring Data JPA - Could not safely identify store assignment for repository candidate interface com.truckoptimization.dto.database.nosql.feature.matrixCache.MatrixRepository; If you want this repository to be a JPA repository, consider annotating your entities with one of these annotations: jakarta.persistence.Entity, jakarta.persistence.MappedSuperclass (preferred), or consider extending one of the following types with your repository: org.springframework.data.jpa.repository.JpaRepository
2026-03-09T19:48:32.928-04:00  INFO 10472 --- [restartedMain] .s.d.r.c.RepositoryConfigurationDelegate : Finished Spring Data repository scanning in 71 ms. Found 2 JPA repository interfaces.
2026-03-09T19:48:33.080-04:00  INFO 10472 --- [restartedMain] .s.d.r.c.RepositoryConfigurationDelegate : Multiple Spring Data modules found, entering strict repository configuration mode
2026-03-09T19:48:33.081-04:00  INFO 10472 --- [restartedMain] .s.d.r.c.RepositoryConfigurationDelegate : Bootstrapping Spring Data MongoDB repositories in DEFAULT mode.
2026-03-09T19:48:33.129-04:00  INFO 10472 --- [restartedMain] .RepositoryConfigurationExtensionSupport : Spring Data MongoDB - Could not safely identify store assignment for repository candidate interface com.truckoptimization.dto.database.sql.features.location.LocationEntityRepository; If you want this repository to be a MongoDB repository, consider annotating your entities with one of these annotations: org.springframework.data.mongodb.core.mapping.Document (preferred), or consider extending one of the following types with your repository: org.springframework.data.mongodb.repository.MongoRepository
2026-03-09T19:48:33.130-04:00  INFO 10472 --- [restartedMain] .RepositoryConfigurationExtensionSupport : Spring Data MongoDB - Could not safely identify store assignment for repository candidate interface com.truckoptimization.dto.location.LocationRepository; If you want this repository to be a MongoDB repository, consider annotating your entities with one of these annotations: org.springframework.data.mongodb.core.mapping.Document (preferred), or consider extending one of the following types with your repository: org.springframework.data.mongodb.repository.MongoRepository
2026-03-09T19:48:33.175-04:00  INFO 10472 --- [restartedMain] .s.d.r.c.RepositoryConfigurationDelegate : Finished Spring Data repository scanning in 93 ms. Found 2 MongoDB repository interfaces.
2026-03-09T19:48:33.385-04:00  INFO 10472 --- [restartedMain] o.s.b.w.embedded.tomcat.TomcatWebServer  : Tomcat initialized with port 80 (http)
2026-03-09T19:48:33.386-04:00  INFO 10472 --- [restartedMain] o.apache.catalina.core.StandardService   : Starting service [Tomcat]
2026-03-09T19:48:33.387-04:00  INFO 10472 --- [restartedMain] o.apache.catalina.core.StandardEngine    : Starting Servlet engine: [Apache Tomcat/10.1.34]
2026-03-09T19:48:33.481-04:00  INFO 10472 --- [restartedMain] o.a.c.c.C.[Tomcat].[localhost].[/]       : Initializing Spring embedded WebApplicationContext
2026-03-09T19:48:33.482-04:00  INFO 10472 --- [restartedMain] w.s.c.ServletWebServerApplicationContext : Root WebApplicationContext: initialization completed in 1076 ms
2026-03-09T19:48:33.632-04:00  INFO 10472 --- [restartedMain] o.hibernate.jpa.internal.util.LogHelper  : HHH000204: Processing PersistenceUnitInfo [name: default]
2026-03-09T19:48:33.637-04:00  INFO 10472 --- [restartedMain] o.h.c.internal.RegionFactoryInitiator    : HHH000026: Second-level cache disabled
2026-03-09T19:48:33.653-04:00  INFO 10472 --- [restartedMain] o.s.o.j.p.SpringPersistenceUnitInfo      : No LoadTimeWeaver setup: ignoring JPA class transformer
2026-03-09T19:48:33.654-04:00  INFO 10472 --- [restartedMain] com.zaxxer.hikari.HikariDataSource       : HikariPool-2 - Starting...
2026-03-09T19:48:33.670-04:00  INFO 10472 --- [restartedMain] com.zaxxer.hikari.pool.HikariPool        : HikariPool-2 - Added connection com.mysql.cj.jdbc.ConnectionImpl@14c1cdf1
2026-03-09T19:48:33.670-04:00  INFO 10472 --- [restartedMain] com.zaxxer.hikari.HikariDataSource       : HikariPool-2 - Start completed.
2026-03-09T19:48:33.672-04:00  WARN 10472 --- [restartedMain] org.hibernate.orm.deprecation            : HHH90000025: MySQLDialect does not need to be specified explicitly using 'hibernate.dialect' (remove the property setting and it will be selected by default)
2026-03-09T19:48:33.672-04:00  INFO 10472 --- [restartedMain] org.hibernate.orm.connections.pooling    : HHH10001005: Database info:
	Database JDBC URL [Connecting through datasource 'HikariDataSource (HikariPool-2)']
	Database driver: undefined/unknown
	Database version: 8.0.40
	Autocommit mode: undefined/unknown
	Isolation level: undefined/unknown
	Minimum pool size: undefined/unknown
	Maximum pool size: undefined/unknown
2026-03-09T19:48:33.720-04:00  INFO 10472 --- [restartedMain] o.h.m.i.EntityInstantiatorPojoStandard   : HHH000182: No default (no-argument) constructor for class: com.truckoptimization.dto.results.RouteResult (class must be instantiated by Interceptor)
2026-03-09T19:48:33.744-04:00  INFO 10472 --- [restartedMain] o.h.e.t.j.p.i.JtaPlatformInitiator       : HHH000489: No JTA platform available (set 'hibernate.transaction.jta.platform' to enable JTA platform integration)
2026-03-09T19:48:33.753-04:00  INFO 10472 --- [restartedMain] j.LocalContainerEntityManagerFactoryBean : Initialized JPA EntityManagerFactory for persistence unit 'default'
2026-03-09T19:48:33.769-04:00  WARN 10472 --- [restartedMain] ConfigServletWebServerApplicationContext : Exception encountered during context initialization - cancelling refresh attempt: org.springframework.beans.factory.BeanCreationException: Error creating bean with name 'distanceToLatLongConvertor' defined in file [C:\Programming\Java\TuckOptimaization\truck-routing\target\classes\com\truckoptimization\task\api\geocodeMapsApi\DistanceToLatLongConvertor.class]: Unexpected exception during bean creation
2026-03-09T19:48:33.769-04:00  INFO 10472 --- [restartedMain] j.LocalContainerEntityManagerFactoryBean : Closing JPA EntityManagerFactory for persistence unit 'default'
2026-03-09T19:48:33.770-04:00  INFO 10472 --- [restartedMain] com.zaxxer.hikari.HikariDataSource       : HikariPool-2 - Shutdown initiated...
2026-03-09T19:48:33.771-04:00  INFO 10472 --- [restartedMain] com.zaxxer.hikari.HikariDataSource       : HikariPool-2 - Shutdown completed.
2026-03-09T19:48:33.772-04:00  INFO 10472 --- [restartedMain] o.apache.catalina.core.StandardService   : Stopping service [Tomcat]
2026-03-09T19:48:33.780-04:00  INFO 10472 --- [restartedMain] .s.b.a.l.ConditionEvaluationReportLogger : 

Error starting ApplicationContext. To display the condition evaluation report re-run your application with 'debug' enabled.
2026-03-09T19:48:33.810-04:00 ERROR 10472 --- [restartedMain] o.s.boot.SpringApplication               : Application run failed

org.springframework.beans.factory.BeanCreationException: Error creating bean with name 'distanceToLatLongConvertor' defined in file [C:\Programming\Java\TuckOptimaization\truck-routing\target\classes\com\truckoptimization\task\api\geocodeMapsApi\DistanceToLatLongConvertor.class]: Unexpected exception during bean creation
	at org.springframework.beans.factory.support.AbstractAutowireCapableBeanFactory.createBean(AbstractAutowireCapableBeanFactory.java:536) ~[spring-beans-6.2.1.jar:6.2.1]
	at org.springframework.beans.factory.support.AbstractBeanFactory.lambda$doGetBean$0(AbstractBeanFactory.java:336) ~[spring-beans-6.2.1.jar:6.2.1]
	at org.springframework.beans.factory.support.DefaultSingletonBeanRegistry.getSingleton(DefaultSingletonBeanRegistry.java:289) ~[spring-beans-6.2.1.jar:6.2.1]
	at org.springframework.beans.factory.support.AbstractBeanFactory.doGetBean(AbstractBeanFactory.java:334) ~[spring-beans-6.2.1.jar:6.2.1]
	at org.springframework.beans.factory.support.AbstractBeanFactory.getBean(AbstractBeanFactory.java:199) ~[spring-beans-6.2.1.jar:6.2.1]
	at org.springframework.beans.factory.support.DefaultListableBeanFactory.instantiateSingleton(DefaultListableBeanFactory.java:1122) ~[spring-beans-6.2.1.jar:6.2.1]
	at org.springframework.beans.factory.support.DefaultListableBeanFactory.preInstantiateSingleton(DefaultListableBeanFactory.java:1093) ~[spring-beans-6.2.1.jar:6.2.1]
	at org.springframework.beans.factory.support.DefaultListableBeanFactory.preInstantiateSingletons(DefaultListableBeanFactory.java:1030) ~[spring-beans-6.2.1.jar:6.2.1]
	at org.springframework.context.support.AbstractApplicationContext.finishBeanFactoryInitialization(AbstractApplicationContext.java:987) ~[spring-context-6.2.1.jar:6.2.1]
	at org.springframework.context.support.AbstractApplicationContext.refresh(AbstractApplicationContext.java:627) ~[spring-context-6.2.1.jar:6.2.1]
	at org.springframework.boot.web.servlet.context.ServletWebServerApplicationContext.refresh(ServletWebServerApplicationContext.java:146) ~[spring-boot-3.4.1.jar:3.4.1]
	at org.springframework.boot.SpringApplication.refresh(SpringApplication.java:752) ~[spring-boot-3.4.1.jar:3.4.1]
	at org.springframework.boot.SpringApplication.refreshContext(SpringApplication.java:439) ~[spring-boot-3.4.1.jar:3.4.1]
	at org.springframework.boot.SpringApplication.run(SpringApplication.java:318) ~[spring-boot-3.4.1.jar:3.4.1]
	at org.springframework.boot.SpringApplication.run(SpringApplication.java:1361) ~[spring-boot-3.4.1.jar:3.4.1]
	at org.springframework.boot.SpringApplication.run(SpringApplication.java:1350) ~[spring-boot-3.4.1.jar:3.4.1]
	at com.truckoptimization.Main.main(Main.java:27) ~[classes/:na]
	at java.base/jdk.internal.reflect.NativeMethodAccessorImpl.invoke0(Native Method) ~[na:na]
	at java.base/jdk.internal.reflect.NativeMethodAccessorImpl.invoke(NativeMethodAccessorImpl.java:77) ~[na:na]
	at java.base/jdk.internal.reflect.DelegatingMethodAccessorImpl.invoke(DelegatingMethodAccessorImpl.java:43) ~[na:na]
	at java.base/java.lang.reflect.Method.invoke(Method.java:568) ~[na:na]
	at org.springframework.boot.devtools.restart.RestartLauncher.run(RestartLauncher.java:50) ~[spring-boot-devtools-3.4.1.jar:3.4.1]
Caused by: org.springframework.util.PlaceholderResolutionException: Could not resolve placeholder 'GEOMAPS_API_KEY' in value "${GEOMAPS_API_KEY}"
	at org.springframework.util.PlaceholderResolutionException.withValue(PlaceholderResolutionException.java:81) ~[spring-core-6.2.1.jar:6.2.1]
	at org.springframework.util.PlaceholderParser$ParsedValue.resolve(PlaceholderParser.java:416) ~[spring-core-6.2.1.jar:6.2.1]
	at org.springframework.util.PlaceholderParser.replacePlaceholders(PlaceholderParser.java:128) ~[spring-core-6.2.1.jar:6.2.1]
	at org.springframework.util.PropertyPlaceholderHelper.parseStringValue(PropertyPlaceholderHelper.java:118) ~[spring-core-6.2.1.jar:6.2.1]
	at org.springframework.util.PropertyPlaceholderHelper.replacePlaceholders(PropertyPlaceholderHelper.java:114) ~[spring-core-6.2.1.jar:6.2.1]
	at org.springframework.core.env.AbstractPropertyResolver.doResolvePlaceholders(AbstractPropertyResolver.java:255) ~[spring-core-6.2.1.jar:6.2.1]
	at org.springframework.core.env.AbstractPropertyResolver.resolveRequiredPlaceholders(AbstractPropertyResolver.java:226) ~[spring-core-6.2.1.jar:6.2.1]
	at org.springframework.context.support.PropertySourcesPlaceholderConfigurer.lambda$processProperties$0(PropertySourcesPlaceholderConfigurer.java:201) ~[spring-context-6.2.1.jar:6.2.1]
	at org.springframework.beans.factory.support.AbstractBeanFactory.resolveEmbeddedValue(AbstractBeanFactory.java:963) ~[spring-beans-6.2.1.jar:6.2.1]
	at org.springframework.beans.factory.support.DefaultListableBeanFactory.doResolveDependency(DefaultListableBeanFactory.java:1541) ~[spring-beans-6.2.1.jar:6.2.1]
	at org.springframework.beans.factory.support.DefaultListableBeanFactory.resolveDependency(DefaultListableBeanFactory.java:1519) ~[spring-beans-6.2.1.jar:6.2.1]
	at org.springframework.beans.factory.support.ConstructorResolver.resolveAutowiredArgument(ConstructorResolver.java:913) ~[spring-beans-6.2.1.jar:6.2.1]
	at org.springframework.beans.factory.support.ConstructorResolver.createArgumentArray(ConstructorResolver.java:791) ~[spring-beans-6.2.1.jar:6.2.1]
	at org.springframework.beans.factory.support.ConstructorResolver.autowireConstructor(ConstructorResolver.java:240) ~[spring-beans-6.2.1.jar:6.2.1]
	at org.springframework.beans.factory.support.AbstractAutowireCapableBeanFactory.autowireConstructor(AbstractAutowireCapableBeanFactory.java:1377) ~[spring-beans-6.2.1.jar:6.2.1]
	at org.springframework.beans.factory.support.AbstractAutowireCapableBeanFactory.createBeanInstance(AbstractAutowireCapableBeanFactory.java:1214) ~[spring-beans-6.2.1.jar:6.2.1]
	at org.springframework.beans.factory.support.AbstractAutowireCapableBeanFactory.doCreateBean(AbstractAutowireCapableBeanFactory.java:563) ~[spring-beans-6.2.1.jar:6.2.1]
	at org.springframework.beans.factory.support.AbstractAutowireCapableBeanFactory.createBean(AbstractAutowireCapableBeanFactory.java:523) ~[spring-beans-6.2.1.jar:6.2.1]
	... 21 common frames omitted

2026-03-09T19:48:40.810-04:00  INFO 10472 --- [restartedMain] com.truckoptimization.Main               : Starting Main using Java 17.0.12 with PID 10472 (C:\Programming\Java\TuckOptimaization\truck-routing\target\classes started by lukem in C:\Programming\Java\TuckOptimaization)
2026-03-09T19:48:40.811-04:00  INFO 10472 --- [restartedMain] com.truckoptimization.Main               : No active profile set, falling back to 1 default profile: "default"
2026-03-09T19:48:41.204-04:00  INFO 10472 --- [restartedMain] .s.d.r.c.RepositoryConfigurationDelegate : Multiple Spring Data modules found, entering strict repository configuration mode
2026-03-09T19:48:41.205-04:00  INFO 10472 --- [restartedMain] .s.d.r.c.RepositoryConfigurationDelegate : Bootstrapping Spring Data JPA repositories in DEFAULT mode.
2026-03-09T19:48:41.230-04:00  INFO 10472 --- [restartedMain] .RepositoryConfigurationExtensionSupport : Spring Data JPA - Could not safely identify store assignment for repository candidate interface com.truckoptimization.dto.database.nosql.feature.compiledRouteResult.CompiledRouteResultRepository; If you want this repository to be a JPA repository, consider annotating your entities with one of these annotations: jakarta.persistence.Entity, jakarta.persistence.MappedSuperclass (preferred), or consider extending one of the following types with your repository: org.springframework.data.jpa.repository.JpaRepository
2026-03-09T19:48:41.234-04:00  INFO 10472 --- [restartedMain] .RepositoryConfigurationExtensionSupport : Spring Data JPA - Could not safely identify store assignment for repository candidate interface com.truckoptimization.dto.database.nosql.feature.matrixCache.MatrixRepository; If you want this repository to be a JPA repository, consider annotating your entities with one of these annotations: jakarta.persistence.Entity, jakarta.persistence.MappedSuperclass (preferred), or consider extending one of the following types with your repository: org.springframework.data.jpa.repository.JpaRepository
2026-03-09T19:48:41.263-04:00  INFO 10472 --- [restartedMain] .s.d.r.c.RepositoryConfigurationDelegate : Finished Spring Data repository scanning in 56 ms. Found 2 JPA repository interfaces.
2026-03-09T19:48:41.352-04:00  INFO 10472 --- [restartedMain] .s.d.r.c.RepositoryConfigurationDelegate : Multiple Spring Data modules found, entering strict repository configuration mode
2026-03-09T19:48:41.352-04:00  INFO 10472 --- [restartedMain] .s.d.r.c.RepositoryConfigurationDelegate : Bootstrapping Spring Data MongoDB repositories in DEFAULT mode.
2026-03-09T19:48:41.394-04:00  INFO 10472 --- [restartedMain] .RepositoryConfigurationExtensionSupport : Spring Data MongoDB - Could not safely identify store assignment for repository candidate interface com.truckoptimization.dto.database.sql.features.location.LocationEntityRepository; If you want this repository to be a MongoDB repository, consider annotating your entities with one of these annotations: org.springframework.data.mongodb.core.mapping.Document (preferred), or consider extending one of the following types with your repository: org.springframework.data.mongodb.repository.MongoRepository
2026-03-09T19:48:41.395-04:00  INFO 10472 --- [restartedMain] .RepositoryConfigurationExtensionSupport : Spring Data MongoDB - Could not safely identify store assignment for repository candidate interface com.truckoptimization.dto.location.LocationRepository; If you want this repository to be a MongoDB repository, consider annotating your entities with one of these annotations: org.springframework.data.mongodb.core.mapping.Document (preferred), or consider extending one of the following types with your repository: org.springframework.data.mongodb.repository.MongoRepository
2026-03-09T19:48:41.431-04:00  INFO 10472 --- [restartedMain] .s.d.r.c.RepositoryConfigurationDelegate : Finished Spring Data repository scanning in 78 ms. Found 2 MongoDB repository interfaces.
2026-03-09T19:48:41.593-04:00  INFO 10472 --- [restartedMain] o.s.b.w.embedded.tomcat.TomcatWebServer  : Tomcat initialized with port 80 (http)
2026-03-09T19:48:41.594-04:00  INFO 10472 --- [restartedMain] o.apache.catalina.core.StandardService   : Starting service [Tomcat]
2026-03-09T19:48:41.595-04:00  INFO 10472 --- [restartedMain] o.apache.catalina.core.StandardEngine    : Starting Servlet engine: [Apache Tomcat/10.1.34]
2026-03-09T19:48:41.663-04:00  INFO 10472 --- [restartedMain] o.a.c.c.C.[Tomcat-1].[localhost].[/]     : Initializing Spring embedded WebApplicationContext
2026-03-09T19:48:41.663-04:00  INFO 10472 --- [restartedMain] w.s.c.ServletWebServerApplicationContext : Root WebApplicationContext: initialization completed in 849 ms
2026-03-09T19:48:41.817-04:00  INFO 10472 --- [restartedMain] o.hibernate.jpa.internal.util.LogHelper  : HHH000204: Processing PersistenceUnitInfo [name: default]
2026-03-09T19:48:41.823-04:00  INFO 10472 --- [restartedMain] o.h.c.internal.RegionFactoryInitiator    : HHH000026: Second-level cache disabled
2026-03-09T19:48:41.836-04:00  INFO 10472 --- [restartedMain] o.s.o.j.p.SpringPersistenceUnitInfo      : No LoadTimeWeaver setup: ignoring JPA class transformer
2026-03-09T19:48:41.837-04:00  INFO 10472 --- [restartedMain] com.zaxxer.hikari.HikariDataSource       : HikariPool-3 - Starting...
2026-03-09T19:48:41.850-04:00  INFO 10472 --- [restartedMain] com.zaxxer.hikari.pool.HikariPool        : HikariPool-3 - Added connection com.mysql.cj.jdbc.ConnectionImpl@694f1f5f
2026-03-09T19:48:41.851-04:00  INFO 10472 --- [restartedMain] com.zaxxer.hikari.HikariDataSource       : HikariPool-3 - Start completed.
2026-03-09T19:48:41.854-04:00  WARN 10472 --- [restartedMain] org.hibernate.orm.deprecation            : HHH90000025: MySQLDialect does not need to be specified explicitly using 'hibernate.dialect' (remove the property setting and it will be selected by default)
2026-03-09T19:48:41.855-04:00  INFO 10472 --- [restartedMain] org.hibernate.orm.connections.pooling    : HHH10001005: Database info:
	Database JDBC URL [Connecting through datasource 'HikariDataSource (HikariPool-3)']
	Database driver: undefined/unknown
	Database version: 8.0.40
	Autocommit mode: undefined/unknown
	Isolation level: undefined/unknown
	Minimum pool size: undefined/unknown
	Maximum pool size: undefined/unknown
2026-03-09T19:48:41.899-04:00  INFO 10472 --- [restartedMain] o.h.m.i.EntityInstantiatorPojoStandard   : HHH000182: No default (no-argument) constructor for class: com.truckoptimization.dto.results.RouteResult (class must be instantiated by Interceptor)
2026-03-09T19:48:41.928-04:00  INFO 10472 --- [restartedMain] o.h.e.t.j.p.i.JtaPlatformInitiator       : HHH000489: No JTA platform available (set 'hibernate.transaction.jta.platform' to enable JTA platform integration)
2026-03-09T19:48:41.936-04:00  INFO 10472 --- [restartedMain] j.LocalContainerEntityManagerFactoryBean : Initialized JPA EntityManagerFactory for persistence unit 'default'
2026-03-09T19:48:41.950-04:00  WARN 10472 --- [restartedMain] ConfigServletWebServerApplicationContext : Exception encountered during context initialization - cancelling refresh attempt: org.springframework.beans.factory.BeanCreationException: Error creating bean with name 'distanceToLatLongConvertor' defined in file [C:\Programming\Java\TuckOptimaization\truck-routing\target\classes\com\truckoptimization\task\api\geocodeMapsApi\DistanceToLatLongConvertor.class]: Unexpected exception during bean creation
2026-03-09T19:48:41.951-04:00  INFO 10472 --- [restartedMain] j.LocalContainerEntityManagerFactoryBean : Closing JPA EntityManagerFactory for persistence unit 'default'
2026-03-09T19:48:41.951-04:00  INFO 10472 --- [restartedMain] com.zaxxer.hikari.HikariDataSource       : HikariPool-3 - Shutdown initiated...
2026-03-09T19:48:41.952-04:00  INFO 10472 --- [restartedMain] com.zaxxer.hikari.HikariDataSource       : HikariPool-3 - Shutdown completed.
2026-03-09T19:48:41.953-04:00  INFO 10472 --- [restartedMain] o.apache.catalina.core.StandardService   : Stopping service [Tomcat]
2026-03-09T19:48:41.960-04:00  INFO 10472 --- [restartedMain] .s.b.a.l.ConditionEvaluationReportLogger : 

Error starting ApplicationContext. To display the condition evaluation report re-run your application with 'debug' enabled.
2026-03-09T19:48:41.965-04:00 ERROR 10472 --- [restartedMain] o.s.boot.SpringApplication               : Application run failed

org.springframework.beans.factory.BeanCreationException: Error creating bean with name 'distanceToLatLongConvertor' defined in file [C:\Programming\Java\TuckOptimaization\truck-routing\target\classes\com\truckoptimization\task\api\geocodeMapsApi\DistanceToLatLongConvertor.class]: Unexpected exception during bean creation
	at org.springframework.beans.factory.support.AbstractAutowireCapableBeanFactory.createBean(AbstractAutowireCapableBeanFactory.java:536) ~[spring-beans-6.2.1.jar:6.2.1]
	at org.springframework.beans.factory.support.AbstractBeanFactory.lambda$doGetBean$0(AbstractBeanFactory.java:336) ~[spring-beans-6.2.1.jar:6.2.1]
	at org.springframework.beans.factory.support.DefaultSingletonBeanRegistry.getSingleton(DefaultSingletonBeanRegistry.java:289) ~[spring-beans-6.2.1.jar:6.2.1]
	at org.springframework.beans.factory.support.AbstractBeanFactory.doGetBean(AbstractBeanFactory.java:334) ~[spring-beans-6.2.1.jar:6.2.1]
	at org.springframework.beans.factory.support.AbstractBeanFactory.getBean(AbstractBeanFactory.java:199) ~[spring-beans-6.2.1.jar:6.2.1]
	at org.springframework.beans.factory.support.DefaultListableBeanFactory.instantiateSingleton(DefaultListableBeanFactory.java:1122) ~[spring-beans-6.2.1.jar:6.2.1]
	at org.springframework.beans.factory.support.DefaultListableBeanFactory.preInstantiateSingleton(DefaultListableBeanFactory.java:1093) ~[spring-beans-6.2.1.jar:6.2.1]
	at org.springframework.beans.factory.support.DefaultListableBeanFactory.preInstantiateSingletons(DefaultListableBeanFactory.java:1030) ~[spring-beans-6.2.1.jar:6.2.1]
	at org.springframework.context.support.AbstractApplicationContext.finishBeanFactoryInitialization(AbstractApplicationContext.java:987) ~[spring-context-6.2.1.jar:6.2.1]
	at org.springframework.context.support.AbstractApplicationContext.refresh(AbstractApplicationContext.java:627) ~[spring-context-6.2.1.jar:6.2.1]
	at org.springframework.boot.web.servlet.context.ServletWebServerApplicationContext.refresh(ServletWebServerApplicationContext.java:146) ~[spring-boot-3.4.1.jar:3.4.1]
	at org.springframework.boot.SpringApplication.refresh(SpringApplication.java:752) ~[spring-boot-3.4.1.jar:3.4.1]
	at org.springframework.boot.SpringApplication.refreshContext(SpringApplication.java:439) ~[spring-boot-3.4.1.jar:3.4.1]
	at org.springframework.boot.SpringApplication.run(SpringApplication.java:318) ~[spring-boot-3.4.1.jar:3.4.1]
	at org.springframework.boot.SpringApplication.run(SpringApplication.java:1361) ~[spring-boot-3.4.1.jar:3.4.1]
	at org.springframework.boot.SpringApplication.run(SpringApplication.java:1350) ~[spring-boot-3.4.1.jar:3.4.1]
	at com.truckoptimization.Main.main(Main.java:27) ~[classes/:na]
	at java.base/jdk.internal.reflect.NativeMethodAccessorImpl.invoke0(Native Method) ~[na:na]
	at java.base/jdk.internal.reflect.NativeMethodAccessorImpl.invoke(NativeMethodAccessorImpl.java:77) ~[na:na]
	at java.base/jdk.internal.reflect.DelegatingMethodAccessorImpl.invoke(DelegatingMethodAccessorImpl.java:43) ~[na:na]
	at java.base/java.lang.reflect.Method.invoke(Method.java:568) ~[na:na]
	at org.springframework.boot.devtools.restart.RestartLauncher.run(RestartLauncher.java:50) ~[spring-boot-devtools-3.4.1.jar:3.4.1]
Caused by: org.springframework.util.PlaceholderResolutionException: Could not resolve placeholder 'GEOMAPS_API_KEY' in value "${GEOMAPS_API_KEY}"
	at org.springframework.util.PlaceholderResolutionException.withValue(PlaceholderResolutionException.java:81) ~[spring-core-6.2.1.jar:6.2.1]
	at org.springframework.util.PlaceholderParser$ParsedValue.resolve(PlaceholderParser.java:416) ~[spring-core-6.2.1.jar:6.2.1]
	at org.springframework.util.PlaceholderParser.replacePlaceholders(PlaceholderParser.java:128) ~[spring-core-6.2.1.jar:6.2.1]
	at org.springframework.util.PropertyPlaceholderHelper.parseStringValue(PropertyPlaceholderHelper.java:118) ~[spring-core-6.2.1.jar:6.2.1]
	at org.springframework.util.PropertyPlaceholderHelper.replacePlaceholders(PropertyPlaceholderHelper.java:114) ~[spring-core-6.2.1.jar:6.2.1]
	at org.springframework.core.env.AbstractPropertyResolver.doResolvePlaceholders(AbstractPropertyResolver.java:255) ~[spring-core-6.2.1.jar:6.2.1]
	at org.springframework.core.env.AbstractPropertyResolver.resolveRequiredPlaceholders(AbstractPropertyResolver.java:226) ~[spring-core-6.2.1.jar:6.2.1]
	at org.springframework.context.support.PropertySourcesPlaceholderConfigurer.lambda$processProperties$0(PropertySourcesPlaceholderConfigurer.java:201) ~[spring-context-6.2.1.jar:6.2.1]
	at org.springframework.beans.factory.support.AbstractBeanFactory.resolveEmbeddedValue(AbstractBeanFactory.java:963) ~[spring-beans-6.2.1.jar:6.2.1]
	at org.springframework.beans.factory.support.DefaultListableBeanFactory.doResolveDependency(DefaultListableBeanFactory.java:1541) ~[spring-beans-6.2.1.jar:6.2.1]
	at org.springframework.beans.factory.support.DefaultListableBeanFactory.resolveDependency(DefaultListableBeanFactory.java:1519) ~[spring-beans-6.2.1.jar:6.2.1]
	at org.springframework.beans.factory.support.ConstructorResolver.resolveAutowiredArgument(ConstructorResolver.java:913) ~[spring-beans-6.2.1.jar:6.2.1]
	at org.springframework.beans.factory.support.ConstructorResolver.createArgumentArray(ConstructorResolver.java:791) ~[spring-beans-6.2.1.jar:6.2.1]
	at org.springframework.beans.factory.support.ConstructorResolver.autowireConstructor(ConstructorResolver.java:240) ~[spring-beans-6.2.1.jar:6.2.1]
	at org.springframework.beans.factory.support.AbstractAutowireCapableBeanFactory.autowireConstructor(AbstractAutowireCapableBeanFactory.java:1377) ~[spring-beans-6.2.1.jar:6.2.1]
	at org.springframework.beans.factory.support.AbstractAutowireCapableBeanFactory.createBeanInstance(AbstractAutowireCapableBeanFactory.java:1214) ~[spring-beans-6.2.1.jar:6.2.1]
	at org.springframework.beans.factory.support.AbstractAutowireCapableBeanFactory.doCreateBean(AbstractAutowireCapableBeanFactory.java:563) ~[spring-beans-6.2.1.jar:6.2.1]
	at org.springframework.beans.factory.support.AbstractAutowireCapableBeanFactory.createBean(AbstractAutowireCapableBeanFactory.java:523) ~[spring-beans-6.2.1.jar:6.2.1]
	... 21 common frames omitted

2026-03-09T19:49:57.986-04:00  INFO 10472 --- [restartedMain] com.truckoptimization.Main               : Starting Main using Java 17.0.12 with PID 10472 (C:\Programming\Java\TuckOptimaization\truck-routing\target\classes started by lukem in C:\Programming\Java\TuckOptimaization)
2026-03-09T19:49:57.987-04:00  INFO 10472 --- [restartedMain] com.truckoptimization.Main               : No active profile set, falling back to 1 default profile: "default"
2026-03-09T19:49:58.351-04:00  INFO 10472 --- [restartedMain] .s.d.r.c.RepositoryConfigurationDelegate : Multiple Spring Data modules found, entering strict repository configuration mode
2026-03-09T19:49:58.352-04:00  INFO 10472 --- [restartedMain] .s.d.r.c.RepositoryConfigurationDelegate : Bootstrapping Spring Data JPA repositories in DEFAULT mode.
2026-03-09T19:49:58.378-04:00  INFO 10472 --- [restartedMain] .RepositoryConfigurationExtensionSupport : Spring Data JPA - Could not safely identify store assignment for repository candidate interface com.truckoptimization.dto.database.nosql.feature.compiledRouteResult.CompiledRouteResultRepository; If you want this repository to be a JPA repository, consider annotating your entities with one of these annotations: jakarta.persistence.Entity, jakarta.persistence.MappedSuperclass (preferred), or consider extending one of the following types with your repository: org.springframework.data.jpa.repository.JpaRepository
2026-03-09T19:49:58.381-04:00  INFO 10472 --- [restartedMain] .RepositoryConfigurationExtensionSupport : Spring Data JPA - Could not safely identify store assignment for repository candidate interface com.truckoptimization.dto.database.nosql.feature.matrixCache.MatrixRepository; If you want this repository to be a JPA repository, consider annotating your entities with one of these annotations: jakarta.persistence.Entity, jakarta.persistence.MappedSuperclass (preferred), or consider extending one of the following types with your repository: org.springframework.data.jpa.repository.JpaRepository
2026-03-09T19:49:58.411-04:00  INFO 10472 --- [restartedMain] .s.d.r.c.RepositoryConfigurationDelegate : Finished Spring Data repository scanning in 58 ms. Found 2 JPA repository interfaces.
2026-03-09T19:49:58.509-04:00  INFO 10472 --- [restartedMain] .s.d.r.c.RepositoryConfigurationDelegate : Multiple Spring Data modules found, entering strict repository configuration mode
2026-03-09T19:49:58.509-04:00  INFO 10472 --- [restartedMain] .s.d.r.c.RepositoryConfigurationDelegate : Bootstrapping Spring Data MongoDB repositories in DEFAULT mode.
2026-03-09T19:49:58.544-04:00  INFO 10472 --- [restartedMain] .RepositoryConfigurationExtensionSupport : Spring Data MongoDB - Could not safely identify store assignment for repository candidate interface com.truckoptimization.dto.database.sql.features.location.LocationEntityRepository; If you want this repository to be a MongoDB repository, consider annotating your entities with one of these annotations: org.springframework.data.mongodb.core.mapping.Document (preferred), or consider extending one of the following types with your repository: org.springframework.data.mongodb.repository.MongoRepository
2026-03-09T19:49:58.545-04:00  INFO 10472 --- [restartedMain] .RepositoryConfigurationExtensionSupport : Spring Data MongoDB - Could not safely identify store assignment for repository candidate interface com.truckoptimization.dto.location.LocationRepository; If you want this repository to be a MongoDB repository, consider annotating your entities with one of these annotations: org.springframework.data.mongodb.core.mapping.Document (preferred), or consider extending one of the following types with your repository: org.springframework.data.mongodb.repository.MongoRepository
2026-03-09T19:49:58.583-04:00  INFO 10472 --- [restartedMain] .s.d.r.c.RepositoryConfigurationDelegate : Finished Spring Data repository scanning in 72 ms. Found 2 MongoDB repository interfaces.
2026-03-09T19:49:58.734-04:00  INFO 10472 --- [restartedMain] o.s.b.w.embedded.tomcat.TomcatWebServer  : Tomcat initialized with port 80 (http)
2026-03-09T19:49:58.735-04:00  INFO 10472 --- [restartedMain] o.apache.catalina.core.StandardService   : Starting service [Tomcat]
2026-03-09T19:49:58.735-04:00  INFO 10472 --- [restartedMain] o.apache.catalina.core.StandardEngine    : Starting Servlet engine: [Apache Tomcat/10.1.34]
2026-03-09T19:49:58.809-04:00  INFO 10472 --- [restartedMain] o.a.c.c.C.[Tomcat-2].[localhost].[/]     : Initializing Spring embedded WebApplicationContext
2026-03-09T19:49:58.809-04:00  INFO 10472 --- [restartedMain] w.s.c.ServletWebServerApplicationContext : Root WebApplicationContext: initialization completed in 820 ms
2026-03-09T19:49:58.956-04:00  INFO 10472 --- [restartedMain] o.hibernate.jpa.internal.util.LogHelper  : HHH000204: Processing PersistenceUnitInfo [name: default]
2026-03-09T19:49:58.961-04:00  INFO 10472 --- [restartedMain] o.h.c.internal.RegionFactoryInitiator    : HHH000026: Second-level cache disabled
2026-03-09T19:49:58.975-04:00  INFO 10472 --- [restartedMain] o.s.o.j.p.SpringPersistenceUnitInfo      : No LoadTimeWeaver setup: ignoring JPA class transformer
2026-03-09T19:49:58.976-04:00  INFO 10472 --- [restartedMain] com.zaxxer.hikari.HikariDataSource       : HikariPool-4 - Starting...
2026-03-09T19:49:58.991-04:00  INFO 10472 --- [restartedMain] com.zaxxer.hikari.pool.HikariPool        : HikariPool-4 - Added connection com.mysql.cj.jdbc.ConnectionImpl@242e58b8
2026-03-09T19:49:58.992-04:00  INFO 10472 --- [restartedMain] com.zaxxer.hikari.HikariDataSource       : HikariPool-4 - Start completed.
2026-03-09T19:49:58.993-04:00  WARN 10472 --- [restartedMain] org.hibernate.orm.deprecation            : HHH90000025: MySQLDialect does not need to be specified explicitly using 'hibernate.dialect' (remove the property setting and it will be selected by default)
2026-03-09T19:49:58.994-04:00  INFO 10472 --- [restartedMain] org.hibernate.orm.connections.pooling    : HHH10001005: Database info:
	Database JDBC URL [Connecting through datasource 'HikariDataSource (HikariPool-4)']
	Database driver: undefined/unknown
	Database version: 8.0.40
	Autocommit mode: undefined/unknown
	Isolation level: undefined/unknown
	Minimum pool size: undefined/unknown
	Maximum pool size: undefined/unknown
2026-03-09T19:49:59.040-04:00  INFO 10472 --- [restartedMain] o.h.m.i.EntityInstantiatorPojoStandard   : HHH000182: No default (no-argument) constructor for class: com.truckoptimization.dto.results.RouteResult (class must be instantiated by Interceptor)
2026-03-09T19:49:59.061-04:00  INFO 10472 --- [restartedMain] o.h.e.t.j.p.i.JtaPlatformInitiator       : HHH000489: No JTA platform available (set 'hibernate.transaction.jta.platform' to enable JTA platform integration)
2026-03-09T19:49:59.071-04:00  INFO 10472 --- [restartedMain] j.LocalContainerEntityManagerFactoryBean : Initialized JPA EntityManagerFactory for persistence unit 'default'
2026-03-09T19:49:59.082-04:00  WARN 10472 --- [restartedMain] ConfigServletWebServerApplicationContext : Exception encountered during context initialization - cancelling refresh attempt: org.springframework.beans.factory.BeanCreationException: Error creating bean with name 'distanceToLatLongConvertor' defined in file [C:\Programming\Java\TuckOptimaization\truck-routing\target\classes\com\truckoptimization\task\api\geocodeMapsApi\DistanceToLatLongConvertor.class]: Unexpected exception during bean creation
2026-03-09T19:49:59.082-04:00  INFO 10472 --- [restartedMain] j.LocalContainerEntityManagerFactoryBean : Closing JPA EntityManagerFactory for persistence unit 'default'
2026-03-09T19:49:59.082-04:00  INFO 10472 --- [restartedMain] com.zaxxer.hikari.HikariDataSource       : HikariPool-4 - Shutdown initiated...
2026-03-09T19:49:59.084-04:00  INFO 10472 --- [restartedMain] com.zaxxer.hikari.HikariDataSource       : HikariPool-4 - Shutdown completed.
2026-03-09T19:49:59.084-04:00  INFO 10472 --- [restartedMain] o.apache.catalina.core.StandardService   : Stopping service [Tomcat]
2026-03-09T19:49:59.090-04:00  INFO 10472 --- [restartedMain] .s.b.a.l.ConditionEvaluationReportLogger : 

Error starting ApplicationContext. To display the condition evaluation report re-run your application with 'debug' enabled.
2026-03-09T19:49:59.094-04:00 ERROR 10472 --- [restartedMain] o.s.boot.SpringApplication               : Application run failed

org.springframework.beans.factory.BeanCreationException: Error creating bean with name 'distanceToLatLongConvertor' defined in file [C:\Programming\Java\TuckOptimaization\truck-routing\target\classes\com\truckoptimization\task\api\geocodeMapsApi\DistanceToLatLongConvertor.class]: Unexpected exception during bean creation
	at org.springframework.beans.factory.support.AbstractAutowireCapableBeanFactory.createBean(AbstractAutowireCapableBeanFactory.java:536) ~[spring-beans-6.2.1.jar:6.2.1]
	at org.springframework.beans.factory.support.AbstractBeanFactory.lambda$doGetBean$0(AbstractBeanFactory.java:336) ~[spring-beans-6.2.1.jar:6.2.1]
	at org.springframework.beans.factory.support.DefaultSingletonBeanRegistry.getSingleton(DefaultSingletonBeanRegistry.java:289) ~[spring-beans-6.2.1.jar:6.2.1]
	at org.springframework.beans.factory.support.AbstractBeanFactory.doGetBean(AbstractBeanFactory.java:334) ~[spring-beans-6.2.1.jar:6.2.1]
	at org.springframework.beans.factory.support.AbstractBeanFactory.getBean(AbstractBeanFactory.java:199) ~[spring-beans-6.2.1.jar:6.2.1]
	at org.springframework.beans.factory.support.DefaultListableBeanFactory.instantiateSingleton(DefaultListableBeanFactory.java:1122) ~[spring-beans-6.2.1.jar:6.2.1]
	at org.springframework.beans.factory.support.DefaultListableBeanFactory.preInstantiateSingleton(DefaultListableBeanFactory.java:1093) ~[spring-beans-6.2.1.jar:6.2.1]
	at org.springframework.beans.factory.support.DefaultListableBeanFactory.preInstantiateSingletons(DefaultListableBeanFactory.java:1030) ~[spring-beans-6.2.1.jar:6.2.1]
	at org.springframework.context.support.AbstractApplicationContext.finishBeanFactoryInitialization(AbstractApplicationContext.java:987) ~[spring-context-6.2.1.jar:6.2.1]
	at org.springframework.context.support.AbstractApplicationContext.refresh(AbstractApplicationContext.java:627) ~[spring-context-6.2.1.jar:6.2.1]
	at org.springframework.boot.web.servlet.context.ServletWebServerApplicationContext.refresh(ServletWebServerApplicationContext.java:146) ~[spring-boot-3.4.1.jar:3.4.1]
	at org.springframework.boot.SpringApplication.refresh(SpringApplication.java:752) ~[spring-boot-3.4.1.jar:3.4.1]
	at org.springframework.boot.SpringApplication.refreshContext(SpringApplication.java:439) ~[spring-boot-3.4.1.jar:3.4.1]
	at org.springframework.boot.SpringApplication.run(SpringApplication.java:318) ~[spring-boot-3.4.1.jar:3.4.1]
	at org.springframework.boot.SpringApplication.run(SpringApplication.java:1361) ~[spring-boot-3.4.1.jar:3.4.1]
	at org.springframework.boot.SpringApplication.run(SpringApplication.java:1350) ~[spring-boot-3.4.1.jar:3.4.1]
	at com.truckoptimization.Main.main(Main.java:27) ~[classes/:na]
	at java.base/jdk.internal.reflect.NativeMethodAccessorImpl.invoke0(Native Method) ~[na:na]
	at java.base/jdk.internal.reflect.NativeMethodAccessorImpl.invoke(NativeMethodAccessorImpl.java:77) ~[na:na]
	at java.base/jdk.internal.reflect.DelegatingMethodAccessorImpl.invoke(DelegatingMethodAccessorImpl.java:43) ~[na:na]
	at java.base/java.lang.reflect.Method.invoke(Method.java:568) ~[na:na]
	at org.springframework.boot.devtools.restart.RestartLauncher.run(RestartLauncher.java:50) ~[spring-boot-devtools-3.4.1.jar:3.4.1]
Caused by: org.springframework.util.PlaceholderResolutionException: Could not resolve placeholder 'GEOMAPS_API_KEY' in value "${GEOMAPS_API_KEY}"
	at org.springframework.util.PlaceholderResolutionException.withValue(PlaceholderResolutionException.java:81) ~[spring-core-6.2.1.jar:6.2.1]
	at org.springframework.util.PlaceholderParser$ParsedValue.resolve(PlaceholderParser.java:416) ~[spring-core-6.2.1.jar:6.2.1]
	at org.springframework.util.PlaceholderParser.replacePlaceholders(PlaceholderParser.java:128) ~[spring-core-6.2.1.jar:6.2.1]
	at org.springframework.util.PropertyPlaceholderHelper.parseStringValue(PropertyPlaceholderHelper.java:118) ~[spring-core-6.2.1.jar:6.2.1]
	at org.springframework.util.PropertyPlaceholderHelper.replacePlaceholders(PropertyPlaceholderHelper.java:114) ~[spring-core-6.2.1.jar:6.2.1]
	at org.springframework.core.env.AbstractPropertyResolver.doResolvePlaceholders(AbstractPropertyResolver.java:255) ~[spring-core-6.2.1.jar:6.2.1]
	at org.springframework.core.env.AbstractPropertyResolver.resolveRequiredPlaceholders(AbstractPropertyResolver.java:226) ~[spring-core-6.2.1.jar:6.2.1]
	at org.springframework.context.support.PropertySourcesPlaceholderConfigurer.lambda$processProperties$0(PropertySourcesPlaceholderConfigurer.java:201) ~[spring-context-6.2.1.jar:6.2.1]
	at org.springframework.beans.factory.support.AbstractBeanFactory.resolveEmbeddedValue(AbstractBeanFactory.java:963) ~[spring-beans-6.2.1.jar:6.2.1]
	at org.springframework.beans.factory.support.DefaultListableBeanFactory.doResolveDependency(DefaultListableBeanFactory.java:1541) ~[spring-beans-6.2.1.jar:6.2.1]
	at org.springframework.beans.factory.support.DefaultListableBeanFactory.resolveDependency(DefaultListableBeanFactory.java:1519) ~[spring-beans-6.2.1.jar:6.2.1]
	at org.springframework.beans.factory.support.ConstructorResolver.resolveAutowiredArgument(ConstructorResolver.java:913) ~[spring-beans-6.2.1.jar:6.2.1]
	at org.springframework.beans.factory.support.ConstructorResolver.createArgumentArray(ConstructorResolver.java:791) ~[spring-beans-6.2.1.jar:6.2.1]
	at org.springframework.beans.factory.support.ConstructorResolver.autowireConstructor(ConstructorResolver.java:240) ~[spring-beans-6.2.1.jar:6.2.1]
	at org.springframework.beans.factory.support.AbstractAutowireCapableBeanFactory.autowireConstructor(AbstractAutowireCapableBeanFactory.java:1377) ~[spring-beans-6.2.1.jar:6.2.1]
	at org.springframework.beans.factory.support.AbstractAutowireCapableBeanFactory.createBeanInstance(AbstractAutowireCapableBeanFactory.java:1214) ~[spring-beans-6.2.1.jar:6.2.1]
	at org.springframework.beans.factory.support.AbstractAutowireCapableBeanFactory.doCreateBean(AbstractAutowireCapableBeanFactory.java:563) ~[spring-beans-6.2.1.jar:6.2.1]
	at org.springframework.beans.factory.support.AbstractAutowireCapableBeanFactory.createBean(AbstractAutowireCapableBeanFactory.java:523) ~[spring-beans-6.2.1.jar:6.2.1]
	... 21 common frames omitted

2026-03-09T19:53:51.238-04:00  INFO 10472 --- [restartedMain] com.truckoptimization.Main               : Starting Main using Java 17.0.12 with PID 10472 (C:\Programming\Java\TuckOptimaization\truck-routing\target\classes started by lukem in C:\Programming\Java\TuckOptimaization)
2026-03-09T19:53:51.238-04:00  INFO 10472 --- [restartedMain] com.truckoptimization.Main               : No active profile set, falling back to 1 default profile: "default"
2026-03-09T19:53:51.597-04:00  INFO 10472 --- [restartedMain] .s.d.r.c.RepositoryConfigurationDelegate : Multiple Spring Data modules found, entering strict repository configuration mode
2026-03-09T19:53:51.597-04:00  INFO 10472 --- [restartedMain] .s.d.r.c.RepositoryConfigurationDelegate : Bootstrapping Spring Data JPA repositories in DEFAULT mode.
2026-03-09T19:53:51.620-04:00  INFO 10472 --- [restartedMain] .RepositoryConfigurationExtensionSupport : Spring Data JPA - Could not safely identify store assignment for repository candidate interface com.truckoptimization.dto.database.nosql.feature.compiledRouteResult.CompiledRouteResultRepository; If you want this repository to be a JPA repository, consider annotating your entities with one of these annotations: jakarta.persistence.Entity, jakarta.persistence.MappedSuperclass (preferred), or consider extending one of the following types with your repository: org.springframework.data.jpa.repository.JpaRepository
2026-03-09T19:53:51.624-04:00  INFO 10472 --- [restartedMain] .RepositoryConfigurationExtensionSupport : Spring Data JPA - Could not safely identify store assignment for repository candidate interface com.truckoptimization.dto.database.nosql.feature.matrixCache.MatrixRepository; If you want this repository to be a JPA repository, consider annotating your entities with one of these annotations: jakarta.persistence.Entity, jakarta.persistence.MappedSuperclass (preferred), or consider extending one of the following types with your repository: org.springframework.data.jpa.repository.JpaRepository
2026-03-09T19:53:51.655-04:00  INFO 10472 --- [restartedMain] .s.d.r.c.RepositoryConfigurationDelegate : Finished Spring Data repository scanning in 57 ms. Found 2 JPA repository interfaces.
2026-03-09T19:53:51.769-04:00  INFO 10472 --- [restartedMain] .s.d.r.c.RepositoryConfigurationDelegate : Multiple Spring Data modules found, entering strict repository configuration mode
2026-03-09T19:53:51.770-04:00  INFO 10472 --- [restartedMain] .s.d.r.c.RepositoryConfigurationDelegate : Bootstrapping Spring Data MongoDB repositories in DEFAULT mode.
2026-03-09T19:53:51.808-04:00  INFO 10472 --- [restartedMain] .RepositoryConfigurationExtensionSupport : Spring Data MongoDB - Could not safely identify store assignment for repository candidate interface com.truckoptimization.dto.database.sql.features.location.LocationEntityRepository; If you want this repository to be a MongoDB repository, consider annotating your entities with one of these annotations: org.springframework.data.mongodb.core.mapping.Document (preferred), or consider extending one of the following types with your repository: org.springframework.data.mongodb.repository.MongoRepository
2026-03-09T19:53:51.809-04:00  INFO 10472 --- [restartedMain] .RepositoryConfigurationExtensionSupport : Spring Data MongoDB - Could not safely identify store assignment for repository candidate interface com.truckoptimization.dto.location.LocationRepository; If you want this repository to be a MongoDB repository, consider annotating your entities with one of these annotations: org.springframework.data.mongodb.core.mapping.Document (preferred), or consider extending one of the following types with your repository: org.springframework.data.mongodb.repository.MongoRepository
2026-03-09T19:53:51.847-04:00  INFO 10472 --- [restartedMain] .s.d.r.c.RepositoryConfigurationDelegate : Finished Spring Data repository scanning in 76 ms. Found 2 MongoDB repository interfaces.
2026-03-09T19:53:51.998-04:00  INFO 10472 --- [restartedMain] o.s.b.w.embedded.tomcat.TomcatWebServer  : Tomcat initialized with port 80 (http)
2026-03-09T19:53:51.999-04:00  INFO 10472 --- [restartedMain] o.apache.catalina.core.StandardService   : Starting service [Tomcat]
2026-03-09T19:53:51.999-04:00  INFO 10472 --- [restartedMain] o.apache.catalina.core.StandardEngine    : Starting Servlet engine: [Apache Tomcat/10.1.34]
2026-03-09T19:53:52.072-04:00  INFO 10472 --- [restartedMain] o.a.c.c.C.[Tomcat-3].[localhost].[/]     : Initializing Spring embedded WebApplicationContext
2026-03-09T19:53:52.073-04:00  INFO 10472 --- [restartedMain] w.s.c.ServletWebServerApplicationContext : Root WebApplicationContext: initialization completed in 832 ms
2026-03-09T19:53:52.198-04:00  INFO 10472 --- [restartedMain] o.hibernate.jpa.internal.util.LogHelper  : HHH000204: Processing PersistenceUnitInfo [name: default]
2026-03-09T19:53:52.202-04:00  INFO 10472 --- [restartedMain] o.h.c.internal.RegionFactoryInitiator    : HHH000026: Second-level cache disabled
2026-03-09T19:53:52.215-04:00  INFO 10472 --- [restartedMain] o.s.o.j.p.SpringPersistenceUnitInfo      : No LoadTimeWeaver setup: ignoring JPA class transformer
2026-03-09T19:53:52.216-04:00  INFO 10472 --- [restartedMain] com.zaxxer.hikari.HikariDataSource       : HikariPool-5 - Starting...
2026-03-09T19:53:52.229-04:00  INFO 10472 --- [restartedMain] com.zaxxer.hikari.pool.HikariPool        : HikariPool-5 - Added connection com.mysql.cj.jdbc.ConnectionImpl@5c628977
2026-03-09T19:53:52.230-04:00  INFO 10472 --- [restartedMain] com.zaxxer.hikari.HikariDataSource       : HikariPool-5 - Start completed.
2026-03-09T19:53:52.232-04:00  WARN 10472 --- [restartedMain] org.hibernate.orm.deprecation            : HHH90000025: MySQLDialect does not need to be specified explicitly using 'hibernate.dialect' (remove the property setting and it will be selected by default)
2026-03-09T19:53:52.232-04:00  INFO 10472 --- [restartedMain] org.hibernate.orm.connections.pooling    : HHH10001005: Database info:
	Database JDBC URL [Connecting through datasource 'HikariDataSource (HikariPool-5)']
	Database driver: undefined/unknown
	Database version: 8.0.40
	Autocommit mode: undefined/unknown
	Isolation level: undefined/unknown
	Minimum pool size: undefined/unknown
	Maximum pool size: undefined/unknown
2026-03-09T19:53:52.274-04:00  INFO 10472 --- [restartedMain] o.h.m.i.EntityInstantiatorPojoStandard   : HHH000182: No default (no-argument) constructor for class: com.truckoptimization.dto.results.RouteResult (class must be instantiated by Interceptor)
2026-03-09T19:53:52.310-04:00  INFO 10472 --- [restartedMain] o.h.e.t.j.p.i.JtaPlatformInitiator       : HHH000489: No JTA platform available (set 'hibernate.transaction.jta.platform' to enable JTA platform integration)
2026-03-09T19:53:52.320-04:00  INFO 10472 --- [restartedMain] j.LocalContainerEntityManagerFactoryBean : Initialized JPA EntityManagerFactory for persistence unit 'default'
2026-03-09T19:53:52.480-04:00  INFO 10472 --- [restartedMain] org.mongodb.driver.client                : MongoClient with metadata {"driver": {"name": "mongo-java-driver|sync|spring-boot", "version": "5.2.1"}, "os": {"type": "Windows", "name": "Windows 11", "architecture": "amd64", "version": "10.0"}, "platform": "Java/Oracle Corporation/17.0.12+8-LTS-286"} created with settings MongoClientSettings{readPreference=primary, writeConcern=WriteConcern{w=null, wTimeout=null ms, journal=null}, retryWrites=true, retryReads=true, readConcern=ReadConcern{level=null}, credential=null, transportSettings=null, commandListeners=[io.micrometer.core.instrument.binder.mongodb.MongoMetricsCommandListener@7184299c], codecRegistry=ProvidersCodecRegistry{codecProviders=[ValueCodecProvider{}, BsonValueCodecProvider{}, DBRefCodecProvider{}, DBObjectCodecProvider{}, DocumentCodecProvider{}, CollectionCodecProvider{}, IterableCodecProvider{}, MapCodecProvider{}, GeoJsonCodecProvider{}, GridFSFileCodecProvider{}, Jsr310CodecProvider{}, JsonObjectCodecProvider{}, BsonCodecProvider{}, EnumCodecProvider{}, com.mongodb.client.model.mql.ExpressionCodecProvider@47a99ee0, com.mongodb.Jep395RecordCodecProvider@16e46bfa, com.mongodb.KotlinCodecProvider@2303f07d]}, loggerSettings=LoggerSettings{maxDocumentLength=1000}, clusterSettings={hosts=[localhost:27017], srvServiceName=mongodb, mode=SINGLE, requiredClusterType=UNKNOWN, requiredReplicaSetName='null', serverSelector='null', clusterListeners='[]', serverSelectionTimeout='30000 ms', localThreshold='15 ms'}, socketSettings=SocketSettings{connectTimeoutMS=10000, readTimeoutMS=0, receiveBufferSize=0, proxySettings=ProxySettings{host=null, port=null, username=null, password=null}}, heartbeatSocketSettings=SocketSettings{connectTimeoutMS=10000, readTimeoutMS=10000, receiveBufferSize=0, proxySettings=ProxySettings{host=null, port=null, username=null, password=null}}, connectionPoolSettings=ConnectionPoolSettings{maxSize=100, minSize=0, maxWaitTimeMS=120000, maxConnectionLifeTimeMS=0, maxConnectionIdleTimeMS=0, maintenanceInitialDelayMS=0, maintenanceFrequencyMS=60000, connectionPoolListeners=[io.micrometer.core.instrument.binder.mongodb.MongoMetricsConnectionPoolListener@2cff616a], maxConnecting=2}, serverSettings=ServerSettings{heartbeatFrequencyMS=10000, minHeartbeatFrequencyMS=500, serverMonitoringMode=AUTO, serverListeners='[]', serverMonitorListeners='[]'}, sslSettings=SslSettings{enabled=false, invalidHostNameAllowed=false, context=null}, applicationName='null', compressorList=[], uuidRepresentation=JAVA_LEGACY, serverApi=null, autoEncryptionSettings=null, dnsClient=null, inetAddressResolver=null, contextProvider=null, timeoutMS=null}
2026-03-09T19:53:52.481-04:00  INFO 10472 --- [cluster-ClusterId{value='69af5d907880b9143a6b3140', description='null'}-localhost:27017] org.mongodb.driver.cluster               : Monitor thread successfully connected to server with description ServerDescription{address=localhost:27017, type=STANDALONE, cryptd=false, state=CONNECTED, ok=true, minWireVersion=0, maxWireVersion=27, maxDocumentSize=16777216, logicalSessionTimeoutMinutes=30, roundTripTimeNanos=1474200, minRoundTripTimeNanos=0}
2026-03-09T19:53:52.530-04:00  INFO 10472 --- [restartedMain] o.s.b.d.a.OptionalLiveReloadServer       : LiveReload server is running on port 35729
2026-03-09T19:53:52.824-04:00  WARN 10472 --- [restartedMain] JpaBaseConfiguration$JpaWebConfiguration : spring.jpa.open-in-view is enabled by default. Therefore, database queries may be performed during view rendering. Explicitly configure spring.jpa.open-in-view to disable this warning
2026-03-09T19:53:53.185-04:00  INFO 10472 --- [restartedMain] o.s.b.a.e.web.EndpointLinksResolver      : Exposing 1 endpoint beneath base path '/actuator'
2026-03-09T19:53:53.212-04:00  INFO 10472 --- [restartedMain] o.s.b.w.embedded.tomcat.TomcatWebServer  : Tomcat started on port 80 (http) with context path '/'
2026-03-09T19:53:53.218-04:00  INFO 10472 --- [restartedMain] com.truckoptimization.Main               : Started Main in 2.025 seconds (process running for 690.719)
2026-03-09T19:53:53.221-04:00  INFO 10472 --- [restartedMain] .ConditionEvaluationDeltaLoggingListener : Condition evaluation unchanged
2026-03-09T19:54:06.653-04:00  INFO 10472 --- [File Watcher] rtingClassPathChangeChangedEventListener : Restarting due to 1 class path change (0 additions, 0 deletions, 1 modification)
2026-03-09T19:54:06.654-04:00  INFO 10472 --- [Thread-7] o.s.b.w.e.tomcat.GracefulShutdown        : Commencing graceful shutdown. Waiting for active requests to complete
2026-03-09T19:54:06.973-04:00  INFO 10472 --- [tomcat-shutdown] o.s.b.w.e.tomcat.GracefulShutdown        : Graceful shutdown complete
2026-03-09T19:54:06.979-04:00  INFO 10472 --- [Thread-7] j.LocalContainerEntityManagerFactoryBean : Closing JPA EntityManagerFactory for persistence unit 'default'
2026-03-09T19:54:06.980-04:00  INFO 10472 --- [Thread-7] com.zaxxer.hikari.HikariDataSource       : HikariPool-5 - Shutdown initiated...
2026-03-09T19:54:06.987-04:00  INFO 10472 --- [Thread-7] com.zaxxer.hikari.HikariDataSource       : HikariPool-5 - Shutdown completed.
2026-03-09T19:54:07.099-04:00  INFO 10472 --- [restartedMain] com.truckoptimization.Main               : Starting Main using Java 17.0.12 with PID 10472 (C:\Programming\Java\TuckOptimaization\truck-routing\target\classes started by lukem in C:\Programming\Java\TuckOptimaization)
2026-03-09T19:54:07.099-04:00  INFO 10472 --- [restartedMain] com.truckoptimization.Main               : No active profile set, falling back to 1 default profile: "default"
2026-03-09T19:54:07.419-04:00  INFO 10472 --- [restartedMain] .s.d.r.c.RepositoryConfigurationDelegate : Multiple Spring Data modules found, entering strict repository configuration mode
2026-03-09T19:54:07.420-04:00  INFO 10472 --- [restartedMain] .s.d.r.c.RepositoryConfigurationDelegate : Bootstrapping Spring Data JPA repositories in DEFAULT mode.
2026-03-09T19:54:07.439-04:00  INFO 10472 --- [restartedMain] .RepositoryConfigurationExtensionSupport : Spring Data JPA - Could not safely identify store assignment for repository candidate interface com.truckoptimization.dto.database.nosql.feature.compiledRouteResult.CompiledRouteResultRepository; If you want this repository to be a JPA repository, consider annotating your entities with one of these annotations: jakarta.persistence.Entity, jakarta.persistence.MappedSuperclass (preferred), or consider extending one of the following types with your repository: org.springframework.data.jpa.repository.JpaRepository
2026-03-09T19:54:07.442-04:00  INFO 10472 --- [restartedMain] .RepositoryConfigurationExtensionSupport : Spring Data JPA - Could not safely identify store assignment for repository candidate interface com.truckoptimization.dto.database.nosql.feature.matrixCache.MatrixRepository; If you want this repository to be a JPA repository, consider annotating your entities with one of these annotations: jakarta.persistence.Entity, jakarta.persistence.MappedSuperclass (preferred), or consider extending one of the following types with your repository: org.springframework.data.jpa.repository.JpaRepository
2026-03-09T19:54:07.470-04:00  INFO 10472 --- [restartedMain] .s.d.r.c.RepositoryConfigurationDelegate : Finished Spring Data repository scanning in 48 ms. Found 2 JPA repository interfaces.
2026-03-09T19:54:07.557-04:00  INFO 10472 --- [restartedMain] .s.d.r.c.RepositoryConfigurationDelegate : Multiple Spring Data modules found, entering strict repository configuration mode
2026-03-09T19:54:07.558-04:00  INFO 10472 --- [restartedMain] .s.d.r.c.RepositoryConfigurationDelegate : Bootstrapping Spring Data MongoDB repositories in DEFAULT mode.
2026-03-09T19:54:07.598-04:00  INFO 10472 --- [restartedMain] .RepositoryConfigurationExtensionSupport : Spring Data MongoDB - Could not safely identify store assignment for repository candidate interface com.truckoptimization.dto.database.sql.features.location.LocationEntityRepository; If you want this repository to be a MongoDB repository, consider annotating your entities with one of these annotations: org.springframework.data.mongodb.core.mapping.Document (preferred), or consider extending one of the following types with your repository: org.springframework.data.mongodb.repository.MongoRepository
2026-03-09T19:54:07.599-04:00  INFO 10472 --- [restartedMain] .RepositoryConfigurationExtensionSupport : Spring Data MongoDB - Could not safely identify store assignment for repository candidate interface com.truckoptimization.dto.location.LocationRepository; If you want this repository to be a MongoDB repository, consider annotating your entities with one of these annotations: org.springframework.data.mongodb.core.mapping.Document (preferred), or consider extending one of the following types with your repository: org.springframework.data.mongodb.repository.MongoRepository
2026-03-09T19:54:07.641-04:00  INFO 10472 --- [restartedMain] .s.d.r.c.RepositoryConfigurationDelegate : Finished Spring Data repository scanning in 83 ms. Found 2 MongoDB repository interfaces.
2026-03-09T19:54:07.810-04:00  INFO 10472 --- [restartedMain] o.s.b.w.embedded.tomcat.TomcatWebServer  : Tomcat initialized with port 80 (http)
2026-03-09T19:54:07.811-04:00  INFO 10472 --- [restartedMain] o.apache.catalina.core.StandardService   : Starting service [Tomcat]
2026-03-09T19:54:07.811-04:00  INFO 10472 --- [restartedMain] o.apache.catalina.core.StandardEngine    : Starting Servlet engine: [Apache Tomcat/10.1.34]
2026-03-09T19:54:07.893-04:00  INFO 10472 --- [restartedMain] o.a.c.c.C.[Tomcat-3].[localhost].[/]     : Initializing Spring embedded WebApplicationContext
2026-03-09T19:54:07.897-04:00  INFO 10472 --- [restartedMain] w.s.c.ServletWebServerApplicationContext : Root WebApplicationContext: initialization completed in 794 ms
2026-03-09T19:54:08.046-04:00  INFO 10472 --- [restartedMain] o.hibernate.jpa.internal.util.LogHelper  : HHH000204: Processing PersistenceUnitInfo [name: default]
2026-03-09T19:54:08.050-04:00  INFO 10472 --- [restartedMain] o.h.c.internal.RegionFactoryInitiator    : HHH000026: Second-level cache disabled
2026-03-09T19:54:08.060-04:00  INFO 10472 --- [restartedMain] o.s.o.j.p.SpringPersistenceUnitInfo      : No LoadTimeWeaver setup: ignoring JPA class transformer
2026-03-09T19:54:08.062-04:00  INFO 10472 --- [restartedMain] com.zaxxer.hikari.HikariDataSource       : HikariPool-6 - Starting...
2026-03-09T19:54:08.074-04:00  INFO 10472 --- [restartedMain] com.zaxxer.hikari.pool.HikariPool        : HikariPool-6 - Added connection com.mysql.cj.jdbc.ConnectionImpl@6b5f2739
2026-03-09T19:54:08.074-04:00  INFO 10472 --- [restartedMain] com.zaxxer.hikari.HikariDataSource       : HikariPool-6 - Start completed.
2026-03-09T19:54:08.075-04:00  WARN 10472 --- [restartedMain] org.hibernate.orm.deprecation            : HHH90000025: MySQLDialect does not need to be specified explicitly using 'hibernate.dialect' (remove the property setting and it will be selected by default)
2026-03-09T19:54:08.076-04:00  INFO 10472 --- [restartedMain] org.hibernate.orm.connections.pooling    : HHH10001005: Database info:
	Database JDBC URL [Connecting through datasource 'HikariDataSource (HikariPool-6)']
	Database driver: undefined/unknown
	Database version: 8.0.40
	Autocommit mode: undefined/unknown
	Isolation level: undefined/unknown
	Minimum pool size: undefined/unknown
	Maximum pool size: undefined/unknown
2026-03-09T19:54:08.117-04:00  INFO 10472 --- [restartedMain] o.h.m.i.EntityInstantiatorPojoStandard   : HHH000182: No default (no-argument) constructor for class: com.truckoptimization.dto.results.RouteResult (class must be instantiated by Interceptor)
2026-03-09T19:54:08.141-04:00  INFO 10472 --- [restartedMain] o.h.e.t.j.p.i.JtaPlatformInitiator       : HHH000489: No JTA platform available (set 'hibernate.transaction.jta.platform' to enable JTA platform integration)
2026-03-09T19:54:08.150-04:00  INFO 10472 --- [restartedMain] j.LocalContainerEntityManagerFactoryBean : Initialized JPA EntityManagerFactory for persistence unit 'default'
2026-03-09T19:54:08.272-04:00  INFO 10472 --- [restartedMain] org.mongodb.driver.client                : MongoClient with metadata {"driver": {"name": "mongo-java-driver|sync|spring-boot", "version": "5.2.1"}, "os": {"type": "Windows", "name": "Windows 11", "architecture": "amd64", "version": "10.0"}, "platform": "Java/Oracle Corporation/17.0.12+8-LTS-286"} created with settings MongoClientSettings{readPreference=primary, writeConcern=WriteConcern{w=null, wTimeout=null ms, journal=null}, retryWrites=true, retryReads=true, readConcern=ReadConcern{level=null}, credential=null, transportSettings=null, commandListeners=[io.micrometer.core.instrument.binder.mongodb.MongoMetricsCommandListener@13cae420], codecRegistry=ProvidersCodecRegistry{codecProviders=[ValueCodecProvider{}, BsonValueCodecProvider{}, DBRefCodecProvider{}, DBObjectCodecProvider{}, DocumentCodecProvider{}, CollectionCodecProvider{}, IterableCodecProvider{}, MapCodecProvider{}, GeoJsonCodecProvider{}, GridFSFileCodecProvider{}, Jsr310CodecProvider{}, JsonObjectCodecProvider{}, BsonCodecProvider{}, EnumCodecProvider{}, com.mongodb.client.model.mql.ExpressionCodecProvider@47a99ee0, com.mongodb.Jep395RecordCodecProvider@16e46bfa, com.mongodb.KotlinCodecProvider@2303f07d]}, loggerSettings=LoggerSettings{maxDocumentLength=1000}, clusterSettings={hosts=[localhost:27017], srvServiceName=mongodb, mode=SINGLE, requiredClusterType=UNKNOWN, requiredReplicaSetName='null', serverSelector='null', clusterListeners='[]', serverSelectionTimeout='30000 ms', localThreshold='15 ms'}, socketSettings=SocketSettings{connectTimeoutMS=10000, readTimeoutMS=0, receiveBufferSize=0, proxySettings=ProxySettings{host=null, port=null, username=null, password=null}}, heartbeatSocketSettings=SocketSettings{connectTimeoutMS=10000, readTimeoutMS=10000, receiveBufferSize=0, proxySettings=ProxySettings{host=null, port=null, username=null, password=null}}, connectionPoolSettings=ConnectionPoolSettings{maxSize=100, minSize=0, maxWaitTimeMS=120000, maxConnectionLifeTimeMS=0, maxConnectionIdleTimeMS=0, maintenanceInitialDelayMS=0, maintenanceFrequencyMS=60000, connectionPoolListeners=[io.micrometer.core.instrument.binder.mongodb.MongoMetricsConnectionPoolListener@534bc698], maxConnecting=2}, serverSettings=ServerSettings{heartbeatFrequencyMS=10000, minHeartbeatFrequencyMS=500, serverMonitoringMode=AUTO, serverListeners='[]', serverMonitorListeners='[]'}, sslSettings=SslSettings{enabled=false, invalidHostNameAllowed=false, context=null}, applicationName='null', compressorList=[], uuidRepresentation=JAVA_LEGACY, serverApi=null, autoEncryptionSettings=null, dnsClient=null, inetAddressResolver=null, contextProvider=null, timeoutMS=null}
2026-03-09T19:54:08.272-04:00  INFO 10472 --- [cluster-ClusterId{value='69af5da07880b9143a6b3141', description='null'}-localhost:27017] org.mongodb.driver.cluster               : Monitor thread successfully connected to server with description ServerDescription{address=localhost:27017, type=STANDALONE, cryptd=false, state=CONNECTED, ok=true, minWireVersion=0, maxWireVersion=27, maxDocumentSize=16777216, logicalSessionTimeoutMinutes=30, roundTripTimeNanos=917400, minRoundTripTimeNanos=0}
2026-03-09T19:54:08.309-04:00  INFO 10472 --- [restartedMain] o.s.b.d.a.OptionalLiveReloadServer       : LiveReload server is running on port 35729
2026-03-09T19:54:08.577-04:00  WARN 10472 --- [restartedMain] JpaBaseConfiguration$JpaWebConfiguration : spring.jpa.open-in-view is enabled by default. Therefore, database queries may be performed during view rendering. Explicitly configure spring.jpa.open-in-view to disable this warning
2026-03-09T19:54:08.858-04:00  INFO 10472 --- [restartedMain] o.s.b.a.e.web.EndpointLinksResolver      : Exposing 1 endpoint beneath base path '/actuator'
2026-03-09T19:54:08.874-04:00  INFO 10472 --- [restartedMain] o.s.b.w.embedded.tomcat.TomcatWebServer  : Tomcat started on port 80 (http) with context path '/'
2026-03-09T19:54:08.880-04:00  INFO 10472 --- [restartedMain] com.truckoptimization.Main               : Started Main in 1.825 seconds (process running for 706.381)
2026-03-09T19:54:08.882-04:00  INFO 10472 --- [restartedMain] .ConditionEvaluationDeltaLoggingListener : Condition evaluation unchanged
2026-03-09T19:55:08.529-04:00  INFO 28148 --- [restartedMain] com.truckoptimization.Main               : Starting Main using Java 17.0.12 with PID 28148 (C:\Programming\Java\TuckOptimaization\truck-routing\target\classes started by lukem in C:\Programming\Java\TuckOptimaization)
2026-03-09T19:55:08.532-04:00  INFO 28148 --- [restartedMain] com.truckoptimization.Main               : No active profile set, falling back to 1 default profile: "default"
2026-03-09T19:55:08.606-04:00  INFO 28148 --- [restartedMain] .e.DevToolsPropertyDefaultsPostProcessor : Devtools property defaults active! Set 'spring.devtools.add-properties' to 'false' to disable
2026-03-09T19:55:08.606-04:00  INFO 28148 --- [restartedMain] .e.DevToolsPropertyDefaultsPostProcessor : For additional web related logging consider setting the 'logging.level.web' property to 'DEBUG'
2026-03-09T19:55:09.700-04:00  INFO 28148 --- [restartedMain] .s.d.r.c.RepositoryConfigurationDelegate : Multiple Spring Data modules found, entering strict repository configuration mode
2026-03-09T19:55:09.701-04:00  INFO 28148 --- [restartedMain] .s.d.r.c.RepositoryConfigurationDelegate : Bootstrapping Spring Data JPA repositories in DEFAULT mode.
2026-03-09T19:55:09.762-04:00  INFO 28148 --- [restartedMain] .RepositoryConfigurationExtensionSupport : Spring Data JPA - Could not safely identify store assignment for repository candidate interface com.truckoptimization.dto.database.nosql.feature.compiledRouteResult.CompiledRouteResultRepository; If you want this repository to be a JPA repository, consider annotating your entities with one of these annotations: jakarta.persistence.Entity, jakarta.persistence.MappedSuperclass (preferred), or consider extending one of the following types with your repository: org.springframework.data.jpa.repository.JpaRepository
2026-03-09T19:55:09.765-04:00  INFO 28148 --- [restartedMain] .RepositoryConfigurationExtensionSupport : Spring Data JPA - Could not safely identify store assignment for repository candidate interface com.truckoptimization.dto.database.nosql.feature.matrixCache.MatrixRepository; If you want this repository to be a JPA repository, consider annotating your entities with one of these annotations: jakarta.persistence.Entity, jakarta.persistence.MappedSuperclass (preferred), or consider extending one of the following types with your repository: org.springframework.data.jpa.repository.JpaRepository
2026-03-09T19:55:09.939-04:00  INFO 28148 --- [restartedMain] .s.d.r.c.RepositoryConfigurationDelegate : Finished Spring Data repository scanning in 225 ms. Found 2 JPA repository interfaces.
2026-03-09T19:55:10.396-04:00  INFO 28148 --- [restartedMain] .s.d.r.c.RepositoryConfigurationDelegate : Multiple Spring Data modules found, entering strict repository configuration mode
2026-03-09T19:55:10.396-04:00  INFO 28148 --- [restartedMain] .s.d.r.c.RepositoryConfigurationDelegate : Bootstrapping Spring Data MongoDB repositories in DEFAULT mode.
2026-03-09T19:55:10.459-04:00  INFO 28148 --- [restartedMain] .RepositoryConfigurationExtensionSupport : Spring Data MongoDB - Could not safely identify store assignment for repository candidate interface com.truckoptimization.dto.database.sql.features.location.LocationEntityRepository; If you want this repository to be a MongoDB repository, consider annotating your entities with one of these annotations: org.springframework.data.mongodb.core.mapping.Document (preferred), or consider extending one of the following types with your repository: org.springframework.data.mongodb.repository.MongoRepository
2026-03-09T19:55:10.460-04:00  INFO 28148 --- [restartedMain] .RepositoryConfigurationExtensionSupport : Spring Data MongoDB - Could not safely identify store assignment for repository candidate interface com.truckoptimization.dto.location.LocationRepository; If you want this repository to be a MongoDB repository, consider annotating your entities with one of these annotations: org.springframework.data.mongodb.core.mapping.Document (preferred), or consider extending one of the following types with your repository: org.springframework.data.mongodb.repository.MongoRepository
2026-03-09T19:55:10.503-04:00  INFO 28148 --- [restartedMain] .s.d.r.c.RepositoryConfigurationDelegate : Finished Spring Data repository scanning in 105 ms. Found 2 MongoDB repository interfaces.
2026-03-09T19:55:11.613-04:00  INFO 28148 --- [restartedMain] o.s.b.w.embedded.tomcat.TomcatWebServer  : Tomcat initialized with port 80 (http)
2026-03-09T19:55:11.627-04:00  INFO 28148 --- [restartedMain] o.apache.catalina.core.StandardService   : Starting service [Tomcat]
2026-03-09T19:55:11.627-04:00  INFO 28148 --- [restartedMain] o.apache.catalina.core.StandardEngine    : Starting Servlet engine: [Apache Tomcat/10.1.34]
2026-03-09T19:55:11.733-04:00  INFO 28148 --- [restartedMain] o.a.c.c.C.[Tomcat].[localhost].[/]       : Initializing Spring embedded WebApplicationContext
2026-03-09T19:55:11.734-04:00  INFO 28148 --- [restartedMain] w.s.c.ServletWebServerApplicationContext : Root WebApplicationContext: initialization completed in 3127 ms
2026-03-09T19:55:12.188-04:00  INFO 28148 --- [restartedMain] o.hibernate.jpa.internal.util.LogHelper  : HHH000204: Processing PersistenceUnitInfo [name: default]
2026-03-09T19:55:12.260-04:00  INFO 28148 --- [restartedMain] org.hibernate.Version                    : HHH000412: Hibernate ORM core version 6.6.4.Final
2026-03-09T19:55:12.302-04:00  INFO 28148 --- [restartedMain] o.h.c.internal.RegionFactoryInitiator    : HHH000026: Second-level cache disabled
2026-03-09T19:55:12.628-04:00  INFO 28148 --- [restartedMain] o.s.o.j.p.SpringPersistenceUnitInfo      : No LoadTimeWeaver setup: ignoring JPA class transformer
2026-03-09T19:55:12.667-04:00  INFO 28148 --- [restartedMain] com.zaxxer.hikari.HikariDataSource       : HikariPool-1 - Starting...
2026-03-09T19:55:13.017-04:00  INFO 28148 --- [restartedMain] com.zaxxer.hikari.pool.HikariPool        : HikariPool-1 - Added connection com.mysql.cj.jdbc.ConnectionImpl@16961140
2026-03-09T19:55:13.020-04:00  INFO 28148 --- [restartedMain] com.zaxxer.hikari.HikariDataSource       : HikariPool-1 - Start completed.
2026-03-09T19:55:13.072-04:00  WARN 28148 --- [restartedMain] org.hibernate.orm.deprecation            : HHH90000025: MySQLDialect does not need to be specified explicitly using 'hibernate.dialect' (remove the property setting and it will be selected by default)
2026-03-09T19:55:13.091-04:00  INFO 28148 --- [restartedMain] org.hibernate.orm.connections.pooling    : HHH10001005: Database info:
	Database JDBC URL [Connecting through datasource 'HikariDataSource (HikariPool-1)']
	Database driver: undefined/unknown
	Database version: 8.0.40
	Autocommit mode: undefined/unknown
	Isolation level: undefined/unknown
	Minimum pool size: undefined/unknown
	Maximum pool size: undefined/unknown
2026-03-09T19:55:13.836-04:00  INFO 28148 --- [restartedMain] o.h.m.i.EntityInstantiatorPojoStandard   : HHH000182: No default (no-argument) constructor for class: com.truckoptimization.dto.results.RouteResult (class must be instantiated by Interceptor)
2026-03-09T19:55:14.042-04:00  INFO 28148 --- [restartedMain] o.h.e.t.j.p.i.JtaPlatformInitiator       : HHH000489: No JTA platform available (set 'hibernate.transaction.jta.platform' to enable JTA platform integration)
2026-03-09T19:55:14.090-04:00  INFO 28148 --- [restartedMain] j.LocalContainerEntityManagerFactoryBean : Initialized JPA EntityManagerFactory for persistence unit 'default'
2026-03-09T19:55:15.441-04:00  INFO 28148 --- [restartedMain] org.mongodb.driver.client                : MongoClient with metadata {"driver": {"name": "mongo-java-driver|sync|spring-boot", "version": "5.2.1"}, "os": {"type": "Windows", "name": "Windows 11", "architecture": "amd64", "version": "10.0"}, "platform": "Java/Oracle Corporation/17.0.12+8-LTS-286"} created with settings MongoClientSettings{readPreference=primary, writeConcern=WriteConcern{w=null, wTimeout=null ms, journal=null}, retryWrites=true, retryReads=true, readConcern=ReadConcern{level=null}, credential=null, transportSettings=null, commandListeners=[io.micrometer.core.instrument.binder.mongodb.MongoMetricsCommandListener@3e492ace], codecRegistry=ProvidersCodecRegistry{codecProviders=[ValueCodecProvider{}, BsonValueCodecProvider{}, DBRefCodecProvider{}, DBObjectCodecProvider{}, DocumentCodecProvider{}, CollectionCodecProvider{}, IterableCodecProvider{}, MapCodecProvider{}, GeoJsonCodecProvider{}, GridFSFileCodecProvider{}, Jsr310CodecProvider{}, JsonObjectCodecProvider{}, BsonCodecProvider{}, EnumCodecProvider{}, com.mongodb.client.model.mql.ExpressionCodecProvider@645150b6, com.mongodb.Jep395RecordCodecProvider@5d1983af, com.mongodb.KotlinCodecProvider@76caa556]}, loggerSettings=LoggerSettings{maxDocumentLength=1000}, clusterSettings={hosts=[localhost:27017], srvServiceName=mongodb, mode=SINGLE, requiredClusterType=UNKNOWN, requiredReplicaSetName='null', serverSelector='null', clusterListeners='[]', serverSelectionTimeout='30000 ms', localThreshold='15 ms'}, socketSettings=SocketSettings{connectTimeoutMS=10000, readTimeoutMS=0, receiveBufferSize=0, proxySettings=ProxySettings{host=null, port=null, username=null, password=null}}, heartbeatSocketSettings=SocketSettings{connectTimeoutMS=10000, readTimeoutMS=10000, receiveBufferSize=0, proxySettings=ProxySettings{host=null, port=null, username=null, password=null}}, connectionPoolSettings=ConnectionPoolSettings{maxSize=100, minSize=0, maxWaitTimeMS=120000, maxConnectionLifeTimeMS=0, maxConnectionIdleTimeMS=0, maintenanceInitialDelayMS=0, maintenanceFrequencyMS=60000, connectionPoolListeners=[io.micrometer.core.instrument.binder.mongodb.MongoMetricsConnectionPoolListener@13b0bb77], maxConnecting=2}, serverSettings=ServerSettings{heartbeatFrequencyMS=10000, minHeartbeatFrequencyMS=500, serverMonitoringMode=AUTO, serverListeners='[]', serverMonitorListeners='[]'}, sslSettings=SslSettings{enabled=false, invalidHostNameAllowed=false, context=null}, applicationName='null', compressorList=[], uuidRepresentation=JAVA_LEGACY, serverApi=null, autoEncryptionSettings=null, dnsClient=null, inetAddressResolver=null, contextProvider=null, timeoutMS=null}
2026-03-09T19:55:15.462-04:00  INFO 28148 --- [cluster-ClusterId{value='69af5de3e557f202b6829f10', description='null'}-localhost:27017] org.mongodb.driver.cluster               : Monitor thread successfully connected to server with description ServerDescription{address=localhost:27017, type=STANDALONE, cryptd=false, state=CONNECTED, ok=true, minWireVersion=0, maxWireVersion=27, maxDocumentSize=16777216, logicalSessionTimeoutMinutes=30, roundTripTimeNanos=45901100, minRoundTripTimeNanos=0}
2026-03-09T19:55:15.605-04:00  WARN 28148 --- [restartedMain] o.s.b.d.a.OptionalLiveReloadServer       : Unable to start LiveReload server
2026-03-09T19:55:16.123-04:00  WARN 28148 --- [restartedMain] JpaBaseConfiguration$JpaWebConfiguration : spring.jpa.open-in-view is enabled by default. Therefore, database queries may be performed during view rendering. Explicitly configure spring.jpa.open-in-view to disable this warning
2026-03-09T19:55:17.019-04:00  INFO 28148 --- [restartedMain] o.s.b.a.e.web.EndpointLinksResolver      : Exposing 1 endpoint beneath base path '/actuator'
2026-03-09T19:55:17.167-04:00  WARN 28148 --- [restartedMain] ConfigServletWebServerApplicationContext : Exception encountered during context initialization - cancelling refresh attempt: org.springframework.context.ApplicationContextException: Failed to start bean 'webServerStartStop'
2026-03-09T19:55:17.177-04:00  INFO 28148 --- [restartedMain] j.LocalContainerEntityManagerFactoryBean : Closing JPA EntityManagerFactory for persistence unit 'default'
2026-03-09T19:55:17.180-04:00  INFO 28148 --- [restartedMain] com.zaxxer.hikari.HikariDataSource       : HikariPool-1 - Shutdown initiated...
2026-03-09T19:55:17.190-04:00  INFO 28148 --- [restartedMain] com.zaxxer.hikari.HikariDataSource       : HikariPool-1 - Shutdown completed.
2026-03-09T19:55:17.216-04:00  INFO 28148 --- [restartedMain] .s.b.a.l.ConditionEvaluationReportLogger : 

Error starting ApplicationContext. To display the condition evaluation report re-run your application with 'debug' enabled.
2026-03-09T19:55:17.243-04:00 ERROR 28148 --- [restartedMain] o.s.b.d.LoggingFailureAnalysisReporter   : 

***************************
APPLICATION FAILED TO START
***************************

Description:

Web server failed to start. Port 80 was already in use.

Action:

Identify and stop the process that's listening on port 80 or configure this application to listen on another port.

2026-03-09T19:55:23.702-04:00  INFO 10472 --- [SpringApplicationShutdownHook] o.s.b.w.e.tomcat.GracefulShutdown        : Commencing graceful shutdown. Waiting for active requests to complete
2026-03-09T19:55:23.964-04:00  INFO 10472 --- [tomcat-shutdown] o.s.b.w.e.tomcat.GracefulShutdown        : Graceful shutdown complete
2026-03-09T19:55:23.967-04:00  INFO 10472 --- [SpringApplicationShutdownHook] j.LocalContainerEntityManagerFactoryBean : Closing JPA EntityManagerFactory for persistence unit 'default'
2026-03-09T19:55:23.968-04:00  INFO 10472 --- [SpringApplicationShutdownHook] com.zaxxer.hikari.HikariDataSource       : HikariPool-6 - Shutdown initiated...
2026-03-09T19:55:23.972-04:00  INFO 10472 --- [SpringApplicationShutdownHook] com.zaxxer.hikari.HikariDataSource       : HikariPool-6 - Shutdown completed.
2026-03-09T19:55:31.646-04:00  INFO 2036 --- [restartedMain] com.truckoptimization.Main               : Starting Main using Java 17.0.12 with PID 2036 (C:\Programming\Java\TuckOptimaization\truck-routing\target\classes started by lukem in C:\Programming\Java\TuckOptimaization)
2026-03-09T19:55:31.649-04:00  INFO 2036 --- [restartedMain] com.truckoptimization.Main               : No active profile set, falling back to 1 default profile: "default"
2026-03-09T19:55:31.724-04:00  INFO 2036 --- [restartedMain] .e.DevToolsPropertyDefaultsPostProcessor : Devtools property defaults active! Set 'spring.devtools.add-properties' to 'false' to disable
2026-03-09T19:55:31.724-04:00  INFO 2036 --- [restartedMain] .e.DevToolsPropertyDefaultsPostProcessor : For additional web related logging consider setting the 'logging.level.web' property to 'DEBUG'
2026-03-09T19:55:32.709-04:00  INFO 2036 --- [restartedMain] .s.d.r.c.RepositoryConfigurationDelegate : Multiple Spring Data modules found, entering strict repository configuration mode
2026-03-09T19:55:32.710-04:00  INFO 2036 --- [restartedMain] .s.d.r.c.RepositoryConfigurationDelegate : Bootstrapping Spring Data JPA repositories in DEFAULT mode.
2026-03-09T19:55:32.765-04:00  INFO 2036 --- [restartedMain] .RepositoryConfigurationExtensionSupport : Spring Data JPA - Could not safely identify store assignment for repository candidate interface com.truckoptimization.dto.database.nosql.feature.compiledRouteResult.CompiledRouteResultRepository; If you want this repository to be a JPA repository, consider annotating your entities with one of these annotations: jakarta.persistence.Entity, jakarta.persistence.MappedSuperclass (preferred), or consider extending one of the following types with your repository: org.springframework.data.jpa.repository.JpaRepository
2026-03-09T19:55:32.768-04:00  INFO 2036 --- [restartedMain] .RepositoryConfigurationExtensionSupport : Spring Data JPA - Could not safely identify store assignment for repository candidate interface com.truckoptimization.dto.database.nosql.feature.matrixCache.MatrixRepository; If you want this repository to be a JPA repository, consider annotating your entities with one of these annotations: jakarta.persistence.Entity, jakarta.persistence.MappedSuperclass (preferred), or consider extending one of the following types with your repository: org.springframework.data.jpa.repository.JpaRepository
2026-03-09T19:55:32.901-04:00  INFO 2036 --- [restartedMain] .s.d.r.c.RepositoryConfigurationDelegate : Finished Spring Data repository scanning in 179 ms. Found 2 JPA repository interfaces.
2026-03-09T19:55:33.320-04:00  INFO 2036 --- [restartedMain] .s.d.r.c.RepositoryConfigurationDelegate : Multiple Spring Data modules found, entering strict repository configuration mode
2026-03-09T19:55:33.321-04:00  INFO 2036 --- [restartedMain] .s.d.r.c.RepositoryConfigurationDelegate : Bootstrapping Spring Data MongoDB repositories in DEFAULT mode.
2026-03-09T19:55:33.367-04:00  INFO 2036 --- [restartedMain] .RepositoryConfigurationExtensionSupport : Spring Data MongoDB - Could not safely identify store assignment for repository candidate interface com.truckoptimization.dto.database.sql.features.location.LocationEntityRepository; If you want this repository to be a MongoDB repository, consider annotating your entities with one of these annotations: org.springframework.data.mongodb.core.mapping.Document (preferred), or consider extending one of the following types with your repository: org.springframework.data.mongodb.repository.MongoRepository
2026-03-09T19:55:33.368-04:00  INFO 2036 --- [restartedMain] .RepositoryConfigurationExtensionSupport : Spring Data MongoDB - Could not safely identify store assignment for repository candidate interface com.truckoptimization.dto.location.LocationRepository; If you want this repository to be a MongoDB repository, consider annotating your entities with one of these annotations: org.springframework.data.mongodb.core.mapping.Document (preferred), or consider extending one of the following types with your repository: org.springframework.data.mongodb.repository.MongoRepository
2026-03-09T19:55:33.396-04:00  INFO 2036 --- [restartedMain] .s.d.r.c.RepositoryConfigurationDelegate : Finished Spring Data repository scanning in 74 ms. Found 2 MongoDB repository interfaces.
2026-03-09T19:55:34.437-04:00  INFO 2036 --- [restartedMain] o.s.b.w.embedded.tomcat.TomcatWebServer  : Tomcat initialized with port 80 (http)
2026-03-09T19:55:34.452-04:00  INFO 2036 --- [restartedMain] o.apache.catalina.core.StandardService   : Starting service [Tomcat]
2026-03-09T19:55:34.453-04:00  INFO 2036 --- [restartedMain] o.apache.catalina.core.StandardEngine    : Starting Servlet engine: [Apache Tomcat/10.1.34]
2026-03-09T19:55:34.554-04:00  INFO 2036 --- [restartedMain] o.a.c.c.C.[Tomcat].[localhost].[/]       : Initializing Spring embedded WebApplicationContext
2026-03-09T19:55:34.554-04:00  INFO 2036 --- [restartedMain] w.s.c.ServletWebServerApplicationContext : Root WebApplicationContext: initialization completed in 2829 ms
2026-03-09T19:55:35.021-04:00  INFO 2036 --- [restartedMain] o.hibernate.jpa.internal.util.LogHelper  : HHH000204: Processing PersistenceUnitInfo [name: default]
2026-03-09T19:55:35.134-04:00  INFO 2036 --- [restartedMain] org.hibernate.Version                    : HHH000412: Hibernate ORM core version 6.6.4.Final
2026-03-09T19:55:35.186-04:00  INFO 2036 --- [restartedMain] o.h.c.internal.RegionFactoryInitiator    : HHH000026: Second-level cache disabled
2026-03-09T19:55:35.527-04:00  INFO 2036 --- [restartedMain] o.s.o.j.p.SpringPersistenceUnitInfo      : No LoadTimeWeaver setup: ignoring JPA class transformer
2026-03-09T19:55:35.566-04:00  INFO 2036 --- [restartedMain] com.zaxxer.hikari.HikariDataSource       : HikariPool-1 - Starting...
2026-03-09T19:55:35.889-04:00  INFO 2036 --- [restartedMain] com.zaxxer.hikari.pool.HikariPool        : HikariPool-1 - Added connection com.mysql.cj.jdbc.ConnectionImpl@61d61efa
2026-03-09T19:55:35.892-04:00  INFO 2036 --- [restartedMain] com.zaxxer.hikari.HikariDataSource       : HikariPool-1 - Start completed.
2026-03-09T19:55:35.944-04:00  WARN 2036 --- [restartedMain] org.hibernate.orm.deprecation            : HHH90000025: MySQLDialect does not need to be specified explicitly using 'hibernate.dialect' (remove the property setting and it will be selected by default)
2026-03-09T19:55:35.967-04:00  INFO 2036 --- [restartedMain] org.hibernate.orm.connections.pooling    : HHH10001005: Database info:
	Database JDBC URL [Connecting through datasource 'HikariDataSource (HikariPool-1)']
	Database driver: undefined/unknown
	Database version: 8.0.40
	Autocommit mode: undefined/unknown
	Isolation level: undefined/unknown
	Minimum pool size: undefined/unknown
	Maximum pool size: undefined/unknown
2026-03-09T19:55:36.669-04:00  INFO 2036 --- [restartedMain] o.h.m.i.EntityInstantiatorPojoStandard   : HHH000182: No default (no-argument) constructor for class: com.truckoptimization.dto.results.RouteResult (class must be instantiated by Interceptor)
2026-03-09T19:55:36.884-04:00  INFO 2036 --- [restartedMain] o.h.e.t.j.p.i.JtaPlatformInitiator       : HHH000489: No JTA platform available (set 'hibernate.transaction.jta.platform' to enable JTA platform integration)
2026-03-09T19:55:36.930-04:00  INFO 2036 --- [restartedMain] j.LocalContainerEntityManagerFactoryBean : Initialized JPA EntityManagerFactory for persistence unit 'default'
2026-03-09T19:55:38.229-04:00  INFO 2036 --- [restartedMain] org.mongodb.driver.client                : MongoClient with metadata {"driver": {"name": "mongo-java-driver|sync|spring-boot", "version": "5.2.1"}, "os": {"type": "Windows", "name": "Windows 11", "architecture": "amd64", "version": "10.0"}, "platform": "Java/Oracle Corporation/17.0.12+8-LTS-286"} created with settings MongoClientSettings{readPreference=primary, writeConcern=WriteConcern{w=null, wTimeout=null ms, journal=null}, retryWrites=true, retryReads=true, readConcern=ReadConcern{level=null}, credential=null, transportSettings=null, commandListeners=[io.micrometer.core.instrument.binder.mongodb.MongoMetricsCommandListener@3057a1e4], codecRegistry=ProvidersCodecRegistry{codecProviders=[ValueCodecProvider{}, BsonValueCodecProvider{}, DBRefCodecProvider{}, DBObjectCodecProvider{}, DocumentCodecProvider{}, CollectionCodecProvider{}, IterableCodecProvider{}, MapCodecProvider{}, GeoJsonCodecProvider{}, GridFSFileCodecProvider{}, Jsr310CodecProvider{}, JsonObjectCodecProvider{}, BsonCodecProvider{}, EnumCodecProvider{}, com.mongodb.client.model.mql.ExpressionCodecProvider@9695a96, com.mongodb.Jep395RecordCodecProvider@1b4456ad, com.mongodb.KotlinCodecProvider@2a102d0f]}, loggerSettings=LoggerSettings{maxDocumentLength=1000}, clusterSettings={hosts=[localhost:27017], srvServiceName=mongodb, mode=SINGLE, requiredClusterType=UNKNOWN, requiredReplicaSetName='null', serverSelector='null', clusterListeners='[]', serverSelectionTimeout='30000 ms', localThreshold='15 ms'}, socketSettings=SocketSettings{connectTimeoutMS=10000, readTimeoutMS=0, receiveBufferSize=0, proxySettings=ProxySettings{host=null, port=null, username=null, password=null}}, heartbeatSocketSettings=SocketSettings{connectTimeoutMS=10000, readTimeoutMS=10000, receiveBufferSize=0, proxySettings=ProxySettings{host=null, port=null, username=null, password=null}}, connectionPoolSettings=ConnectionPoolSettings{maxSize=100, minSize=0, maxWaitTimeMS=120000, maxConnectionLifeTimeMS=0, maxConnectionIdleTimeMS=0, maintenanceInitialDelayMS=0, maintenanceFrequencyMS=60000, connectionPoolListeners=[io.micrometer.core.instrument.binder.mongodb.MongoMetricsConnectionPoolListener@6e9e9b3], maxConnecting=2}, serverSettings=ServerSettings{heartbeatFrequencyMS=10000, minHeartbeatFrequencyMS=500, serverMonitoringMode=AUTO, serverListeners='[]', serverMonitorListeners='[]'}, sslSettings=SslSettings{enabled=false, invalidHostNameAllowed=false, context=null}, applicationName='null', compressorList=[], uuidRepresentation=JAVA_LEGACY, serverApi=null, autoEncryptionSettings=null, dnsClient=null, inetAddressResolver=null, contextProvider=null, timeoutMS=null}
2026-03-09T19:55:38.242-04:00  INFO 2036 --- [cluster-ClusterId{value='69af5dfae91025035eb0de0f', description='null'}-localhost:27017] org.mongodb.driver.cluster               : Monitor thread successfully connected to server with description ServerDescription{address=localhost:27017, type=STANDALONE, cryptd=false, state=CONNECTED, ok=true, minWireVersion=0, maxWireVersion=27, maxDocumentSize=16777216, logicalSessionTimeoutMinutes=30, roundTripTimeNanos=29917200, minRoundTripTimeNanos=0}
2026-03-09T19:55:38.375-04:00  INFO 2036 --- [restartedMain] o.s.b.d.a.OptionalLiveReloadServer       : LiveReload server is running on port 35729
2026-03-09T19:55:38.884-04:00  WARN 2036 --- [restartedMain] JpaBaseConfiguration$JpaWebConfiguration : spring.jpa.open-in-view is enabled by default. Therefore, database queries may be performed during view rendering. Explicitly configure spring.jpa.open-in-view to disable this warning
2026-03-09T19:55:39.713-04:00  INFO 2036 --- [restartedMain] o.s.b.a.e.web.EndpointLinksResolver      : Exposing 1 endpoint beneath base path '/actuator'
2026-03-09T19:55:39.842-04:00  INFO 2036 --- [restartedMain] o.s.b.w.embedded.tomcat.TomcatWebServer  : Tomcat started on port 80 (http) with context path '/'
2026-03-09T19:55:39.856-04:00  INFO 2036 --- [restartedMain] com.truckoptimization.Main               : Started Main in 8.7 seconds (process running for 9.454)
2026-03-09T19:55:54.466-04:00  INFO 2036 --- [http-nio-0.0.0.0-80-exec-1] o.a.c.c.C.[Tomcat].[localhost].[/]       : Initializing Spring DispatcherServlet 'dispatcherServlet'
2026-03-09T19:55:54.467-04:00  INFO 2036 --- [http-nio-0.0.0.0-80-exec-1] o.s.web.servlet.DispatcherServlet        : Initializing Servlet 'dispatcherServlet'
2026-03-09T19:55:54.468-04:00  INFO 2036 --- [http-nio-0.0.0.0-80-exec-1] o.s.web.servlet.DispatcherServlet        : Completed initialization in 1 ms
2026-03-09T19:55:55.014-04:00  WARN 2036 --- [http-nio-0.0.0.0-80-exec-1] .m.m.a.ExceptionHandlerExceptionResolver : Resolved [com.truckoptimization.exception.ApiNotConnectedException: Failed to contact ORS API. Check that docker container is running and able to be reached.]
2026-03-09T19:56:21.053-04:00  WARN 2036 --- [http-nio-0.0.0.0-80-exec-3] .m.m.a.ExceptionHandlerExceptionResolver : Resolved [com.truckoptimization.exception.ApiNotConnectedException: Failed to contact ORS API. Check that docker container is running and able to be reached.]
2026-03-09T19:56:48.883-04:00  WARN 2036 --- [http-nio-0.0.0.0-80-exec-6] .m.m.a.ExceptionHandlerExceptionResolver : Resolved [com.truckoptimization.exception.ApiNotConnectedException: Failed to contact ORS API. Check that docker container is running and able to be reached.]
2026-03-09T19:57:05.457-04:00  WARN 2036 --- [http-nio-0.0.0.0-80-exec-9] .m.m.a.ExceptionHandlerExceptionResolver : Resolved [com.truckoptimization.exception.ApiNotConnectedException: Failed to contact ORS API. Check that docker container is running and able to be reached.]
2026-03-09T19:57:19.718-04:00  INFO 2036 --- [File Watcher] rtingClassPathChangeChangedEventListener : Restarting due to 2 class path changes (1 addition, 0 deletions, 1 modification)
2026-03-09T19:57:19.722-04:00  INFO 2036 --- [Thread-4] o.s.b.w.e.tomcat.GracefulShutdown        : Commencing graceful shutdown. Waiting for active requests to complete
2026-03-09T19:57:20.001-04:00  INFO 2036 --- [tomcat-shutdown] o.s.b.w.e.tomcat.GracefulShutdown        : Graceful shutdown complete
2026-03-09T19:57:20.031-04:00  INFO 2036 --- [Thread-4] j.LocalContainerEntityManagerFactoryBean : Closing JPA EntityManagerFactory for persistence unit 'default'
2026-03-09T19:57:20.036-04:00  INFO 2036 --- [Thread-4] com.zaxxer.hikari.HikariDataSource       : HikariPool-1 - Shutdown initiated...
2026-03-09T19:57:20.058-04:00  INFO 2036 --- [Thread-4] com.zaxxer.hikari.HikariDataSource       : HikariPool-1 - Shutdown completed.
2026-03-09T19:57:20.198-04:00  INFO 2036 --- [restartedMain] com.truckoptimization.Main               : Starting Main using Java 17.0.12 with PID 2036 (C:\Programming\Java\TuckOptimaization\truck-routing\target\classes started by lukem in C:\Programming\Java\TuckOptimaization)
2026-03-09T19:57:20.198-04:00  INFO 2036 --- [restartedMain] com.truckoptimization.Main               : No active profile set, falling back to 1 default profile: "default"
2026-03-09T19:57:20.567-04:00  INFO 2036 --- [restartedMain] .s.d.r.c.RepositoryConfigurationDelegate : Multiple Spring Data modules found, entering strict repository configuration mode
2026-03-09T19:57:20.567-04:00  INFO 2036 --- [restartedMain] .s.d.r.c.RepositoryConfigurationDelegate : Bootstrapping Spring Data JPA repositories in DEFAULT mode.
2026-03-09T19:57:20.595-04:00  INFO 2036 --- [restartedMain] .RepositoryConfigurationExtensionSupport : Spring Data JPA - Could not safely identify store assignment for repository candidate interface com.truckoptimization.dto.database.nosql.feature.compiledRouteResult.CompiledRouteResultRepository; If you want this repository to be a JPA repository, consider annotating your entities with one of these annotations: jakarta.persistence.Entity, jakarta.persistence.MappedSuperclass (preferred), or consider extending one of the following types with your repository: org.springframework.data.jpa.repository.JpaRepository
2026-03-09T19:57:20.597-04:00  INFO 2036 --- [restartedMain] .RepositoryConfigurationExtensionSupport : Spring Data JPA - Could not safely identify store assignment for repository candidate interface com.truckoptimization.dto.database.nosql.feature.matrixCache.MatrixRepository; If you want this repository to be a JPA repository, consider annotating your entities with one of these annotations: jakarta.persistence.Entity, jakarta.persistence.MappedSuperclass (preferred), or consider extending one of the following types with your repository: org.springframework.data.jpa.repository.JpaRepository
2026-03-09T19:57:20.628-04:00  INFO 2036 --- [restartedMain] .s.d.r.c.RepositoryConfigurationDelegate : Finished Spring Data repository scanning in 59 ms. Found 2 JPA repository interfaces.
2026-03-09T19:57:20.745-04:00  INFO 2036 --- [restartedMain] .s.d.r.c.RepositoryConfigurationDelegate : Multiple Spring Data modules found, entering strict repository configuration mode
2026-03-09T19:57:20.745-04:00  INFO 2036 --- [restartedMain] .s.d.r.c.RepositoryConfigurationDelegate : Bootstrapping Spring Data MongoDB repositories in DEFAULT mode.
2026-03-09T19:57:20.781-04:00  INFO 2036 --- [restartedMain] .RepositoryConfigurationExtensionSupport : Spring Data MongoDB - Could not safely identify store assignment for repository candidate interface com.truckoptimization.dto.database.sql.features.location.LocationEntityRepository; If you want this repository to be a MongoDB repository, consider annotating your entities with one of these annotations: org.springframework.data.mongodb.core.mapping.Document (preferred), or consider extending one of the following types with your repository: org.springframework.data.mongodb.repository.MongoRepository
2026-03-09T19:57:20.781-04:00  INFO 2036 --- [restartedMain] .RepositoryConfigurationExtensionSupport : Spring Data MongoDB - Could not safely identify store assignment for repository candidate interface com.truckoptimization.dto.location.LocationRepository; If you want this repository to be a MongoDB repository, consider annotating your entities with one of these annotations: org.springframework.data.mongodb.core.mapping.Document (preferred), or consider extending one of the following types with your repository: org.springframework.data.mongodb.repository.MongoRepository
2026-03-09T19:57:20.815-04:00  INFO 2036 --- [restartedMain] .s.d.r.c.RepositoryConfigurationDelegate : Finished Spring Data repository scanning in 69 ms. Found 2 MongoDB repository interfaces.
2026-03-09T19:57:21.004-04:00  INFO 2036 --- [restartedMain] o.s.b.w.embedded.tomcat.TomcatWebServer  : Tomcat initialized with port 80 (http)
2026-03-09T19:57:21.081-04:00  INFO 2036 --- [restartedMain] w.s.c.ServletWebServerApplicationContext : Root WebApplicationContext: initialization completed in 879 ms
2026-03-09T19:57:21.237-04:00  INFO 2036 --- [restartedMain] o.hibernate.jpa.internal.util.LogHelper  : HHH000204: Processing PersistenceUnitInfo [name: default]
2026-03-09T19:57:21.241-04:00  INFO 2036 --- [restartedMain] o.h.c.internal.RegionFactoryInitiator    : HHH000026: Second-level cache disabled
2026-03-09T19:57:21.255-04:00  INFO 2036 --- [restartedMain] o.s.o.j.p.SpringPersistenceUnitInfo      : No LoadTimeWeaver setup: ignoring JPA class transformer
2026-03-09T19:57:21.257-04:00  INFO 2036 --- [restartedMain] com.zaxxer.hikari.HikariDataSource       : HikariPool-2 - Starting...
2026-03-09T19:57:21.269-04:00  INFO 2036 --- [restartedMain] com.zaxxer.hikari.pool.HikariPool        : HikariPool-2 - Added connection com.mysql.cj.jdbc.ConnectionImpl@4f475d9e
2026-03-09T19:57:21.269-04:00  INFO 2036 --- [restartedMain] com.zaxxer.hikari.HikariDataSource       : HikariPool-2 - Start completed.
2026-03-09T19:57:21.271-04:00  WARN 2036 --- [restartedMain] org.hibernate.orm.deprecation            : HHH90000025: MySQLDialect does not need to be specified explicitly using 'hibernate.dialect' (remove the property setting and it will be selected by default)
2026-03-09T19:57:21.271-04:00  INFO 2036 --- [restartedMain] org.hibernate.orm.connections.pooling    : HHH10001005: Database info:
	Database JDBC URL [Connecting through datasource 'HikariDataSource (HikariPool-2)']
	Database driver: undefined/unknown
	Database version: 8.0.40
	Autocommit mode: undefined/unknown
	Isolation level: undefined/unknown
	Minimum pool size: undefined/unknown
	Maximum pool size: undefined/unknown
2026-03-09T19:57:21.320-04:00  INFO 2036 --- [restartedMain] o.h.m.i.EntityInstantiatorPojoStandard   : HHH000182: No default (no-argument) constructor for class: com.truckoptimization.dto.results.RouteResult (class must be instantiated by Interceptor)
2026-03-09T19:57:21.347-04:00  INFO 2036 --- [restartedMain] o.h.e.t.j.p.i.JtaPlatformInitiator       : HHH000489: No JTA platform available (set 'hibernate.transaction.jta.platform' to enable JTA platform integration)
2026-03-09T19:57:21.356-04:00  INFO 2036 --- [restartedMain] j.LocalContainerEntityManagerFactoryBean : Initialized JPA EntityManagerFactory for persistence unit 'default'
2026-03-09T19:57:21.519-04:00  INFO 2036 --- [restartedMain] org.mongodb.driver.client                : MongoClient with metadata {"driver": {"name": "mongo-java-driver|sync|spring-boot", "version": "5.2.1"}, "os": {"type": "Windows", "name": "Windows 11", "architecture": "amd64", "version": "10.0"}, "platform": "Java/Oracle Corporation/17.0.12+8-LTS-286"} created with settings MongoClientSettings{readPreference=primary, writeConcern=WriteConcern{w=null, wTimeout=null ms, journal=null}, retryWrites=true, retryReads=true, readConcern=ReadConcern{level=null}, credential=null, transportSettings=null, commandListeners=[io.micrometer.core.instrument.binder.mongodb.MongoMetricsCommandListener@ef85457], codecRegistry=ProvidersCodecRegistry{codecProviders=[ValueCodecProvider{}, BsonValueCodecProvider{}, DBRefCodecProvider{}, DBObjectCodecProvider{}, DocumentCodecProvider{}, CollectionCodecProvider{}, IterableCodecProvider{}, MapCodecProvider{}, GeoJsonCodecProvider{}, GridFSFileCodecProvider{}, Jsr310CodecProvider{}, JsonObjectCodecProvider{}, BsonCodecProvider{}, EnumCodecProvider{}, com.mongodb.client.model.mql.ExpressionCodecProvider@9695a96, com.mongodb.Jep395RecordCodecProvider@1b4456ad, com.mongodb.KotlinCodecProvider@2a102d0f]}, loggerSettings=LoggerSettings{maxDocumentLength=1000}, clusterSettings={hosts=[localhost:27017], srvServiceName=mongodb, mode=SINGLE, requiredClusterType=UNKNOWN, requiredReplicaSetName='null', serverSelector='null', clusterListeners='[]', serverSelectionTimeout='30000 ms', localThreshold='15 ms'}, socketSettings=SocketSettings{connectTimeoutMS=10000, readTimeoutMS=0, receiveBufferSize=0, proxySettings=ProxySettings{host=null, port=null, username=null, password=null}}, heartbeatSocketSettings=SocketSettings{connectTimeoutMS=10000, readTimeoutMS=10000, receiveBufferSize=0, proxySettings=ProxySettings{host=null, port=null, username=null, password=null}}, connectionPoolSettings=ConnectionPoolSettings{maxSize=100, minSize=0, maxWaitTimeMS=120000, maxConnectionLifeTimeMS=0, maxConnectionIdleTimeMS=0, maintenanceInitialDelayMS=0, maintenanceFrequencyMS=60000, connectionPoolListeners=[io.micrometer.core.instrument.binder.mongodb.MongoMetricsConnectionPoolListener@4db78316], maxConnecting=2}, serverSettings=ServerSettings{heartbeatFrequencyMS=10000, minHeartbeatFrequencyMS=500, serverMonitoringMode=AUTO, serverListeners='[]', serverMonitorListeners='[]'}, sslSettings=SslSettings{enabled=false, invalidHostNameAllowed=false, context=null}, applicationName='null', compressorList=[], uuidRepresentation=JAVA_LEGACY, serverApi=null, autoEncryptionSettings=null, dnsClient=null, inetAddressResolver=null, contextProvider=null, timeoutMS=null}
2026-03-09T19:57:21.520-04:00  INFO 2036 --- [cluster-ClusterId{value='69af5e61e91025035eb0de10', description='null'}-localhost:27017] org.mongodb.driver.cluster               : Monitor thread successfully connected to server with description ServerDescription{address=localhost:27017, type=STANDALONE, cryptd=false, state=CONNECTED, ok=true, minWireVersion=0, maxWireVersion=27, maxDocumentSize=16777216, logicalSessionTimeoutMinutes=30, roundTripTimeNanos=1288500, minRoundTripTimeNanos=0}
2026-03-09T19:57:21.561-04:00  INFO 2036 --- [restartedMain] o.s.b.d.a.OptionalLiveReloadServer       : LiveReload server is running on port 35729
2026-03-09T19:57:21.785-04:00  WARN 2036 --- [restartedMain] JpaBaseConfiguration$JpaWebConfiguration : spring.jpa.open-in-view is enabled by default. Therefore, database queries may be performed during view rendering. Explicitly configure spring.jpa.open-in-view to disable this warning
2026-03-09T19:57:22.165-04:00  INFO 2036 --- [restartedMain] o.s.b.a.e.web.EndpointLinksResolver      : Exposing 1 endpoint beneath base path '/actuator'
2026-03-09T19:57:22.190-04:00  INFO 2036 --- [restartedMain] o.s.b.w.embedded.tomcat.TomcatWebServer  : Tomcat started on port 80 (http) with context path '/'
2026-03-09T19:57:22.195-04:00  INFO 2036 --- [restartedMain] com.truckoptimization.Main               : Started Main in 2.048 seconds (process running for 111.794)
2026-03-09T19:57:22.196-04:00  INFO 2036 --- [SpringApplicationShutdownHook] o.s.b.w.e.tomcat.GracefulShutdown        : Commencing graceful shutdown. Waiting for active requests to complete
2026-03-09T19:57:22.198-04:00  INFO 2036 --- [restartedMain] .ConditionEvaluationDeltaLoggingListener : Condition evaluation unchanged
2026-03-09T19:57:22.458-04:00  INFO 2036 --- [tomcat-shutdown] o.s.b.w.e.tomcat.GracefulShutdown        : Graceful shutdown complete
2026-03-09T19:57:22.463-04:00  INFO 2036 --- [SpringApplicationShutdownHook] j.LocalContainerEntityManagerFactoryBean : Closing JPA EntityManagerFactory for persistence unit 'default'
2026-03-09T19:57:22.464-04:00  INFO 2036 --- [SpringApplicationShutdownHook] com.zaxxer.hikari.HikariDataSource       : HikariPool-2 - Shutdown initiated...
2026-03-09T19:57:22.470-04:00  INFO 2036 --- [SpringApplicationShutdownHook] com.zaxxer.hikari.HikariDataSource       : HikariPool-2 - Shutdown completed.
2026-03-09T19:57:34.516-04:00  INFO 5680 --- [restartedMain] com.truckoptimization.Main               : Starting Main using Java 17.0.12 with PID 5680 (C:\Programming\Java\TuckOptimaization\truck-routing\target\classes started by lukem in c:\Programming\Java\TuckOptimaization)
2026-03-09T19:57:34.519-04:00  INFO 5680 --- [restartedMain] com.truckoptimization.Main               : No active profile set, falling back to 1 default profile: "default"
2026-03-09T19:57:34.598-04:00  INFO 5680 --- [restartedMain] .e.DevToolsPropertyDefaultsPostProcessor : Devtools property defaults active! Set 'spring.devtools.add-properties' to 'false' to disable
2026-03-09T19:57:34.598-04:00  INFO 5680 --- [restartedMain] .e.DevToolsPropertyDefaultsPostProcessor : For additional web related logging consider setting the 'logging.level.web' property to 'DEBUG'
2026-03-09T19:57:35.572-04:00  INFO 5680 --- [restartedMain] .s.d.r.c.RepositoryConfigurationDelegate : Multiple Spring Data modules found, entering strict repository configuration mode
2026-03-09T19:57:35.573-04:00  INFO 5680 --- [restartedMain] .s.d.r.c.RepositoryConfigurationDelegate : Bootstrapping Spring Data JPA repositories in DEFAULT mode.
2026-03-09T19:57:35.625-04:00  INFO 5680 --- [restartedMain] .RepositoryConfigurationExtensionSupport : Spring Data JPA - Could not safely identify store assignment for repository candidate interface com.truckoptimization.dto.database.nosql.feature.compiledRouteResult.CompiledRouteResultRepository; If you want this repository to be a JPA repository, consider annotating your entities with one of these annotations: jakarta.persistence.Entity, jakarta.persistence.MappedSuperclass (preferred), or consider extending one of the following types with your repository: org.springframework.data.jpa.repository.JpaRepository
2026-03-09T19:57:35.627-04:00  INFO 5680 --- [restartedMain] .RepositoryConfigurationExtensionSupport : Spring Data JPA - Could not safely identify store assignment for repository candidate interface com.truckoptimization.dto.database.nosql.feature.matrixCache.MatrixRepository; If you want this repository to be a JPA repository, consider annotating your entities with one of these annotations: jakarta.persistence.Entity, jakarta.persistence.MappedSuperclass (preferred), or consider extending one of the following types with your repository: org.springframework.data.jpa.repository.JpaRepository
2026-03-09T19:57:35.776-04:00  INFO 5680 --- [restartedMain] .s.d.r.c.RepositoryConfigurationDelegate : Finished Spring Data repository scanning in 191 ms. Found 2 JPA repository interfaces.
2026-03-09T19:57:36.164-04:00  INFO 5680 --- [restartedMain] .s.d.r.c.RepositoryConfigurationDelegate : Multiple Spring Data modules found, entering strict repository configuration mode
2026-03-09T19:57:36.165-04:00  INFO 5680 --- [restartedMain] .s.d.r.c.RepositoryConfigurationDelegate : Bootstrapping Spring Data MongoDB repositories in DEFAULT mode.
2026-03-09T19:57:36.210-04:00  INFO 5680 --- [restartedMain] .RepositoryConfigurationExtensionSupport : Spring Data MongoDB - Could not safely identify store assignment for repository candidate interface com.truckoptimization.dto.database.sql.features.location.LocationEntityRepository; If you want this repository to be a MongoDB repository, consider annotating your entities with one of these annotations: org.springframework.data.mongodb.core.mapping.Document (preferred), or consider extending one of the following types with your repository: org.springframework.data.mongodb.repository.MongoRepository
2026-03-09T19:57:36.210-04:00  INFO 5680 --- [restartedMain] .RepositoryConfigurationExtensionSupport : Spring Data MongoDB - Could not safely identify store assignment for repository candidate interface com.truckoptimization.dto.location.LocationRepository; If you want this repository to be a MongoDB repository, consider annotating your entities with one of these annotations: org.springframework.data.mongodb.core.mapping.Document (preferred), or consider extending one of the following types with your repository: org.springframework.data.mongodb.repository.MongoRepository
2026-03-09T19:57:36.242-04:00  INFO 5680 --- [restartedMain] .s.d.r.c.RepositoryConfigurationDelegate : Finished Spring Data repository scanning in 75 ms. Found 2 MongoDB repository interfaces.
2026-03-09T19:57:37.334-04:00  INFO 5680 --- [restartedMain] o.s.b.w.embedded.tomcat.TomcatWebServer  : Tomcat initialized with port 80 (http)
2026-03-09T19:57:37.347-04:00  INFO 5680 --- [restartedMain] o.apache.catalina.core.StandardService   : Starting service [Tomcat]
2026-03-09T19:57:37.347-04:00  INFO 5680 --- [restartedMain] o.apache.catalina.core.StandardEngine    : Starting Servlet engine: [Apache Tomcat/10.1.34]
2026-03-09T19:57:37.454-04:00  INFO 5680 --- [restartedMain] o.a.c.c.C.[Tomcat].[localhost].[/]       : Initializing Spring embedded WebApplicationContext
2026-03-09T19:57:37.455-04:00  INFO 5680 --- [restartedMain] w.s.c.ServletWebServerApplicationContext : Root WebApplicationContext: initialization completed in 2855 ms
2026-03-09T19:57:37.889-04:00  INFO 5680 --- [restartedMain] o.hibernate.jpa.internal.util.LogHelper  : HHH000204: Processing PersistenceUnitInfo [name: default]
2026-03-09T19:57:37.952-04:00  INFO 5680 --- [restartedMain] org.hibernate.Version                    : HHH000412: Hibernate ORM core version 6.6.4.Final
2026-03-09T19:57:38.006-04:00  INFO 5680 --- [restartedMain] o.h.c.internal.RegionFactoryInitiator    : HHH000026: Second-level cache disabled
2026-03-09T19:57:38.340-04:00  INFO 5680 --- [restartedMain] o.s.o.j.p.SpringPersistenceUnitInfo      : No LoadTimeWeaver setup: ignoring JPA class transformer
2026-03-09T19:57:38.379-04:00  INFO 5680 --- [restartedMain] com.zaxxer.hikari.HikariDataSource       : HikariPool-1 - Starting...
2026-03-09T19:57:38.648-04:00  INFO 5680 --- [restartedMain] com.zaxxer.hikari.pool.HikariPool        : HikariPool-1 - Added connection com.mysql.cj.jdbc.ConnectionImpl@7d7f0687
2026-03-09T19:57:38.650-04:00  INFO 5680 --- [restartedMain] com.zaxxer.hikari.HikariDataSource       : HikariPool-1 - Start completed.
2026-03-09T19:57:38.694-04:00  WARN 5680 --- [restartedMain] org.hibernate.orm.deprecation            : HHH90000025: MySQLDialect does not need to be specified explicitly using 'hibernate.dialect' (remove the property setting and it will be selected by default)
2026-03-09T19:57:38.717-04:00  INFO 5680 --- [restartedMain] org.hibernate.orm.connections.pooling    : HHH10001005: Database info:
	Database JDBC URL [Connecting through datasource 'HikariDataSource (HikariPool-1)']
	Database driver: undefined/unknown
	Database version: 8.0.40
	Autocommit mode: undefined/unknown
	Isolation level: undefined/unknown
	Minimum pool size: undefined/unknown
	Maximum pool size: undefined/unknown
2026-03-09T19:57:39.377-04:00  INFO 5680 --- [restartedMain] o.h.m.i.EntityInstantiatorPojoStandard   : HHH000182: No default (no-argument) constructor for class: com.truckoptimization.dto.results.RouteResult (class must be instantiated by Interceptor)
2026-03-09T19:57:39.570-04:00  INFO 5680 --- [restartedMain] o.h.e.t.j.p.i.JtaPlatformInitiator       : HHH000489: No JTA platform available (set 'hibernate.transaction.jta.platform' to enable JTA platform integration)
2026-03-09T19:57:39.617-04:00  INFO 5680 --- [restartedMain] j.LocalContainerEntityManagerFactoryBean : Initialized JPA EntityManagerFactory for persistence unit 'default'
2026-03-09T19:57:40.889-04:00  INFO 5680 --- [restartedMain] org.mongodb.driver.client                : MongoClient with metadata {"driver": {"name": "mongo-java-driver|sync|spring-boot", "version": "5.2.1"}, "os": {"type": "Windows", "name": "Windows 11", "architecture": "amd64", "version": "10.0"}, "platform": "Java/Oracle Corporation/17.0.12+8-LTS-286"} created with settings MongoClientSettings{readPreference=primary, writeConcern=WriteConcern{w=null, wTimeout=null ms, journal=null}, retryWrites=true, retryReads=true, readConcern=ReadConcern{level=null}, credential=null, transportSettings=null, commandListeners=[io.micrometer.core.instrument.binder.mongodb.MongoMetricsCommandListener@62e37075], codecRegistry=ProvidersCodecRegistry{codecProviders=[ValueCodecProvider{}, BsonValueCodecProvider{}, DBRefCodecProvider{}, DBObjectCodecProvider{}, DocumentCodecProvider{}, CollectionCodecProvider{}, IterableCodecProvider{}, MapCodecProvider{}, GeoJsonCodecProvider{}, GridFSFileCodecProvider{}, Jsr310CodecProvider{}, JsonObjectCodecProvider{}, BsonCodecProvider{}, EnumCodecProvider{}, com.mongodb.client.model.mql.ExpressionCodecProvider@4339c17b, com.mongodb.Jep395RecordCodecProvider@9695a96, com.mongodb.KotlinCodecProvider@1b4456ad]}, loggerSettings=LoggerSettings{maxDocumentLength=1000}, clusterSettings={hosts=[localhost:27017], srvServiceName=mongodb, mode=SINGLE, requiredClusterType=UNKNOWN, requiredReplicaSetName='null', serverSelector='null', clusterListeners='[]', serverSelectionTimeout='30000 ms', localThreshold='15 ms'}, socketSettings=SocketSettings{connectTimeoutMS=10000, readTimeoutMS=0, receiveBufferSize=0, proxySettings=ProxySettings{host=null, port=null, username=null, password=null}}, heartbeatSocketSettings=SocketSettings{connectTimeoutMS=10000, readTimeoutMS=10000, receiveBufferSize=0, proxySettings=ProxySettings{host=null, port=null, username=null, password=null}}, connectionPoolSettings=ConnectionPoolSettings{maxSize=100, minSize=0, maxWaitTimeMS=120000, maxConnectionLifeTimeMS=0, maxConnectionIdleTimeMS=0, maintenanceInitialDelayMS=0, maintenanceFrequencyMS=60000, connectionPoolListeners=[io.micrometer.core.instrument.binder.mongodb.MongoMetricsConnectionPoolListener@443c93db], maxConnecting=2}, serverSettings=ServerSettings{heartbeatFrequencyMS=10000, minHeartbeatFrequencyMS=500, serverMonitoringMode=AUTO, serverListeners='[]', serverMonitorListeners='[]'}, sslSettings=SslSettings{enabled=false, invalidHostNameAllowed=false, context=null}, applicationName='null', compressorList=[], uuidRepresentation=JAVA_LEGACY, serverApi=null, autoEncryptionSettings=null, dnsClient=null, inetAddressResolver=null, contextProvider=null, timeoutMS=null}
2026-03-09T19:57:40.898-04:00  INFO 5680 --- [cluster-ClusterId{value='69af5e748393f401d60d3185', description='null'}-localhost:27017] org.mongodb.driver.cluster               : Monitor thread successfully connected to server with description ServerDescription{address=localhost:27017, type=STANDALONE, cryptd=false, state=CONNECTED, ok=true, minWireVersion=0, maxWireVersion=27, maxDocumentSize=16777216, logicalSessionTimeoutMinutes=30, roundTripTimeNanos=25034100, minRoundTripTimeNanos=0}
2026-03-09T19:57:41.043-04:00  INFO 5680 --- [restartedMain] o.s.b.d.a.OptionalLiveReloadServer       : LiveReload server is running on port 35729
2026-03-09T19:57:41.589-04:00  WARN 5680 --- [restartedMain] JpaBaseConfiguration$JpaWebConfiguration : spring.jpa.open-in-view is enabled by default. Therefore, database queries may be performed during view rendering. Explicitly configure spring.jpa.open-in-view to disable this warning
2026-03-09T19:57:42.539-04:00  INFO 5680 --- [restartedMain] o.s.b.a.e.web.EndpointLinksResolver      : Exposing 1 endpoint beneath base path '/actuator'
2026-03-09T19:57:42.682-04:00  INFO 5680 --- [restartedMain] o.s.b.w.embedded.tomcat.TomcatWebServer  : Tomcat started on port 80 (http) with context path '/'
2026-03-09T19:57:42.698-04:00  INFO 5680 --- [restartedMain] com.truckoptimization.Main               : Started Main in 8.667 seconds (process running for 9.423)
2026-03-09T19:57:47.099-04:00  INFO 5680 --- [http-nio-0.0.0.0-80-exec-1] o.a.c.c.C.[Tomcat].[localhost].[/]       : Initializing Spring DispatcherServlet 'dispatcherServlet'
2026-03-09T19:57:47.099-04:00  INFO 5680 --- [http-nio-0.0.0.0-80-exec-1] o.s.web.servlet.DispatcherServlet        : Initializing Servlet 'dispatcherServlet'
2026-03-09T19:57:47.101-04:00  INFO 5680 --- [http-nio-0.0.0.0-80-exec-1] o.s.web.servlet.DispatcherServlet        : Completed initialization in 1 ms
2026-03-09T19:57:47.727-04:00  WARN 5680 --- [http-nio-0.0.0.0-80-exec-1] .m.m.a.ExceptionHandlerExceptionResolver : Resolved [com.truckoptimization.exception.ApiNotConnectedException: Failed to contact ORS API. Check that docker container is running and able to be reached.]
2026-03-09T20:02:07.626-04:00  INFO 5680 --- [File Watcher] rtingClassPathChangeChangedEventListener : Restarting due to 4 class path changes (0 additions, 0 deletions, 4 modifications)
2026-03-09T20:02:07.631-04:00  INFO 5680 --- [Thread-4] o.s.b.w.e.tomcat.GracefulShutdown        : Commencing graceful shutdown. Waiting for active requests to complete
2026-03-09T20:02:07.915-04:00  INFO 5680 --- [tomcat-shutdown] o.s.b.w.e.tomcat.GracefulShutdown        : Graceful shutdown complete
2026-03-09T20:02:07.947-04:00  INFO 5680 --- [Thread-4] j.LocalContainerEntityManagerFactoryBean : Closing JPA EntityManagerFactory for persistence unit 'default'
2026-03-09T20:02:07.950-04:00  INFO 5680 --- [Thread-4] com.zaxxer.hikari.HikariDataSource       : HikariPool-1 - Shutdown initiated...
2026-03-09T20:02:07.960-04:00  INFO 5680 --- [Thread-4] com.zaxxer.hikari.HikariDataSource       : HikariPool-1 - Shutdown completed.
2026-03-09T20:02:08.091-04:00  INFO 5680 --- [restartedMain] com.truckoptimization.Main               : Starting Main using Java 17.0.12 with PID 5680 (C:\Programming\Java\TuckOptimaization\truck-routing\target\classes started by lukem in c:\Programming\Java\TuckOptimaization)
2026-03-09T20:02:08.092-04:00  INFO 5680 --- [restartedMain] com.truckoptimization.Main               : No active profile set, falling back to 1 default profile: "default"
2026-03-09T20:02:08.532-04:00  INFO 5680 --- [restartedMain] .s.d.r.c.RepositoryConfigurationDelegate : Multiple Spring Data modules found, entering strict repository configuration mode
2026-03-09T20:02:08.532-04:00  INFO 5680 --- [restartedMain] .s.d.r.c.RepositoryConfigurationDelegate : Bootstrapping Spring Data JPA repositories in DEFAULT mode.
2026-03-09T20:02:08.555-04:00  INFO 5680 --- [restartedMain] .RepositoryConfigurationExtensionSupport : Spring Data JPA - Could not safely identify store assignment for repository candidate interface com.truckoptimization.dto.database.nosql.feature.compiledRouteResult.CompiledRouteResultRepository; If you want this repository to be a JPA repository, consider annotating your entities with one of these annotations: jakarta.persistence.Entity, jakarta.persistence.MappedSuperclass (preferred), or consider extending one of the following types with your repository: org.springframework.data.jpa.repository.JpaRepository
2026-03-09T20:02:08.558-04:00  INFO 5680 --- [restartedMain] .RepositoryConfigurationExtensionSupport : Spring Data JPA - Could not safely identify store assignment for repository candidate interface com.truckoptimization.dto.database.nosql.feature.matrixCache.MatrixRepository; If you want this repository to be a JPA repository, consider annotating your entities with one of these annotations: jakarta.persistence.Entity, jakarta.persistence.MappedSuperclass (preferred), or consider extending one of the following types with your repository: org.springframework.data.jpa.repository.JpaRepository
2026-03-09T20:02:08.581-04:00  INFO 5680 --- [restartedMain] .s.d.r.c.RepositoryConfigurationDelegate : Finished Spring Data repository scanning in 47 ms. Found 2 JPA repository interfaces.
2026-03-09T20:02:08.685-04:00  INFO 5680 --- [restartedMain] .s.d.r.c.RepositoryConfigurationDelegate : Multiple Spring Data modules found, entering strict repository configuration mode
2026-03-09T20:02:08.686-04:00  INFO 5680 --- [restartedMain] .s.d.r.c.RepositoryConfigurationDelegate : Bootstrapping Spring Data MongoDB repositories in DEFAULT mode.
2026-03-09T20:02:08.721-04:00  INFO 5680 --- [restartedMain] .RepositoryConfigurationExtensionSupport : Spring Data MongoDB - Could not safely identify store assignment for repository candidate interface com.truckoptimization.dto.database.sql.features.location.LocationEntityRepository; If you want this repository to be a MongoDB repository, consider annotating your entities with one of these annotations: org.springframework.data.mongodb.core.mapping.Document (preferred), or consider extending one of the following types with your repository: org.springframework.data.mongodb.repository.MongoRepository
2026-03-09T20:02:08.722-04:00  INFO 5680 --- [restartedMain] .RepositoryConfigurationExtensionSupport : Spring Data MongoDB - Could not safely identify store assignment for repository candidate interface com.truckoptimization.dto.location.LocationRepository; If you want this repository to be a MongoDB repository, consider annotating your entities with one of these annotations: org.springframework.data.mongodb.core.mapping.Document (preferred), or consider extending one of the following types with your repository: org.springframework.data.mongodb.repository.MongoRepository
2026-03-09T20:02:08.757-04:00  INFO 5680 --- [restartedMain] .s.d.r.c.RepositoryConfigurationDelegate : Finished Spring Data repository scanning in 70 ms. Found 2 MongoDB repository interfaces.
2026-03-09T20:02:08.924-04:00  INFO 5680 --- [restartedMain] o.s.b.w.embedded.tomcat.TomcatWebServer  : Tomcat initialized with port 80 (http)
2026-03-09T20:02:08.925-04:00  INFO 5680 --- [restartedMain] o.apache.catalina.core.StandardService   : Starting service [Tomcat]
2026-03-09T20:02:08.925-04:00  INFO 5680 --- [restartedMain] o.apache.catalina.core.StandardEngine    : Starting Servlet engine: [Apache Tomcat/10.1.34]
2026-03-09T20:02:09.003-04:00  INFO 5680 --- [restartedMain] o.a.c.c.C.[Tomcat].[localhost].[/]       : Initializing Spring embedded WebApplicationContext
2026-03-09T20:02:09.004-04:00  INFO 5680 --- [restartedMain] w.s.c.ServletWebServerApplicationContext : Root WebApplicationContext: initialization completed in 908 ms
2026-03-09T20:02:09.166-04:00  INFO 5680 --- [restartedMain] o.hibernate.jpa.internal.util.LogHelper  : HHH000204: Processing PersistenceUnitInfo [name: default]
2026-03-09T20:02:09.171-04:00  INFO 5680 --- [restartedMain] o.h.c.internal.RegionFactoryInitiator    : HHH000026: Second-level cache disabled
2026-03-09T20:02:09.184-04:00  INFO 5680 --- [restartedMain] o.s.o.j.p.SpringPersistenceUnitInfo      : No LoadTimeWeaver setup: ignoring JPA class transformer
2026-03-09T20:02:09.185-04:00  INFO 5680 --- [restartedMain] com.zaxxer.hikari.HikariDataSource       : HikariPool-2 - Starting...
2026-03-09T20:02:09.200-04:00  INFO 5680 --- [restartedMain] com.zaxxer.hikari.pool.HikariPool        : HikariPool-2 - Added connection com.mysql.cj.jdbc.ConnectionImpl@551a4a63
2026-03-09T20:02:09.201-04:00  INFO 5680 --- [restartedMain] com.zaxxer.hikari.HikariDataSource       : HikariPool-2 - Start completed.
2026-03-09T20:02:09.202-04:00  WARN 5680 --- [restartedMain] org.hibernate.orm.deprecation            : HHH90000025: MySQLDialect does not need to be specified explicitly using 'hibernate.dialect' (remove the property setting and it will be selected by default)
2026-03-09T20:02:09.203-04:00  INFO 5680 --- [restartedMain] org.hibernate.orm.connections.pooling    : HHH10001005: Database info:
	Database JDBC URL [Connecting through datasource 'HikariDataSource (HikariPool-2)']
	Database driver: undefined/unknown
	Database version: 8.0.40
	Autocommit mode: undefined/unknown
	Isolation level: undefined/unknown
	Minimum pool size: undefined/unknown
	Maximum pool size: undefined/unknown
2026-03-09T20:02:09.249-04:00  INFO 5680 --- [restartedMain] o.h.m.i.EntityInstantiatorPojoStandard   : HHH000182: No default (no-argument) constructor for class: com.truckoptimization.dto.results.RouteResult (class must be instantiated by Interceptor)
2026-03-09T20:02:09.274-04:00  INFO 5680 --- [restartedMain] o.h.e.t.j.p.i.JtaPlatformInitiator       : HHH000489: No JTA platform available (set 'hibernate.transaction.jta.platform' to enable JTA platform integration)
2026-03-09T20:02:09.283-04:00  INFO 5680 --- [restartedMain] j.LocalContainerEntityManagerFactoryBean : Initialized JPA EntityManagerFactory for persistence unit 'default'
2026-03-09T20:02:09.509-04:00  INFO 5680 --- [restartedMain] org.mongodb.driver.client                : MongoClient with metadata {"driver": {"name": "mongo-java-driver|sync|spring-boot", "version": "5.2.1"}, "os": {"type": "Windows", "name": "Windows 11", "architecture": "amd64", "version": "10.0"}, "platform": "Java/Oracle Corporation/17.0.12+8-LTS-286"} created with settings MongoClientSettings{readPreference=primary, writeConcern=WriteConcern{w=null, wTimeout=null ms, journal=null}, retryWrites=true, retryReads=true, readConcern=ReadConcern{level=null}, credential=null, transportSettings=null, commandListeners=[io.micrometer.core.instrument.binder.mongodb.MongoMetricsCommandListener@243bce8b], codecRegistry=ProvidersCodecRegistry{codecProviders=[ValueCodecProvider{}, BsonValueCodecProvider{}, DBRefCodecProvider{}, DBObjectCodecProvider{}, DocumentCodecProvider{}, CollectionCodecProvider{}, IterableCodecProvider{}, MapCodecProvider{}, GeoJsonCodecProvider{}, GridFSFileCodecProvider{}, Jsr310CodecProvider{}, JsonObjectCodecProvider{}, BsonCodecProvider{}, EnumCodecProvider{}, com.mongodb.client.model.mql.ExpressionCodecProvider@4339c17b, com.mongodb.Jep395RecordCodecProvider@9695a96, com.mongodb.KotlinCodecProvider@1b4456ad]}, loggerSettings=LoggerSettings{maxDocumentLength=1000}, clusterSettings={hosts=[localhost:27017], srvServiceName=mongodb, mode=SINGLE, requiredClusterType=UNKNOWN, requiredReplicaSetName='null', serverSelector='null', clusterListeners='[]', serverSelectionTimeout='30000 ms', localThreshold='15 ms'}, socketSettings=SocketSettings{connectTimeoutMS=10000, readTimeoutMS=0, receiveBufferSize=0, proxySettings=ProxySettings{host=null, port=null, username=null, password=null}}, heartbeatSocketSettings=SocketSettings{connectTimeoutMS=10000, readTimeoutMS=10000, receiveBufferSize=0, proxySettings=ProxySettings{host=null, port=null, username=null, password=null}}, connectionPoolSettings=ConnectionPoolSettings{maxSize=100, minSize=0, maxWaitTimeMS=120000, maxConnectionLifeTimeMS=0, maxConnectionIdleTimeMS=0, maintenanceInitialDelayMS=0, maintenanceFrequencyMS=60000, connectionPoolListeners=[io.micrometer.core.instrument.binder.mongodb.MongoMetricsConnectionPoolListener@50f73aef], maxConnecting=2}, serverSettings=ServerSettings{heartbeatFrequencyMS=10000, minHeartbeatFrequencyMS=500, serverMonitoringMode=AUTO, serverListeners='[]', serverMonitorListeners='[]'}, sslSettings=SslSettings{enabled=false, invalidHostNameAllowed=false, context=null}, applicationName='null', compressorList=[], uuidRepresentation=JAVA_LEGACY, serverApi=null, autoEncryptionSettings=null, dnsClient=null, inetAddressResolver=null, contextProvider=null, timeoutMS=null}
2026-03-09T20:02:09.510-04:00  INFO 5680 --- [cluster-ClusterId{value='69af5f818393f401d60d3186', description='null'}-localhost:27017] org.mongodb.driver.cluster               : Monitor thread successfully connected to server with description ServerDescription{address=localhost:27017, type=STANDALONE, cryptd=false, state=CONNECTED, ok=true, minWireVersion=0, maxWireVersion=27, maxDocumentSize=16777216, logicalSessionTimeoutMinutes=30, roundTripTimeNanos=1274800, minRoundTripTimeNanos=0}
2026-03-09T20:02:09.550-04:00  INFO 5680 --- [restartedMain] o.s.b.d.a.OptionalLiveReloadServer       : LiveReload server is running on port 35729
2026-03-09T20:02:09.821-04:00  WARN 5680 --- [restartedMain] JpaBaseConfiguration$JpaWebConfiguration : spring.jpa.open-in-view is enabled by default. Therefore, database queries may be performed during view rendering. Explicitly configure spring.jpa.open-in-view to disable this warning
2026-03-09T20:02:10.179-04:00  INFO 5680 --- [restartedMain] o.s.b.a.e.web.EndpointLinksResolver      : Exposing 1 endpoint beneath base path '/actuator'
2026-03-09T20:02:10.205-04:00  INFO 5680 --- [restartedMain] o.s.b.w.embedded.tomcat.TomcatWebServer  : Tomcat started on port 80 (http) with context path '/'
2026-03-09T20:02:10.211-04:00  INFO 5680 --- [restartedMain] com.truckoptimization.Main               : Started Main in 2.176 seconds (process running for 276.935)
2026-03-09T20:02:10.214-04:00  INFO 5680 --- [restartedMain] .ConditionEvaluationDeltaLoggingListener : Condition evaluation unchanged
2026-03-09T20:02:17.143-04:00  INFO 5680 --- [File Watcher] rtingClassPathChangeChangedEventListener : Restarting due to 1 class path change (0 additions, 0 deletions, 1 modification)
2026-03-09T20:02:17.145-04:00  INFO 5680 --- [Thread-7] o.s.b.w.e.tomcat.GracefulShutdown        : Commencing graceful shutdown. Waiting for active requests to complete
2026-03-09T20:02:17.400-04:00  INFO 5680 --- [tomcat-shutdown] o.s.b.w.e.tomcat.GracefulShutdown        : Graceful shutdown complete
2026-03-09T20:02:17.404-04:00  INFO 5680 --- [Thread-7] j.LocalContainerEntityManagerFactoryBean : Closing JPA EntityManagerFactory for persistence unit 'default'
2026-03-09T20:02:17.405-04:00  INFO 5680 --- [Thread-7] com.zaxxer.hikari.HikariDataSource       : HikariPool-2 - Shutdown initiated...
2026-03-09T20:02:17.411-04:00  INFO 5680 --- [Thread-7] com.zaxxer.hikari.HikariDataSource       : HikariPool-2 - Shutdown completed.
2026-03-09T20:02:17.495-04:00  INFO 5680 --- [restartedMain] com.truckoptimization.Main               : Starting Main using Java 17.0.12 with PID 5680 (C:\Programming\Java\TuckOptimaization\truck-routing\target\classes started by lukem in c:\Programming\Java\TuckOptimaization)
2026-03-09T20:02:17.495-04:00  INFO 5680 --- [restartedMain] com.truckoptimization.Main               : No active profile set, falling back to 1 default profile: "default"
2026-03-09T20:02:17.848-04:00  INFO 5680 --- [restartedMain] .s.d.r.c.RepositoryConfigurationDelegate : Multiple Spring Data modules found, entering strict repository configuration mode
2026-03-09T20:02:17.848-04:00  INFO 5680 --- [restartedMain] .s.d.r.c.RepositoryConfigurationDelegate : Bootstrapping Spring Data JPA repositories in DEFAULT mode.
2026-03-09T20:02:17.871-04:00  INFO 5680 --- [restartedMain] .RepositoryConfigurationExtensionSupport : Spring Data JPA - Could not safely identify store assignment for repository candidate interface com.truckoptimization.dto.database.nosql.feature.compiledRouteResult.CompiledRouteResultRepository; If you want this repository to be a JPA repository, consider annotating your entities with one of these annotations: jakarta.persistence.Entity, jakarta.persistence.MappedSuperclass (preferred), or consider extending one of the following types with your repository: org.springframework.data.jpa.repository.JpaRepository
2026-03-09T20:02:17.875-04:00  INFO 5680 --- [restartedMain] .RepositoryConfigurationExtensionSupport : Spring Data JPA - Could not safely identify store assignment for repository candidate interface com.truckoptimization.dto.database.nosql.feature.matrixCache.MatrixRepository; If you want this repository to be a JPA repository, consider annotating your entities with one of these annotations: jakarta.persistence.Entity, jakarta.persistence.MappedSuperclass (preferred), or consider extending one of the following types with your repository: org.springframework.data.jpa.repository.JpaRepository
2026-03-09T20:02:17.900-04:00  INFO 5680 --- [restartedMain] .s.d.r.c.RepositoryConfigurationDelegate : Finished Spring Data repository scanning in 50 ms. Found 2 JPA repository interfaces.
2026-03-09T20:02:18.012-04:00  INFO 5680 --- [restartedMain] .s.d.r.c.RepositoryConfigurationDelegate : Multiple Spring Data modules found, entering strict repository configuration mode
2026-03-09T20:02:18.012-04:00  INFO 5680 --- [restartedMain] .s.d.r.c.RepositoryConfigurationDelegate : Bootstrapping Spring Data MongoDB repositories in DEFAULT mode.
2026-03-09T20:02:18.045-04:00  INFO 5680 --- [restartedMain] .RepositoryConfigurationExtensionSupport : Spring Data MongoDB - Could not safely identify store assignment for repository candidate interface com.truckoptimization.dto.database.sql.features.location.LocationEntityRepository; If you want this repository to be a MongoDB repository, consider annotating your entities with one of these annotations: org.springframework.data.mongodb.core.mapping.Document (preferred), or consider extending one of the following types with your repository: org.springframework.data.mongodb.repository.MongoRepository
2026-03-09T20:02:18.045-04:00  INFO 5680 --- [restartedMain] .RepositoryConfigurationExtensionSupport : Spring Data MongoDB - Could not safely identify store assignment for repository candidate interface com.truckoptimization.dto.location.LocationRepository; If you want this repository to be a MongoDB repository, consider annotating your entities with one of these annotations: org.springframework.data.mongodb.core.mapping.Document (preferred), or consider extending one of the following types with your repository: org.springframework.data.mongodb.repository.MongoRepository
2026-03-09T20:02:18.079-04:00  INFO 5680 --- [restartedMain] .s.d.r.c.RepositoryConfigurationDelegate : Finished Spring Data repository scanning in 66 ms. Found 2 MongoDB repository interfaces.
2026-03-09T20:02:18.388-04:00  INFO 5680 --- [restartedMain] o.s.b.w.embedded.tomcat.TomcatWebServer  : Tomcat initialized with port 80 (http)
2026-03-09T20:02:18.390-04:00  INFO 5680 --- [restartedMain] o.apache.catalina.core.StandardService   : Starting service [Tomcat]
2026-03-09T20:02:18.391-04:00  INFO 5680 --- [restartedMain] o.apache.catalina.core.StandardEngine    : Starting Servlet engine: [Apache Tomcat/10.1.34]
2026-03-09T20:02:18.493-04:00  INFO 5680 --- [restartedMain] o.a.c.c.C.[Tomcat].[localhost].[/]       : Initializing Spring embedded WebApplicationContext
2026-03-09T20:02:18.493-04:00  INFO 5680 --- [restartedMain] w.s.c.ServletWebServerApplicationContext : Root WebApplicationContext: initialization completed in 995 ms
2026-03-09T20:02:18.655-04:00  INFO 5680 --- [restartedMain] o.hibernate.jpa.internal.util.LogHelper  : HHH000204: Processing PersistenceUnitInfo [name: default]
2026-03-09T20:02:18.660-04:00  INFO 5680 --- [restartedMain] o.h.c.internal.RegionFactoryInitiator    : HHH000026: Second-level cache disabled
2026-03-09T20:02:18.674-04:00  INFO 5680 --- [restartedMain] o.s.o.j.p.SpringPersistenceUnitInfo      : No LoadTimeWeaver setup: ignoring JPA class transformer
2026-03-09T20:02:18.676-04:00  INFO 5680 --- [restartedMain] com.zaxxer.hikari.HikariDataSource       : HikariPool-3 - Starting...
2026-03-09T20:02:18.689-04:00  INFO 5680 --- [restartedMain] com.zaxxer.hikari.pool.HikariPool        : HikariPool-3 - Added connection com.mysql.cj.jdbc.ConnectionImpl@4572c24b
2026-03-09T20:02:18.689-04:00  INFO 5680 --- [restartedMain] com.zaxxer.hikari.HikariDataSource       : HikariPool-3 - Start completed.
2026-03-09T20:02:18.692-04:00  WARN 5680 --- [restartedMain] org.hibernate.orm.deprecation            : HHH90000025: MySQLDialect does not need to be specified explicitly using 'hibernate.dialect' (remove the property setting and it will be selected by default)
2026-03-09T20:02:18.692-04:00  INFO 5680 --- [restartedMain] org.hibernate.orm.connections.pooling    : HHH10001005: Database info:
	Database JDBC URL [Connecting through datasource 'HikariDataSource (HikariPool-3)']
	Database driver: undefined/unknown
	Database version: 8.0.40
	Autocommit mode: undefined/unknown
	Isolation level: undefined/unknown
	Minimum pool size: undefined/unknown
	Maximum pool size: undefined/unknown
2026-03-09T20:02:18.744-04:00  INFO 5680 --- [restartedMain] o.h.m.i.EntityInstantiatorPojoStandard   : HHH000182: No default (no-argument) constructor for class: com.truckoptimization.dto.results.RouteResult (class must be instantiated by Interceptor)
2026-03-09T20:02:18.771-04:00  INFO 5680 --- [restartedMain] o.h.e.t.j.p.i.JtaPlatformInitiator       : HHH000489: No JTA platform available (set 'hibernate.transaction.jta.platform' to enable JTA platform integration)
2026-03-09T20:02:18.779-04:00  INFO 5680 --- [restartedMain] j.LocalContainerEntityManagerFactoryBean : Initialized JPA EntityManagerFactory for persistence unit 'default'
2026-03-09T20:02:18.921-04:00  INFO 5680 --- [restartedMain] org.mongodb.driver.client                : MongoClient with metadata {"driver": {"name": "mongo-java-driver|sync|spring-boot", "version": "5.2.1"}, "os": {"type": "Windows", "name": "Windows 11", "architecture": "amd64", "version": "10.0"}, "platform": "Java/Oracle Corporation/17.0.12+8-LTS-286"} created with settings MongoClientSettings{readPreference=primary, writeConcern=WriteConcern{w=null, wTimeout=null ms, journal=null}, retryWrites=true, retryReads=true, readConcern=ReadConcern{level=null}, credential=null, transportSettings=null, commandListeners=[io.micrometer.core.instrument.binder.mongodb.MongoMetricsCommandListener@34fe044f], codecRegistry=ProvidersCodecRegistry{codecProviders=[ValueCodecProvider{}, BsonValueCodecProvider{}, DBRefCodecProvider{}, DBObjectCodecProvider{}, DocumentCodecProvider{}, CollectionCodecProvider{}, IterableCodecProvider{}, MapCodecProvider{}, GeoJsonCodecProvider{}, GridFSFileCodecProvider{}, Jsr310CodecProvider{}, JsonObjectCodecProvider{}, BsonCodecProvider{}, EnumCodecProvider{}, com.mongodb.client.model.mql.ExpressionCodecProvider@4339c17b, com.mongodb.Jep395RecordCodecProvider@9695a96, com.mongodb.KotlinCodecProvider@1b4456ad]}, loggerSettings=LoggerSettings{maxDocumentLength=1000}, clusterSettings={hosts=[localhost:27017], srvServiceName=mongodb, mode=SINGLE, requiredClusterType=UNKNOWN, requiredReplicaSetName='null', serverSelector='null', clusterListeners='[]', serverSelectionTimeout='30000 ms', localThreshold='15 ms'}, socketSettings=SocketSettings{connectTimeoutMS=10000, readTimeoutMS=0, receiveBufferSize=0, proxySettings=ProxySettings{host=null, port=null, username=null, password=null}}, heartbeatSocketSettings=SocketSettings{connectTimeoutMS=10000, readTimeoutMS=10000, receiveBufferSize=0, proxySettings=ProxySettings{host=null, port=null, username=null, password=null}}, connectionPoolSettings=ConnectionPoolSettings{maxSize=100, minSize=0, maxWaitTimeMS=120000, maxConnectionLifeTimeMS=0, maxConnectionIdleTimeMS=0, maintenanceInitialDelayMS=0, maintenanceFrequencyMS=60000, connectionPoolListeners=[io.micrometer.core.instrument.binder.mongodb.MongoMetricsConnectionPoolListener@6cbca5d3], maxConnecting=2}, serverSettings=ServerSettings{heartbeatFrequencyMS=10000, minHeartbeatFrequencyMS=500, serverMonitoringMode=AUTO, serverListeners='[]', serverMonitorListeners='[]'}, sslSettings=SslSettings{enabled=false, invalidHostNameAllowed=false, context=null}, applicationName='null', compressorList=[], uuidRepresentation=JAVA_LEGACY, serverApi=null, autoEncryptionSettings=null, dnsClient=null, inetAddressResolver=null, contextProvider=null, timeoutMS=null}
2026-03-09T20:02:18.923-04:00  INFO 5680 --- [cluster-ClusterId{value='69af5f8a8393f401d60d3187', description='null'}-localhost:27017] org.mongodb.driver.cluster               : Monitor thread successfully connected to server with description ServerDescription{address=localhost:27017, type=STANDALONE, cryptd=false, state=CONNECTED, ok=true, minWireVersion=0, maxWireVersion=27, maxDocumentSize=16777216, logicalSessionTimeoutMinutes=30, roundTripTimeNanos=1195700, minRoundTripTimeNanos=0}
2026-03-09T20:02:18.959-04:00  INFO 5680 --- [restartedMain] o.s.b.d.a.OptionalLiveReloadServer       : LiveReload server is running on port 35729
2026-03-09T20:02:19.167-04:00  WARN 5680 --- [restartedMain] JpaBaseConfiguration$JpaWebConfiguration : spring.jpa.open-in-view is enabled by default. Therefore, database queries may be performed during view rendering. Explicitly configure spring.jpa.open-in-view to disable this warning
2026-03-09T20:02:19.470-04:00  INFO 5680 --- [restartedMain] o.s.b.a.e.web.EndpointLinksResolver      : Exposing 1 endpoint beneath base path '/actuator'
2026-03-09T20:02:19.489-04:00  INFO 5680 --- [restartedMain] o.s.b.w.embedded.tomcat.TomcatWebServer  : Tomcat started on port 80 (http) with context path '/'
2026-03-09T20:02:19.495-04:00  INFO 5680 --- [restartedMain] com.truckoptimization.Main               : Started Main in 2.038 seconds (process running for 286.22)
2026-03-09T20:02:19.497-04:00  INFO 5680 --- [restartedMain] .ConditionEvaluationDeltaLoggingListener : Condition evaluation unchanged
2026-03-09T20:02:39.333-04:00  INFO 5680 --- [File Watcher] rtingClassPathChangeChangedEventListener : Restarting due to 3 class path changes (0 additions, 0 deletions, 3 modifications)
2026-03-09T20:02:39.335-04:00  INFO 5680 --- [Thread-11] o.s.b.w.e.tomcat.GracefulShutdown        : Commencing graceful shutdown. Waiting for active requests to complete
2026-03-09T20:02:39.774-04:00  INFO 5680 --- [tomcat-shutdown] o.s.b.w.e.tomcat.GracefulShutdown        : Graceful shutdown complete
2026-03-09T20:02:39.780-04:00  INFO 5680 --- [Thread-11] j.LocalContainerEntityManagerFactoryBean : Closing JPA EntityManagerFactory for persistence unit 'default'
2026-03-09T20:02:39.780-04:00  INFO 5680 --- [Thread-11] com.zaxxer.hikari.HikariDataSource       : HikariPool-3 - Shutdown initiated...
2026-03-09T20:02:39.787-04:00  INFO 5680 --- [Thread-11] com.zaxxer.hikari.HikariDataSource       : HikariPool-3 - Shutdown completed.
2026-03-09T20:02:39.895-04:00  INFO 5680 --- [restartedMain] com.truckoptimization.Main               : Starting Main using Java 17.0.12 with PID 5680 (C:\Programming\Java\TuckOptimaization\truck-routing\target\classes started by lukem in c:\Programming\Java\TuckOptimaization)
2026-03-09T20:02:39.897-04:00  INFO 5680 --- [restartedMain] com.truckoptimization.Main               : No active profile set, falling back to 1 default profile: "default"
2026-03-09T20:02:40.336-04:00  INFO 5680 --- [restartedMain] .s.d.r.c.RepositoryConfigurationDelegate : Multiple Spring Data modules found, entering strict repository configuration mode
2026-03-09T20:02:40.337-04:00  INFO 5680 --- [restartedMain] .s.d.r.c.RepositoryConfigurationDelegate : Bootstrapping Spring Data JPA repositories in DEFAULT mode.
2026-03-09T20:02:40.361-04:00  INFO 5680 --- [restartedMain] .RepositoryConfigurationExtensionSupport : Spring Data JPA - Could not safely identify store assignment for repository candidate interface com.truckoptimization.dto.database.nosql.feature.compiledRouteResult.CompiledRouteResultRepository; If you want this repository to be a JPA repository, consider annotating your entities with one of these annotations: jakarta.persistence.Entity, jakarta.persistence.MappedSuperclass (preferred), or consider extending one of the following types with your repository: org.springframework.data.jpa.repository.JpaRepository
2026-03-09T20:02:40.365-04:00  INFO 5680 --- [restartedMain] .RepositoryConfigurationExtensionSupport : Spring Data JPA - Could not safely identify store assignment for repository candidate interface com.truckoptimization.dto.database.nosql.feature.matrixCache.MatrixRepository; If you want this repository to be a JPA repository, consider annotating your entities with one of these annotations: jakarta.persistence.Entity, jakarta.persistence.MappedSuperclass (preferred), or consider extending one of the following types with your repository: org.springframework.data.jpa.repository.JpaRepository
2026-03-09T20:02:40.393-04:00  INFO 5680 --- [restartedMain] .s.d.r.c.RepositoryConfigurationDelegate : Finished Spring Data repository scanning in 53 ms. Found 2 JPA repository interfaces.
2026-03-09T20:02:40.513-04:00  INFO 5680 --- [restartedMain] .s.d.r.c.RepositoryConfigurationDelegate : Multiple Spring Data modules found, entering strict repository configuration mode
2026-03-09T20:02:40.513-04:00  INFO 5680 --- [restartedMain] .s.d.r.c.RepositoryConfigurationDelegate : Bootstrapping Spring Data MongoDB repositories in DEFAULT mode.
2026-03-09T20:02:40.551-04:00  INFO 5680 --- [restartedMain] .RepositoryConfigurationExtensionSupport : Spring Data MongoDB - Could not safely identify store assignment for repository candidate interface com.truckoptimization.dto.database.sql.features.location.LocationEntityRepository; If you want this repository to be a MongoDB repository, consider annotating your entities with one of these annotations: org.springframework.data.mongodb.core.mapping.Document (preferred), or consider extending one of the following types with your repository: org.springframework.data.mongodb.repository.MongoRepository
2026-03-09T20:02:40.552-04:00  INFO 5680 --- [restartedMain] .RepositoryConfigurationExtensionSupport : Spring Data MongoDB - Could not safely identify store assignment for repository candidate interface com.truckoptimization.dto.location.LocationRepository; If you want this repository to be a MongoDB repository, consider annotating your entities with one of these annotations: org.springframework.data.mongodb.core.mapping.Document (preferred), or consider extending one of the following types with your repository: org.springframework.data.mongodb.repository.MongoRepository
2026-03-09T20:02:40.595-04:00  INFO 5680 --- [restartedMain] .s.d.r.c.RepositoryConfigurationDelegate : Finished Spring Data repository scanning in 81 ms. Found 2 MongoDB repository interfaces.
2026-03-09T20:02:40.782-04:00  INFO 5680 --- [restartedMain] o.s.b.w.embedded.tomcat.TomcatWebServer  : Tomcat initialized with port 80 (http)
2026-03-09T20:02:40.784-04:00  INFO 5680 --- [restartedMain] o.apache.catalina.core.StandardService   : Starting service [Tomcat]
2026-03-09T20:02:40.785-04:00  INFO 5680 --- [restartedMain] o.apache.catalina.core.StandardEngine    : Starting Servlet engine: [Apache Tomcat/10.1.34]
2026-03-09T20:02:40.876-04:00  INFO 5680 --- [restartedMain] o.a.c.c.C.[Tomcat].[localhost].[/]       : Initializing Spring embedded WebApplicationContext
2026-03-09T20:02:40.876-04:00  INFO 5680 --- [restartedMain] w.s.c.ServletWebServerApplicationContext : Root WebApplicationContext: initialization completed in 973 ms
2026-03-09T20:02:40.999-04:00  INFO 5680 --- [restartedMain] o.hibernate.jpa.internal.util.LogHelper  : HHH000204: Processing PersistenceUnitInfo [name: default]
2026-03-09T20:02:41.005-04:00  INFO 5680 --- [restartedMain] o.h.c.internal.RegionFactoryInitiator    : HHH000026: Second-level cache disabled
2026-03-09T20:02:41.014-04:00  INFO 5680 --- [restartedMain] o.s.o.j.p.SpringPersistenceUnitInfo      : No LoadTimeWeaver setup: ignoring JPA class transformer
2026-03-09T20:02:41.015-04:00  INFO 5680 --- [restartedMain] com.zaxxer.hikari.HikariDataSource       : HikariPool-4 - Starting...
2026-03-09T20:02:41.026-04:00  INFO 5680 --- [restartedMain] com.zaxxer.hikari.pool.HikariPool        : HikariPool-4 - Added connection com.mysql.cj.jdbc.ConnectionImpl@54f0fa99
2026-03-09T20:02:41.026-04:00  INFO 5680 --- [restartedMain] com.zaxxer.hikari.HikariDataSource       : HikariPool-4 - Start completed.
2026-03-09T20:02:41.027-04:00  WARN 5680 --- [restartedMain] org.hibernate.orm.deprecation            : HHH90000025: MySQLDialect does not need to be specified explicitly using 'hibernate.dialect' (remove the property setting and it will be selected by default)
2026-03-09T20:02:41.028-04:00  INFO 5680 --- [restartedMain] org.hibernate.orm.connections.pooling    : HHH10001005: Database info:
	Database JDBC URL [Connecting through datasource 'HikariDataSource (HikariPool-4)']
	Database driver: undefined/unknown
	Database version: 8.0.40
	Autocommit mode: undefined/unknown
	Isolation level: undefined/unknown
	Minimum pool size: undefined/unknown
	Maximum pool size: undefined/unknown
2026-03-09T20:02:41.064-04:00  INFO 5680 --- [restartedMain] o.h.m.i.EntityInstantiatorPojoStandard   : HHH000182: No default (no-argument) constructor for class: com.truckoptimization.dto.results.RouteResult (class must be instantiated by Interceptor)
2026-03-09T20:02:41.085-04:00  INFO 5680 --- [restartedMain] o.h.e.t.j.p.i.JtaPlatformInitiator       : HHH000489: No JTA platform available (set 'hibernate.transaction.jta.platform' to enable JTA platform integration)
2026-03-09T20:02:41.093-04:00  INFO 5680 --- [restartedMain] j.LocalContainerEntityManagerFactoryBean : Initialized JPA EntityManagerFactory for persistence unit 'default'
2026-03-09T20:02:41.204-04:00  INFO 5680 --- [restartedMain] org.mongodb.driver.client                : MongoClient with metadata {"driver": {"name": "mongo-java-driver|sync|spring-boot", "version": "5.2.1"}, "os": {"type": "Windows", "name": "Windows 11", "architecture": "amd64", "version": "10.0"}, "platform": "Java/Oracle Corporation/17.0.12+8-LTS-286"} created with settings MongoClientSettings{readPreference=primary, writeConcern=WriteConcern{w=null, wTimeout=null ms, journal=null}, retryWrites=true, retryReads=true, readConcern=ReadConcern{level=null}, credential=null, transportSettings=null, commandListeners=[io.micrometer.core.instrument.binder.mongodb.MongoMetricsCommandListener@1ec77663], codecRegistry=ProvidersCodecRegistry{codecProviders=[ValueCodecProvider{}, BsonValueCodecProvider{}, DBRefCodecProvider{}, DBObjectCodecProvider{}, DocumentCodecProvider{}, CollectionCodecProvider{}, IterableCodecProvider{}, MapCodecProvider{}, GeoJsonCodecProvider{}, GridFSFileCodecProvider{}, Jsr310CodecProvider{}, JsonObjectCodecProvider{}, BsonCodecProvider{}, EnumCodecProvider{}, com.mongodb.client.model.mql.ExpressionCodecProvider@4339c17b, com.mongodb.Jep395RecordCodecProvider@9695a96, com.mongodb.KotlinCodecProvider@1b4456ad]}, loggerSettings=LoggerSettings{maxDocumentLength=1000}, clusterSettings={hosts=[localhost:27017], srvServiceName=mongodb, mode=SINGLE, requiredClusterType=UNKNOWN, requiredReplicaSetName='null', serverSelector='null', clusterListeners='[]', serverSelectionTimeout='30000 ms', localThreshold='15 ms'}, socketSettings=SocketSettings{connectTimeoutMS=10000, readTimeoutMS=0, receiveBufferSize=0, proxySettings=ProxySettings{host=null, port=null, username=null, password=null}}, heartbeatSocketSettings=SocketSettings{connectTimeoutMS=10000, readTimeoutMS=10000, receiveBufferSize=0, proxySettings=ProxySettings{host=null, port=null, username=null, password=null}}, connectionPoolSettings=ConnectionPoolSettings{maxSize=100, minSize=0, maxWaitTimeMS=120000, maxConnectionLifeTimeMS=0, maxConnectionIdleTimeMS=0, maintenanceInitialDelayMS=0, maintenanceFrequencyMS=60000, connectionPoolListeners=[io.micrometer.core.instrument.binder.mongodb.MongoMetricsConnectionPoolListener@40548845], maxConnecting=2}, serverSettings=ServerSettings{heartbeatFrequencyMS=10000, minHeartbeatFrequencyMS=500, serverMonitoringMode=AUTO, serverListeners='[]', serverMonitorListeners='[]'}, sslSettings=SslSettings{enabled=false, invalidHostNameAllowed=false, context=null}, applicationName='null', compressorList=[], uuidRepresentation=JAVA_LEGACY, serverApi=null, autoEncryptionSettings=null, dnsClient=null, inetAddressResolver=null, contextProvider=null, timeoutMS=null}
2026-03-09T20:02:41.205-04:00  INFO 5680 --- [cluster-ClusterId{value='69af5fa18393f401d60d3188', description='null'}-localhost:27017] org.mongodb.driver.cluster               : Monitor thread successfully connected to server with description ServerDescription{address=localhost:27017, type=STANDALONE, cryptd=false, state=CONNECTED, ok=true, minWireVersion=0, maxWireVersion=27, maxDocumentSize=16777216, logicalSessionTimeoutMinutes=30, roundTripTimeNanos=1287500, minRoundTripTimeNanos=0}
2026-03-09T20:02:41.243-04:00  INFO 5680 --- [restartedMain] o.s.b.d.a.OptionalLiveReloadServer       : LiveReload server is running on port 35729
2026-03-09T20:02:41.427-04:00  WARN 5680 --- [restartedMain] JpaBaseConfiguration$JpaWebConfiguration : spring.jpa.open-in-view is enabled by default. Therefore, database queries may be performed during view rendering. Explicitly configure spring.jpa.open-in-view to disable this warning
2026-03-09T20:02:41.698-04:00  INFO 5680 --- [restartedMain] o.s.b.a.e.web.EndpointLinksResolver      : Exposing 1 endpoint beneath base path '/actuator'
2026-03-09T20:02:41.718-04:00  INFO 5680 --- [restartedMain] o.s.b.w.embedded.tomcat.TomcatWebServer  : Tomcat started on port 80 (http) with context path '/'
2026-03-09T20:02:41.723-04:00  INFO 5680 --- [restartedMain] com.truckoptimization.Main               : Started Main in 1.878 seconds (process running for 308.447)
2026-03-09T20:02:41.725-04:00  INFO 5680 --- [restartedMain] .ConditionEvaluationDeltaLoggingListener : Condition evaluation unchanged
2026-03-09T20:02:43.235-04:00  INFO 5680 --- [File Watcher] rtingClassPathChangeChangedEventListener : Restarting due to 1 class path change (0 additions, 0 deletions, 1 modification)
2026-03-09T20:02:43.237-04:00  INFO 5680 --- [Thread-15] o.s.b.w.e.tomcat.GracefulShutdown        : Commencing graceful shutdown. Waiting for active requests to complete
2026-03-09T20:02:43.503-04:00  INFO 5680 --- [tomcat-shutdown] o.s.b.w.e.tomcat.GracefulShutdown        : Graceful shutdown complete
2026-03-09T20:02:43.509-04:00  INFO 5680 --- [Thread-15] j.LocalContainerEntityManagerFactoryBean : Closing JPA EntityManagerFactory for persistence unit 'default'
2026-03-09T20:02:43.509-04:00  INFO 5680 --- [Thread-15] com.zaxxer.hikari.HikariDataSource       : HikariPool-4 - Shutdown initiated...
2026-03-09T20:02:43.512-04:00  INFO 5680 --- [Thread-15] com.zaxxer.hikari.HikariDataSource       : HikariPool-4 - Shutdown completed.
2026-03-09T20:02:43.599-04:00  INFO 5680 --- [restartedMain] com.truckoptimization.Main               : Starting Main using Java 17.0.12 with PID 5680 (C:\Programming\Java\TuckOptimaization\truck-routing\target\classes started by lukem in c:\Programming\Java\TuckOptimaization)
2026-03-09T20:02:43.599-04:00  INFO 5680 --- [restartedMain] com.truckoptimization.Main               : No active profile set, falling back to 1 default profile: "default"
2026-03-09T20:02:43.912-04:00  INFO 5680 --- [restartedMain] .s.d.r.c.RepositoryConfigurationDelegate : Multiple Spring Data modules found, entering strict repository configuration mode
2026-03-09T20:02:43.912-04:00  INFO 5680 --- [restartedMain] .s.d.r.c.RepositoryConfigurationDelegate : Bootstrapping Spring Data JPA repositories in DEFAULT mode.
2026-03-09T20:02:43.933-04:00  INFO 5680 --- [restartedMain] .RepositoryConfigurationExtensionSupport : Spring Data JPA - Could not safely identify store assignment for repository candidate interface com.truckoptimization.dto.database.nosql.feature.compiledRouteResult.CompiledRouteResultRepository; If you want this repository to be a JPA repository, consider annotating your entities with one of these annotations: jakarta.persistence.Entity, jakarta.persistence.MappedSuperclass (preferred), or consider extending one of the following types with your repository: org.springframework.data.jpa.repository.JpaRepository
2026-03-09T20:02:43.936-04:00  INFO 5680 --- [restartedMain] .RepositoryConfigurationExtensionSupport : Spring Data JPA - Could not safely identify store assignment for repository candidate interface com.truckoptimization.dto.database.nosql.feature.matrixCache.MatrixRepository; If you want this repository to be a JPA repository, consider annotating your entities with one of these annotations: jakarta.persistence.Entity, jakarta.persistence.MappedSuperclass (preferred), or consider extending one of the following types with your repository: org.springframework.data.jpa.repository.JpaRepository
2026-03-09T20:02:43.961-04:00  INFO 5680 --- [restartedMain] .s.d.r.c.RepositoryConfigurationDelegate : Finished Spring Data repository scanning in 47 ms. Found 2 JPA repository interfaces.
2026-03-09T20:02:44.042-04:00  INFO 5680 --- [restartedMain] .s.d.r.c.RepositoryConfigurationDelegate : Multiple Spring Data modules found, entering strict repository configuration mode
2026-03-09T20:02:44.042-04:00  INFO 5680 --- [restartedMain] .s.d.r.c.RepositoryConfigurationDelegate : Bootstrapping Spring Data MongoDB repositories in DEFAULT mode.
2026-03-09T20:02:44.071-04:00  INFO 5680 --- [restartedMain] .RepositoryConfigurationExtensionSupport : Spring Data MongoDB - Could not safely identify store assignment for repository candidate interface com.truckoptimization.dto.database.sql.features.location.LocationEntityRepository; If you want this repository to be a MongoDB repository, consider annotating your entities with one of these annotations: org.springframework.data.mongodb.core.mapping.Document (preferred), or consider extending one of the following types with your repository: org.springframework.data.mongodb.repository.MongoRepository
2026-03-09T20:02:44.071-04:00  INFO 5680 --- [restartedMain] .RepositoryConfigurationExtensionSupport : Spring Data MongoDB - Could not safely identify store assignment for repository candidate interface com.truckoptimization.dto.location.LocationRepository; If you want this repository to be a MongoDB repository, consider annotating your entities with one of these annotations: org.springframework.data.mongodb.core.mapping.Document (preferred), or consider extending one of the following types with your repository: org.springframework.data.mongodb.repository.MongoRepository
2026-03-09T20:02:44.102-04:00  INFO 5680 --- [restartedMain] .s.d.r.c.RepositoryConfigurationDelegate : Finished Spring Data repository scanning in 59 ms. Found 2 MongoDB repository interfaces.
2026-03-09T20:02:44.239-04:00  INFO 5680 --- [restartedMain] o.s.b.w.embedded.tomcat.TomcatWebServer  : Tomcat initialized with port 80 (http)
2026-03-09T20:02:44.239-04:00  INFO 5680 --- [restartedMain] o.apache.catalina.core.StandardService   : Starting service [Tomcat]
2026-03-09T20:02:44.239-04:00  INFO 5680 --- [restartedMain] o.apache.catalina.core.StandardEngine    : Starting Servlet engine: [Apache Tomcat/10.1.34]
2026-03-09T20:02:44.305-04:00  INFO 5680 --- [restartedMain] o.a.c.c.C.[Tomcat].[localhost].[/]       : Initializing Spring embedded WebApplicationContext
2026-03-09T20:02:44.306-04:00  INFO 5680 --- [restartedMain] w.s.c.ServletWebServerApplicationContext : Root WebApplicationContext: initialization completed in 705 ms
2026-03-09T20:02:44.426-04:00  INFO 5680 --- [restartedMain] o.hibernate.jpa.internal.util.LogHelper  : HHH000204: Processing PersistenceUnitInfo [name: default]
2026-03-09T20:02:44.430-04:00  INFO 5680 --- [restartedMain] o.h.c.internal.RegionFactoryInitiator    : HHH000026: Second-level cache disabled
2026-03-09T20:02:44.438-04:00  INFO 5680 --- [restartedMain] o.s.o.j.p.SpringPersistenceUnitInfo      : No LoadTimeWeaver setup: ignoring JPA class transformer
2026-03-09T20:02:44.439-04:00  INFO 5680 --- [restartedMain] com.zaxxer.hikari.HikariDataSource       : HikariPool-5 - Starting...
2026-03-09T20:02:44.448-04:00  INFO 5680 --- [restartedMain] com.zaxxer.hikari.pool.HikariPool        : HikariPool-5 - Added connection com.mysql.cj.jdbc.ConnectionImpl@a6b2f26
2026-03-09T20:02:44.450-04:00  INFO 5680 --- [restartedMain] com.zaxxer.hikari.HikariDataSource       : HikariPool-5 - Start completed.
2026-03-09T20:02:44.451-04:00  WARN 5680 --- [restartedMain] org.hibernate.orm.deprecation            : HHH90000025: MySQLDialect does not need to be specified explicitly using 'hibernate.dialect' (remove the property setting and it will be selected by default)
2026-03-09T20:02:44.452-04:00  INFO 5680 --- [restartedMain] org.hibernate.orm.connections.pooling    : HHH10001005: Database info:
	Database JDBC URL [Connecting through datasource 'HikariDataSource (HikariPool-5)']
	Database driver: undefined/unknown
	Database version: 8.0.40
	Autocommit mode: undefined/unknown
	Isolation level: undefined/unknown
	Minimum pool size: undefined/unknown
	Maximum pool size: undefined/unknown
2026-03-09T20:02:44.483-04:00  INFO 5680 --- [restartedMain] o.h.m.i.EntityInstantiatorPojoStandard   : HHH000182: No default (no-argument) constructor for class: com.truckoptimization.dto.results.RouteResult (class must be instantiated by Interceptor)
2026-03-09T20:02:44.500-04:00  INFO 5680 --- [restartedMain] o.h.e.t.j.p.i.JtaPlatformInitiator       : HHH000489: No JTA platform available (set 'hibernate.transaction.jta.platform' to enable JTA platform integration)
2026-03-09T20:02:44.506-04:00  INFO 5680 --- [restartedMain] j.LocalContainerEntityManagerFactoryBean : Initialized JPA EntityManagerFactory for persistence unit 'default'
2026-03-09T20:02:44.604-04:00  INFO 5680 --- [restartedMain] org.mongodb.driver.client                : MongoClient with metadata {"driver": {"name": "mongo-java-driver|sync|spring-boot", "version": "5.2.1"}, "os": {"type": "Windows", "name": "Windows 11", "architecture": "amd64", "version": "10.0"}, "platform": "Java/Oracle Corporation/17.0.12+8-LTS-286"} created with settings MongoClientSettings{readPreference=primary, writeConcern=WriteConcern{w=null, wTimeout=null ms, journal=null}, retryWrites=true, retryReads=true, readConcern=ReadConcern{level=null}, credential=null, transportSettings=null, commandListeners=[io.micrometer.core.instrument.binder.mongodb.MongoMetricsCommandListener@8f5ca62], codecRegistry=ProvidersCodecRegistry{codecProviders=[ValueCodecProvider{}, BsonValueCodecProvider{}, DBRefCodecProvider{}, DBObjectCodecProvider{}, DocumentCodecProvider{}, CollectionCodecProvider{}, IterableCodecProvider{}, MapCodecProvider{}, GeoJsonCodecProvider{}, GridFSFileCodecProvider{}, Jsr310CodecProvider{}, JsonObjectCodecProvider{}, BsonCodecProvider{}, EnumCodecProvider{}, com.mongodb.client.model.mql.ExpressionCodecProvider@4339c17b, com.mongodb.Jep395RecordCodecProvider@9695a96, com.mongodb.KotlinCodecProvider@1b4456ad]}, loggerSettings=LoggerSettings{maxDocumentLength=1000}, clusterSettings={hosts=[localhost:27017], srvServiceName=mongodb, mode=SINGLE, requiredClusterType=UNKNOWN, requiredReplicaSetName='null', serverSelector='null', clusterListeners='[]', serverSelectionTimeout='30000 ms', localThreshold='15 ms'}, socketSettings=SocketSettings{connectTimeoutMS=10000, readTimeoutMS=0, receiveBufferSize=0, proxySettings=ProxySettings{host=null, port=null, username=null, password=null}}, heartbeatSocketSettings=SocketSettings{connectTimeoutMS=10000, readTimeoutMS=10000, receiveBufferSize=0, proxySettings=ProxySettings{host=null, port=null, username=null, password=null}}, connectionPoolSettings=ConnectionPoolSettings{maxSize=100, minSize=0, maxWaitTimeMS=120000, maxConnectionLifeTimeMS=0, maxConnectionIdleTimeMS=0, maintenanceInitialDelayMS=0, maintenanceFrequencyMS=60000, connectionPoolListeners=[io.micrometer.core.instrument.binder.mongodb.MongoMetricsConnectionPoolListener@6e1922cd], maxConnecting=2}, serverSettings=ServerSettings{heartbeatFrequencyMS=10000, minHeartbeatFrequencyMS=500, serverMonitoringMode=AUTO, serverListeners='[]', serverMonitorListeners='[]'}, sslSettings=SslSettings{enabled=false, invalidHostNameAllowed=false, context=null}, applicationName='null', compressorList=[], uuidRepresentation=JAVA_LEGACY, serverApi=null, autoEncryptionSettings=null, dnsClient=null, inetAddressResolver=null, contextProvider=null, timeoutMS=null}
2026-03-09T20:02:44.605-04:00  INFO 5680 --- [cluster-ClusterId{value='69af5fa48393f401d60d3189', description='null'}-localhost:27017] org.mongodb.driver.cluster               : Monitor thread successfully connected to server with description ServerDescription{address=localhost:27017, type=STANDALONE, cryptd=false, state=CONNECTED, ok=true, minWireVersion=0, maxWireVersion=27, maxDocumentSize=16777216, logicalSessionTimeoutMinutes=30, roundTripTimeNanos=867500, minRoundTripTimeNanos=0}
2026-03-09T20:02:44.634-04:00  INFO 5680 --- [restartedMain] o.s.b.d.a.OptionalLiveReloadServer       : LiveReload server is running on port 35729
2026-03-09T20:02:44.802-04:00  WARN 5680 --- [restartedMain] JpaBaseConfiguration$JpaWebConfiguration : spring.jpa.open-in-view is enabled by default. Therefore, database queries may be performed during view rendering. Explicitly configure spring.jpa.open-in-view to disable this warning
2026-03-09T20:02:45.052-04:00  INFO 5680 --- [restartedMain] o.s.b.a.e.web.EndpointLinksResolver      : Exposing 1 endpoint beneath base path '/actuator'
2026-03-09T20:02:45.070-04:00  INFO 5680 --- [restartedMain] o.s.b.w.embedded.tomcat.TomcatWebServer  : Tomcat started on port 80 (http) with context path '/'
2026-03-09T20:02:45.076-04:00  INFO 5680 --- [restartedMain] com.truckoptimization.Main               : Started Main in 1.508 seconds (process running for 311.8)
2026-03-09T20:02:45.078-04:00  INFO 5680 --- [restartedMain] .ConditionEvaluationDeltaLoggingListener : Condition evaluation unchanged
2026-03-09T20:02:57.392-04:00  INFO 5680 --- [File Watcher] rtingClassPathChangeChangedEventListener : Restarting due to 4 class path changes (0 additions, 0 deletions, 4 modifications)
2026-03-09T20:02:57.393-04:00  INFO 5680 --- [Thread-19] o.s.b.w.e.tomcat.GracefulShutdown        : Commencing graceful shutdown. Waiting for active requests to complete
2026-03-09T20:02:57.843-04:00  INFO 5680 --- [tomcat-shutdown] o.s.b.w.e.tomcat.GracefulShutdown        : Graceful shutdown complete
2026-03-09T20:02:57.849-04:00  INFO 5680 --- [Thread-19] j.LocalContainerEntityManagerFactoryBean : Closing JPA EntityManagerFactory for persistence unit 'default'
2026-03-09T20:02:57.850-04:00  INFO 5680 --- [Thread-19] com.zaxxer.hikari.HikariDataSource       : HikariPool-5 - Shutdown initiated...
2026-03-09T20:02:57.857-04:00  INFO 5680 --- [Thread-19] com.zaxxer.hikari.HikariDataSource       : HikariPool-5 - Shutdown completed.
2026-03-09T20:02:57.995-04:00  INFO 5680 --- [restartedMain] com.truckoptimization.Main               : Starting Main using Java 17.0.12 with PID 5680 (C:\Programming\Java\TuckOptimaization\truck-routing\target\classes started by lukem in c:\Programming\Java\TuckOptimaization)
2026-03-09T20:02:57.995-04:00  INFO 5680 --- [restartedMain] com.truckoptimization.Main               : No active profile set, falling back to 1 default profile: "default"
2026-03-09T20:02:58.455-04:00  INFO 5680 --- [restartedMain] .s.d.r.c.RepositoryConfigurationDelegate : Multiple Spring Data modules found, entering strict repository configuration mode
2026-03-09T20:02:58.456-04:00  INFO 5680 --- [restartedMain] .s.d.r.c.RepositoryConfigurationDelegate : Bootstrapping Spring Data JPA repositories in DEFAULT mode.
2026-03-09T20:02:58.490-04:00  INFO 5680 --- [restartedMain] .RepositoryConfigurationExtensionSupport : Spring Data JPA - Could not safely identify store assignment for repository candidate interface com.truckoptimization.dto.database.nosql.feature.compiledRouteResult.CompiledRouteResultRepository; If you want this repository to be a JPA repository, consider annotating your entities with one of these annotations: jakarta.persistence.Entity, jakarta.persistence.MappedSuperclass (preferred), or consider extending one of the following types with your repository: org.springframework.data.jpa.repository.JpaRepository
2026-03-09T20:02:58.493-04:00  INFO 5680 --- [restartedMain] .RepositoryConfigurationExtensionSupport : Spring Data JPA - Could not safely identify store assignment for repository candidate interface com.truckoptimization.dto.database.nosql.feature.matrixCache.MatrixRepository; If you want this repository to be a JPA repository, consider annotating your entities with one of these annotations: jakarta.persistence.Entity, jakarta.persistence.MappedSuperclass (preferred), or consider extending one of the following types with your repository: org.springframework.data.jpa.repository.JpaRepository
2026-03-09T20:02:58.523-04:00  INFO 5680 --- [restartedMain] .s.d.r.c.RepositoryConfigurationDelegate : Finished Spring Data repository scanning in 65 ms. Found 2 JPA repository interfaces.
2026-03-09T20:02:58.625-04:00  INFO 5680 --- [restartedMain] .s.d.r.c.RepositoryConfigurationDelegate : Multiple Spring Data modules found, entering strict repository configuration mode
2026-03-09T20:02:58.625-04:00  INFO 5680 --- [restartedMain] .s.d.r.c.RepositoryConfigurationDelegate : Bootstrapping Spring Data MongoDB repositories in DEFAULT mode.
2026-03-09T20:02:58.655-04:00  INFO 5680 --- [restartedMain] .RepositoryConfigurationExtensionSupport : Spring Data MongoDB - Could not safely identify store assignment for repository candidate interface com.truckoptimization.dto.database.sql.features.location.LocationEntityRepository; If you want this repository to be a MongoDB repository, consider annotating your entities with one of these annotations: org.springframework.data.mongodb.core.mapping.Document (preferred), or consider extending one of the following types with your repository: org.springframework.data.mongodb.repository.MongoRepository
2026-03-09T20:02:58.656-04:00  INFO 5680 --- [restartedMain] .RepositoryConfigurationExtensionSupport : Spring Data MongoDB - Could not safely identify store assignment for repository candidate interface com.truckoptimization.dto.location.LocationRepository; If you want this repository to be a MongoDB repository, consider annotating your entities with one of these annotations: org.springframework.data.mongodb.core.mapping.Document (preferred), or consider extending one of the following types with your repository: org.springframework.data.mongodb.repository.MongoRepository
2026-03-09T20:02:58.690-04:00  INFO 5680 --- [restartedMain] .s.d.r.c.RepositoryConfigurationDelegate : Finished Spring Data repository scanning in 65 ms. Found 2 MongoDB repository interfaces.
2026-03-09T20:02:58.812-04:00  INFO 5680 --- [restartedMain] o.s.b.w.embedded.tomcat.TomcatWebServer  : Tomcat initialized with port 80 (http)
2026-03-09T20:02:58.813-04:00  INFO 5680 --- [restartedMain] o.apache.catalina.core.StandardService   : Starting service [Tomcat]
2026-03-09T20:02:58.813-04:00  INFO 5680 --- [restartedMain] o.apache.catalina.core.StandardEngine    : Starting Servlet engine: [Apache Tomcat/10.1.34]
2026-03-09T20:02:58.893-04:00  INFO 5680 --- [restartedMain] o.a.c.c.C.[Tomcat].[localhost].[/]       : Initializing Spring embedded WebApplicationContext
2026-03-09T20:02:58.893-04:00  INFO 5680 --- [restartedMain] w.s.c.ServletWebServerApplicationContext : Root WebApplicationContext: initialization completed in 895 ms
2026-03-09T20:02:59.007-04:00  INFO 5680 --- [restartedMain] o.hibernate.jpa.internal.util.LogHelper  : HHH000204: Processing PersistenceUnitInfo [name: default]
2026-03-09T20:02:59.011-04:00  INFO 5680 --- [restartedMain] o.h.c.internal.RegionFactoryInitiator    : HHH000026: Second-level cache disabled
2026-03-09T20:02:59.019-04:00  INFO 5680 --- [restartedMain] o.s.o.j.p.SpringPersistenceUnitInfo      : No LoadTimeWeaver setup: ignoring JPA class transformer
2026-03-09T20:02:59.021-04:00  INFO 5680 --- [restartedMain] com.zaxxer.hikari.HikariDataSource       : HikariPool-6 - Starting...
2026-03-09T20:02:59.029-04:00  INFO 5680 --- [restartedMain] com.zaxxer.hikari.pool.HikariPool        : HikariPool-6 - Added connection com.mysql.cj.jdbc.ConnectionImpl@5d64f5df
2026-03-09T20:02:59.029-04:00  INFO 5680 --- [restartedMain] com.zaxxer.hikari.HikariDataSource       : HikariPool-6 - Start completed.
2026-03-09T20:02:59.030-04:00  WARN 5680 --- [restartedMain] org.hibernate.orm.deprecation            : HHH90000025: MySQLDialect does not need to be specified explicitly using 'hibernate.dialect' (remove the property setting and it will be selected by default)
2026-03-09T20:02:59.031-04:00  INFO 5680 --- [restartedMain] org.hibernate.orm.connections.pooling    : HHH10001005: Database info:
	Database JDBC URL [Connecting through datasource 'HikariDataSource (HikariPool-6)']
	Database driver: undefined/unknown
	Database version: 8.0.40
	Autocommit mode: undefined/unknown
	Isolation level: undefined/unknown
	Minimum pool size: undefined/unknown
	Maximum pool size: undefined/unknown
2026-03-09T20:02:59.064-04:00  INFO 5680 --- [restartedMain] o.h.m.i.EntityInstantiatorPojoStandard   : HHH000182: No default (no-argument) constructor for class: com.truckoptimization.dto.results.RouteResult (class must be instantiated by Interceptor)
2026-03-09T20:02:59.085-04:00  INFO 5680 --- [restartedMain] o.h.e.t.j.p.i.JtaPlatformInitiator       : HHH000489: No JTA platform available (set 'hibernate.transaction.jta.platform' to enable JTA platform integration)
2026-03-09T20:02:59.090-04:00  INFO 5680 --- [restartedMain] j.LocalContainerEntityManagerFactoryBean : Initialized JPA EntityManagerFactory for persistence unit 'default'
2026-03-09T20:02:59.214-04:00  INFO 5680 --- [restartedMain] org.mongodb.driver.client                : MongoClient with metadata {"driver": {"name": "mongo-java-driver|sync|spring-boot", "version": "5.2.1"}, "os": {"type": "Windows", "name": "Windows 11", "architecture": "amd64", "version": "10.0"}, "platform": "Java/Oracle Corporation/17.0.12+8-LTS-286"} created with settings MongoClientSettings{readPreference=primary, writeConcern=WriteConcern{w=null, wTimeout=null ms, journal=null}, retryWrites=true, retryReads=true, readConcern=ReadConcern{level=null}, credential=null, transportSettings=null, commandListeners=[io.micrometer.core.instrument.binder.mongodb.MongoMetricsCommandListener@344c2bc2], codecRegistry=ProvidersCodecRegistry{codecProviders=[ValueCodecProvider{}, BsonValueCodecProvider{}, DBRefCodecProvider{}, DBObjectCodecProvider{}, DocumentCodecProvider{}, CollectionCodecProvider{}, IterableCodecProvider{}, MapCodecProvider{}, GeoJsonCodecProvider{}, GridFSFileCodecProvider{}, Jsr310CodecProvider{}, JsonObjectCodecProvider{}, BsonCodecProvider{}, EnumCodecProvider{}, com.mongodb.client.model.mql.ExpressionCodecProvider@4339c17b, com.mongodb.Jep395RecordCodecProvider@9695a96, com.mongodb.KotlinCodecProvider@1b4456ad]}, loggerSettings=LoggerSettings{maxDocumentLength=1000}, clusterSettings={hosts=[localhost:27017], srvServiceName=mongodb, mode=SINGLE, requiredClusterType=UNKNOWN, requiredReplicaSetName='null', serverSelector='null', clusterListeners='[]', serverSelectionTimeout='30000 ms', localThreshold='15 ms'}, socketSettings=SocketSettings{connectTimeoutMS=10000, readTimeoutMS=0, receiveBufferSize=0, proxySettings=ProxySettings{host=null, port=null, username=null, password=null}}, heartbeatSocketSettings=SocketSettings{connectTimeoutMS=10000, readTimeoutMS=10000, receiveBufferSize=0, proxySettings=ProxySettings{host=null, port=null, username=null, password=null}}, connectionPoolSettings=ConnectionPoolSettings{maxSize=100, minSize=0, maxWaitTimeMS=120000, maxConnectionLifeTimeMS=0, maxConnectionIdleTimeMS=0, maintenanceInitialDelayMS=0, maintenanceFrequencyMS=60000, connectionPoolListeners=[io.micrometer.core.instrument.binder.mongodb.MongoMetricsConnectionPoolListener@7dda1a2d], maxConnecting=2}, serverSettings=ServerSettings{heartbeatFrequencyMS=10000, minHeartbeatFrequencyMS=500, serverMonitoringMode=AUTO, serverListeners='[]', serverMonitorListeners='[]'}, sslSettings=SslSettings{enabled=false, invalidHostNameAllowed=false, context=null}, applicationName='null', compressorList=[], uuidRepresentation=JAVA_LEGACY, serverApi=null, autoEncryptionSettings=null, dnsClient=null, inetAddressResolver=null, contextProvider=null, timeoutMS=null}
2026-03-09T20:02:59.218-04:00  INFO 5680 --- [cluster-ClusterId{value='69af5fb38393f401d60d318a', description='null'}-localhost:27017] org.mongodb.driver.cluster               : Monitor thread successfully connected to server with description ServerDescription{address=localhost:27017, type=STANDALONE, cryptd=false, state=CONNECTED, ok=true, minWireVersion=0, maxWireVersion=27, maxDocumentSize=16777216, logicalSessionTimeoutMinutes=30, roundTripTimeNanos=4880300, minRoundTripTimeNanos=0}
2026-03-09T20:02:59.262-04:00  INFO 5680 --- [restartedMain] o.s.b.d.a.OptionalLiveReloadServer       : LiveReload server is running on port 35729
2026-03-09T20:02:59.438-04:00  WARN 5680 --- [restartedMain] JpaBaseConfiguration$JpaWebConfiguration : spring.jpa.open-in-view is enabled by default. Therefore, database queries may be performed during view rendering. Explicitly configure spring.jpa.open-in-view to disable this warning
2026-03-09T20:02:59.721-04:00  INFO 5680 --- [restartedMain] o.s.b.a.e.web.EndpointLinksResolver      : Exposing 1 endpoint beneath base path '/actuator'
2026-03-09T20:02:59.741-04:00  INFO 5680 --- [restartedMain] o.s.b.w.embedded.tomcat.TomcatWebServer  : Tomcat started on port 80 (http) with context path '/'
2026-03-09T20:02:59.749-04:00  INFO 5680 --- [restartedMain] com.truckoptimization.Main               : Started Main in 1.811 seconds (process running for 326.474)
2026-03-09T20:02:59.751-04:00  INFO 5680 --- [restartedMain] .ConditionEvaluationDeltaLoggingListener : Condition evaluation unchanged
2026-03-09T20:05:14.047-04:00  INFO 5680 --- [File Watcher] rtingClassPathChangeChangedEventListener : Restarting due to 3 class path changes (0 additions, 0 deletions, 3 modifications)
2026-03-09T20:05:14.050-04:00  INFO 5680 --- [Thread-23] o.s.b.w.e.tomcat.GracefulShutdown        : Commencing graceful shutdown. Waiting for active requests to complete
2026-03-09T20:05:14.364-04:00  INFO 5680 --- [tomcat-shutdown] o.s.b.w.e.tomcat.GracefulShutdown        : Graceful shutdown complete
2026-03-09T20:05:14.367-04:00  INFO 5680 --- [Thread-23] j.LocalContainerEntityManagerFactoryBean : Closing JPA EntityManagerFactory for persistence unit 'default'
2026-03-09T20:05:14.368-04:00  INFO 5680 --- [Thread-23] com.zaxxer.hikari.HikariDataSource       : HikariPool-6 - Shutdown initiated...
2026-03-09T20:05:14.373-04:00  INFO 5680 --- [Thread-23] com.zaxxer.hikari.HikariDataSource       : HikariPool-6 - Shutdown completed.
2026-03-09T20:05:14.474-04:00  INFO 5680 --- [restartedMain] com.truckoptimization.Main               : Starting Main using Java 17.0.12 with PID 5680 (C:\Programming\Java\TuckOptimaization\truck-routing\target\classes started by lukem in c:\Programming\Java\TuckOptimaization)
2026-03-09T20:05:14.474-04:00  INFO 5680 --- [restartedMain] com.truckoptimization.Main               : No active profile set, falling back to 1 default profile: "default"
2026-03-09T20:05:14.832-04:00  INFO 5680 --- [restartedMain] .s.d.r.c.RepositoryConfigurationDelegate : Multiple Spring Data modules found, entering strict repository configuration mode
2026-03-09T20:05:14.832-04:00  INFO 5680 --- [restartedMain] .s.d.r.c.RepositoryConfigurationDelegate : Bootstrapping Spring Data JPA repositories in DEFAULT mode.
2026-03-09T20:05:14.857-04:00  INFO 5680 --- [restartedMain] .RepositoryConfigurationExtensionSupport : Spring Data JPA - Could not safely identify store assignment for repository candidate interface com.truckoptimization.dto.database.nosql.feature.compiledRouteResult.CompiledRouteResultRepository; If you want this repository to be a JPA repository, consider annotating your entities with one of these annotations: jakarta.persistence.Entity, jakarta.persistence.MappedSuperclass (preferred), or consider extending one of the following types with your repository: org.springframework.data.jpa.repository.JpaRepository
2026-03-09T20:05:14.859-04:00  INFO 5680 --- [restartedMain] .RepositoryConfigurationExtensionSupport : Spring Data JPA - Could not safely identify store assignment for repository candidate interface com.truckoptimization.dto.database.nosql.feature.matrixCache.MatrixRepository; If you want this repository to be a JPA repository, consider annotating your entities with one of these annotations: jakarta.persistence.Entity, jakarta.persistence.MappedSuperclass (preferred), or consider extending one of the following types with your repository: org.springframework.data.jpa.repository.JpaRepository
2026-03-09T20:05:14.881-04:00  INFO 5680 --- [restartedMain] .s.d.r.c.RepositoryConfigurationDelegate : Finished Spring Data repository scanning in 46 ms. Found 2 JPA repository interfaces.
2026-03-09T20:05:14.952-04:00  INFO 5680 --- [restartedMain] .s.d.r.c.RepositoryConfigurationDelegate : Multiple Spring Data modules found, entering strict repository configuration mode
2026-03-09T20:05:14.952-04:00  INFO 5680 --- [restartedMain] .s.d.r.c.RepositoryConfigurationDelegate : Bootstrapping Spring Data MongoDB repositories in DEFAULT mode.
2026-03-09T20:05:14.982-04:00  INFO 5680 --- [restartedMain] .RepositoryConfigurationExtensionSupport : Spring Data MongoDB - Could not safely identify store assignment for repository candidate interface com.truckoptimization.dto.database.sql.features.location.LocationEntityRepository; If you want this repository to be a MongoDB repository, consider annotating your entities with one of these annotations: org.springframework.data.mongodb.core.mapping.Document (preferred), or consider extending one of the following types with your repository: org.springframework.data.mongodb.repository.MongoRepository
2026-03-09T20:05:14.983-04:00  INFO 5680 --- [restartedMain] .RepositoryConfigurationExtensionSupport : Spring Data MongoDB - Could not safely identify store assignment for repository candidate interface com.truckoptimization.dto.location.LocationRepository; If you want this repository to be a MongoDB repository, consider annotating your entities with one of these annotations: org.springframework.data.mongodb.core.mapping.Document (preferred), or consider extending one of the following types with your repository: org.springframework.data.mongodb.repository.MongoRepository
2026-03-09T20:05:15.013-04:00  INFO 5680 --- [restartedMain] .s.d.r.c.RepositoryConfigurationDelegate : Finished Spring Data repository scanning in 59 ms. Found 2 MongoDB repository interfaces.
2026-03-09T20:05:15.136-04:00  INFO 5680 --- [restartedMain] o.s.b.w.embedded.tomcat.TomcatWebServer  : Tomcat initialized with port 80 (http)
2026-03-09T20:05:15.136-04:00  INFO 5680 --- [restartedMain] o.apache.catalina.core.StandardService   : Starting service [Tomcat]
2026-03-09T20:05:15.137-04:00  INFO 5680 --- [restartedMain] o.apache.catalina.core.StandardEngine    : Starting Servlet engine: [Apache Tomcat/10.1.34]
2026-03-09T20:05:15.202-04:00  INFO 5680 --- [restartedMain] o.a.c.c.C.[Tomcat].[localhost].[/]       : Initializing Spring embedded WebApplicationContext
2026-03-09T20:05:15.202-04:00  INFO 5680 --- [restartedMain] w.s.c.ServletWebServerApplicationContext : Root WebApplicationContext: initialization completed in 726 ms
2026-03-09T20:05:15.313-04:00  INFO 5680 --- [restartedMain] o.hibernate.jpa.internal.util.LogHelper  : HHH000204: Processing PersistenceUnitInfo [name: default]
2026-03-09T20:05:15.317-04:00  INFO 5680 --- [restartedMain] o.h.c.internal.RegionFactoryInitiator    : HHH000026: Second-level cache disabled
2026-03-09T20:05:15.328-04:00  INFO 5680 --- [restartedMain] o.s.o.j.p.SpringPersistenceUnitInfo      : No LoadTimeWeaver setup: ignoring JPA class transformer
2026-03-09T20:05:15.330-04:00  INFO 5680 --- [restartedMain] com.zaxxer.hikari.HikariDataSource       : HikariPool-7 - Starting...
2026-03-09T20:05:15.342-04:00  INFO 5680 --- [restartedMain] com.zaxxer.hikari.pool.HikariPool        : HikariPool-7 - Added connection com.mysql.cj.jdbc.ConnectionImpl@68fe363d
2026-03-09T20:05:15.344-04:00  INFO 5680 --- [restartedMain] com.zaxxer.hikari.HikariDataSource       : HikariPool-7 - Start completed.
2026-03-09T20:05:15.347-04:00  WARN 5680 --- [restartedMain] org.hibernate.orm.deprecation            : HHH90000025: MySQLDialect does not need to be specified explicitly using 'hibernate.dialect' (remove the property setting and it will be selected by default)
2026-03-09T20:05:15.347-04:00  INFO 5680 --- [restartedMain] org.hibernate.orm.connections.pooling    : HHH10001005: Database info:
	Database JDBC URL [Connecting through datasource 'HikariDataSource (HikariPool-7)']
	Database driver: undefined/unknown
	Database version: 8.0.40
	Autocommit mode: undefined/unknown
	Isolation level: undefined/unknown
	Minimum pool size: undefined/unknown
	Maximum pool size: undefined/unknown
2026-03-09T20:05:15.393-04:00  INFO 5680 --- [restartedMain] o.h.m.i.EntityInstantiatorPojoStandard   : HHH000182: No default (no-argument) constructor for class: com.truckoptimization.dto.results.RouteResult (class must be instantiated by Interceptor)
2026-03-09T20:05:15.416-04:00  INFO 5680 --- [restartedMain] o.h.e.t.j.p.i.JtaPlatformInitiator       : HHH000489: No JTA platform available (set 'hibernate.transaction.jta.platform' to enable JTA platform integration)
2026-03-09T20:05:15.421-04:00  INFO 5680 --- [restartedMain] j.LocalContainerEntityManagerFactoryBean : Initialized JPA EntityManagerFactory for persistence unit 'default'
2026-03-09T20:05:15.551-04:00  INFO 5680 --- [restartedMain] org.mongodb.driver.client                : MongoClient with metadata {"driver": {"name": "mongo-java-driver|sync|spring-boot", "version": "5.2.1"}, "os": {"type": "Windows", "name": "Windows 11", "architecture": "amd64", "version": "10.0"}, "platform": "Java/Oracle Corporation/17.0.12+8-LTS-286"} created with settings MongoClientSettings{readPreference=primary, writeConcern=WriteConcern{w=null, wTimeout=null ms, journal=null}, retryWrites=true, retryReads=true, readConcern=ReadConcern{level=null}, credential=null, transportSettings=null, commandListeners=[io.micrometer.core.instrument.binder.mongodb.MongoMetricsCommandListener@25f07e4b], codecRegistry=ProvidersCodecRegistry{codecProviders=[ValueCodecProvider{}, BsonValueCodecProvider{}, DBRefCodecProvider{}, DBObjectCodecProvider{}, DocumentCodecProvider{}, CollectionCodecProvider{}, IterableCodecProvider{}, MapCodecProvider{}, GeoJsonCodecProvider{}, GridFSFileCodecProvider{}, Jsr310CodecProvider{}, JsonObjectCodecProvider{}, BsonCodecProvider{}, EnumCodecProvider{}, com.mongodb.client.model.mql.ExpressionCodecProvider@4339c17b, com.mongodb.Jep395RecordCodecProvider@9695a96, com.mongodb.KotlinCodecProvider@1b4456ad]}, loggerSettings=LoggerSettings{maxDocumentLength=1000}, clusterSettings={hosts=[localhost:27017], srvServiceName=mongodb, mode=SINGLE, requiredClusterType=UNKNOWN, requiredReplicaSetName='null', serverSelector='null', clusterListeners='[]', serverSelectionTimeout='30000 ms', localThreshold='15 ms'}, socketSettings=SocketSettings{connectTimeoutMS=10000, readTimeoutMS=0, receiveBufferSize=0, proxySettings=ProxySettings{host=null, port=null, username=null, password=null}}, heartbeatSocketSettings=SocketSettings{connectTimeoutMS=10000, readTimeoutMS=10000, receiveBufferSize=0, proxySettings=ProxySettings{host=null, port=null, username=null, password=null}}, connectionPoolSettings=ConnectionPoolSettings{maxSize=100, minSize=0, maxWaitTimeMS=120000, maxConnectionLifeTimeMS=0, maxConnectionIdleTimeMS=0, maintenanceInitialDelayMS=0, maintenanceFrequencyMS=60000, connectionPoolListeners=[io.micrometer.core.instrument.binder.mongodb.MongoMetricsConnectionPoolListener@7d1624cf], maxConnecting=2}, serverSettings=ServerSettings{heartbeatFrequencyMS=10000, minHeartbeatFrequencyMS=500, serverMonitoringMode=AUTO, serverListeners='[]', serverMonitorListeners='[]'}, sslSettings=SslSettings{enabled=false, invalidHostNameAllowed=false, context=null}, applicationName='null', compressorList=[], uuidRepresentation=JAVA_LEGACY, serverApi=null, autoEncryptionSettings=null, dnsClient=null, inetAddressResolver=null, contextProvider=null, timeoutMS=null}
2026-03-09T20:05:15.553-04:00  INFO 5680 --- [cluster-ClusterId{value='69af603b8393f401d60d318b', description='null'}-localhost:27017] org.mongodb.driver.cluster               : Monitor thread successfully connected to server with description ServerDescription{address=localhost:27017, type=STANDALONE, cryptd=false, state=CONNECTED, ok=true, minWireVersion=0, maxWireVersion=27, maxDocumentSize=16777216, logicalSessionTimeoutMinutes=30, roundTripTimeNanos=1115300, minRoundTripTimeNanos=0}
2026-03-09T20:05:15.595-04:00  INFO 5680 --- [restartedMain] o.s.b.d.a.OptionalLiveReloadServer       : LiveReload server is running on port 35729
2026-03-09T20:05:15.809-04:00  WARN 5680 --- [restartedMain] JpaBaseConfiguration$JpaWebConfiguration : spring.jpa.open-in-view is enabled by default. Therefore, database queries may be performed during view rendering. Explicitly configure spring.jpa.open-in-view to disable this warning
2026-03-09T20:05:16.074-04:00  INFO 5680 --- [restartedMain] o.s.b.a.e.web.EndpointLinksResolver      : Exposing 1 endpoint beneath base path '/actuator'
2026-03-09T20:05:16.092-04:00  INFO 5680 --- [restartedMain] o.s.b.w.embedded.tomcat.TomcatWebServer  : Tomcat started on port 80 (http) with context path '/'
2026-03-09T20:05:16.097-04:00  INFO 5680 --- [restartedMain] com.truckoptimization.Main               : Started Main in 1.666 seconds (process running for 462.822)
2026-03-09T20:05:16.099-04:00  INFO 5680 --- [restartedMain] .ConditionEvaluationDeltaLoggingListener : Condition evaluation unchanged
2026-03-09T20:06:36.430-04:00  INFO 5680 --- [File Watcher] rtingClassPathChangeChangedEventListener : Restarting due to 1 class path change (0 additions, 0 deletions, 1 modification)
2026-03-09T20:06:36.432-04:00  INFO 5680 --- [Thread-27] o.s.b.w.e.tomcat.GracefulShutdown        : Commencing graceful shutdown. Waiting for active requests to complete
2026-03-09T20:06:36.717-04:00  INFO 5680 --- [tomcat-shutdown] o.s.b.w.e.tomcat.GracefulShutdown        : Graceful shutdown complete
2026-03-09T20:06:36.719-04:00  INFO 5680 --- [Thread-27] j.LocalContainerEntityManagerFactoryBean : Closing JPA EntityManagerFactory for persistence unit 'default'
2026-03-09T20:06:36.720-04:00  INFO 5680 --- [Thread-27] com.zaxxer.hikari.HikariDataSource       : HikariPool-7 - Shutdown initiated...
2026-03-09T20:06:36.725-04:00  INFO 5680 --- [Thread-27] com.zaxxer.hikari.HikariDataSource       : HikariPool-7 - Shutdown completed.
2026-03-09T20:06:36.844-04:00  INFO 5680 --- [restartedMain] com.truckoptimization.Main               : Starting Main using Java 17.0.12 with PID 5680 (C:\Programming\Java\TuckOptimaization\truck-routing\target\classes started by lukem in c:\Programming\Java\TuckOptimaization)
2026-03-09T20:06:36.845-04:00  INFO 5680 --- [restartedMain] com.truckoptimization.Main               : No active profile set, falling back to 1 default profile: "default"
2026-03-09T20:06:37.123-04:00  INFO 5680 --- [restartedMain] .s.d.r.c.RepositoryConfigurationDelegate : Multiple Spring Data modules found, entering strict repository configuration mode
2026-03-09T20:06:37.124-04:00  INFO 5680 --- [restartedMain] .s.d.r.c.RepositoryConfigurationDelegate : Bootstrapping Spring Data JPA repositories in DEFAULT mode.
2026-03-09T20:06:37.143-04:00  INFO 5680 --- [restartedMain] .RepositoryConfigurationExtensionSupport : Spring Data JPA - Could not safely identify store assignment for repository candidate interface com.truckoptimization.dto.database.nosql.feature.compiledRouteResult.CompiledRouteResultRepository; If you want this repository to be a JPA repository, consider annotating your entities with one of these annotations: jakarta.persistence.Entity, jakarta.persistence.MappedSuperclass (preferred), or consider extending one of the following types with your repository: org.springframework.data.jpa.repository.JpaRepository
2026-03-09T20:06:37.145-04:00  INFO 5680 --- [restartedMain] .RepositoryConfigurationExtensionSupport : Spring Data JPA - Could not safely identify store assignment for repository candidate interface com.truckoptimization.dto.database.nosql.feature.matrixCache.MatrixRepository; If you want this repository to be a JPA repository, consider annotating your entities with one of these annotations: jakarta.persistence.Entity, jakarta.persistence.MappedSuperclass (preferred), or consider extending one of the following types with your repository: org.springframework.data.jpa.repository.JpaRepository
2026-03-09T20:06:37.167-04:00  INFO 5680 --- [restartedMain] .s.d.r.c.RepositoryConfigurationDelegate : Finished Spring Data repository scanning in 41 ms. Found 2 JPA repository interfaces.
2026-03-09T20:06:37.236-04:00  INFO 5680 --- [restartedMain] .s.d.r.c.RepositoryConfigurationDelegate : Multiple Spring Data modules found, entering strict repository configuration mode
2026-03-09T20:06:37.236-04:00  INFO 5680 --- [restartedMain] .s.d.r.c.RepositoryConfigurationDelegate : Bootstrapping Spring Data MongoDB repositories in DEFAULT mode.
2026-03-09T20:06:37.272-04:00  INFO 5680 --- [restartedMain] .RepositoryConfigurationExtensionSupport : Spring Data MongoDB - Could not safely identify store assignment for repository candidate interface com.truckoptimization.dto.database.sql.features.location.LocationEntityRepository; If you want this repository to be a MongoDB repository, consider annotating your entities with one of these annotations: org.springframework.data.mongodb.core.mapping.Document (preferred), or consider extending one of the following types with your repository: org.springframework.data.mongodb.repository.MongoRepository
2026-03-09T20:06:37.272-04:00  INFO 5680 --- [restartedMain] .RepositoryConfigurationExtensionSupport : Spring Data MongoDB - Could not safely identify store assignment for repository candidate interface com.truckoptimization.dto.location.LocationRepository; If you want this repository to be a MongoDB repository, consider annotating your entities with one of these annotations: org.springframework.data.mongodb.core.mapping.Document (preferred), or consider extending one of the following types with your repository: org.springframework.data.mongodb.repository.MongoRepository
2026-03-09T20:06:37.306-04:00  INFO 5680 --- [restartedMain] .s.d.r.c.RepositoryConfigurationDelegate : Finished Spring Data repository scanning in 68 ms. Found 2 MongoDB repository interfaces.
2026-03-09T20:06:37.476-04:00  INFO 5680 --- [restartedMain] o.s.b.w.embedded.tomcat.TomcatWebServer  : Tomcat initialized with port 80 (http)
2026-03-09T20:06:37.476-04:00  INFO 5680 --- [restartedMain] o.apache.catalina.core.StandardService   : Starting service [Tomcat]
2026-03-09T20:06:37.476-04:00  INFO 5680 --- [restartedMain] o.apache.catalina.core.StandardEngine    : Starting Servlet engine: [Apache Tomcat/10.1.34]
2026-03-09T20:06:37.540-04:00  INFO 5680 --- [restartedMain] o.a.c.c.C.[Tomcat].[localhost].[/]       : Initializing Spring embedded WebApplicationContext
2026-03-09T20:06:37.541-04:00  INFO 5680 --- [restartedMain] w.s.c.ServletWebServerApplicationContext : Root WebApplicationContext: initialization completed in 693 ms
2026-03-09T20:06:37.662-04:00  INFO 5680 --- [restartedMain] o.hibernate.jpa.internal.util.LogHelper  : HHH000204: Processing PersistenceUnitInfo [name: default]
2026-03-09T20:06:37.666-04:00  INFO 5680 --- [restartedMain] o.h.c.internal.RegionFactoryInitiator    : HHH000026: Second-level cache disabled
2026-03-09T20:06:37.674-04:00  INFO 5680 --- [restartedMain] o.s.o.j.p.SpringPersistenceUnitInfo      : No LoadTimeWeaver setup: ignoring JPA class transformer
2026-03-09T20:06:37.676-04:00  INFO 5680 --- [restartedMain] com.zaxxer.hikari.HikariDataSource       : HikariPool-8 - Starting...
2026-03-09T20:06:37.684-04:00  INFO 5680 --- [restartedMain] com.zaxxer.hikari.pool.HikariPool        : HikariPool-8 - Added connection com.mysql.cj.jdbc.ConnectionImpl@1612913f
2026-03-09T20:06:37.685-04:00  INFO 5680 --- [restartedMain] com.zaxxer.hikari.HikariDataSource       : HikariPool-8 - Start completed.
2026-03-09T20:06:37.686-04:00  WARN 5680 --- [restartedMain] org.hibernate.orm.deprecation            : HHH90000025: MySQLDialect does not need to be specified explicitly using 'hibernate.dialect' (remove the property setting and it will be selected by default)
2026-03-09T20:06:37.686-04:00  INFO 5680 --- [restartedMain] org.hibernate.orm.connections.pooling    : HHH10001005: Database info:
	Database JDBC URL [Connecting through datasource 'HikariDataSource (HikariPool-8)']
	Database driver: undefined/unknown
	Database version: 8.0.40
	Autocommit mode: undefined/unknown
	Isolation level: undefined/unknown
	Minimum pool size: undefined/unknown
	Maximum pool size: undefined/unknown
2026-03-09T20:06:37.719-04:00  INFO 5680 --- [restartedMain] o.h.m.i.EntityInstantiatorPojoStandard   : HHH000182: No default (no-argument) constructor for class: com.truckoptimization.dto.results.RouteResult (class must be instantiated by Interceptor)
2026-03-09T20:06:37.735-04:00  INFO 5680 --- [restartedMain] o.h.e.t.j.p.i.JtaPlatformInitiator       : HHH000489: No JTA platform available (set 'hibernate.transaction.jta.platform' to enable JTA platform integration)
2026-03-09T20:06:37.741-04:00  INFO 5680 --- [restartedMain] j.LocalContainerEntityManagerFactoryBean : Initialized JPA EntityManagerFactory for persistence unit 'default'
2026-03-09T20:06:37.803-04:00  WARN 5680 --- [restartedMain] ConfigServletWebServerApplicationContext : Exception encountered during context initialization - cancelling refresh attempt: org.springframework.beans.factory.BeanCreationException: Error creating bean with name 'directionService' defined in file [C:\Programming\Java\TuckOptimaization\truck-routing\target\classes\com\truckoptimization\task\api\orsApi\DirectionService.class]: Failed to instantiate [com.truckoptimization.task.api.orsApi.DirectionService]: Constructor threw exception
2026-03-09T20:06:37.804-04:00  INFO 5680 --- [restartedMain] j.LocalContainerEntityManagerFactoryBean : Closing JPA EntityManagerFactory for persistence unit 'default'
2026-03-09T20:06:37.804-04:00  INFO 5680 --- [restartedMain] com.zaxxer.hikari.HikariDataSource       : HikariPool-8 - Shutdown initiated...
2026-03-09T20:06:37.849-04:00  INFO 5680 --- [restartedMain] com.zaxxer.hikari.HikariDataSource       : HikariPool-8 - Shutdown completed.
2026-03-09T20:06:37.849-04:00  INFO 5680 --- [restartedMain] o.apache.catalina.core.StandardService   : Stopping service [Tomcat]
2026-03-09T20:06:37.854-04:00  INFO 5680 --- [restartedMain] .s.b.a.l.ConditionEvaluationReportLogger : 

Error starting ApplicationContext. To display the condition evaluation report re-run your application with 'debug' enabled.
2026-03-09T20:06:37.876-04:00 ERROR 5680 --- [restartedMain] o.s.boot.SpringApplication               : Application run failed

org.springframework.beans.factory.BeanCreationException: Error creating bean with name 'directionService' defined in file [C:\Programming\Java\TuckOptimaization\truck-routing\target\classes\com\truckoptimization\task\api\orsApi\DirectionService.class]: Failed to instantiate [com.truckoptimization.task.api.orsApi.DirectionService]: Constructor threw exception
	at org.springframework.beans.factory.support.AbstractAutowireCapableBeanFactory.instantiateBean(AbstractAutowireCapableBeanFactory.java:1339) ~[spring-beans-6.2.1.jar:6.2.1]
	at org.springframework.beans.factory.support.AbstractAutowireCapableBeanFactory.createBeanInstance(AbstractAutowireCapableBeanFactory.java:1224) ~[spring-beans-6.2.1.jar:6.2.1]
	at org.springframework.beans.factory.support.AbstractAutowireCapableBeanFactory.doCreateBean(AbstractAutowireCapableBeanFactory.java:563) ~[spring-beans-6.2.1.jar:6.2.1]
	at org.springframework.beans.factory.support.AbstractAutowireCapableBeanFactory.createBean(AbstractAutowireCapableBeanFactory.java:523) ~[spring-beans-6.2.1.jar:6.2.1]
	at org.springframework.beans.factory.support.AbstractBeanFactory.lambda$doGetBean$0(AbstractBeanFactory.java:336) ~[spring-beans-6.2.1.jar:6.2.1]
	at org.springframework.beans.factory.support.DefaultSingletonBeanRegistry.getSingleton(DefaultSingletonBeanRegistry.java:289) ~[spring-beans-6.2.1.jar:6.2.1]
	at org.springframework.beans.factory.support.AbstractBeanFactory.doGetBean(AbstractBeanFactory.java:334) ~[spring-beans-6.2.1.jar:6.2.1]
	at org.springframework.beans.factory.support.AbstractBeanFactory.getBean(AbstractBeanFactory.java:199) ~[spring-beans-6.2.1.jar:6.2.1]
	at org.springframework.beans.factory.support.DefaultListableBeanFactory.instantiateSingleton(DefaultListableBeanFactory.java:1122) ~[spring-beans-6.2.1.jar:6.2.1]
	at org.springframework.beans.factory.support.DefaultListableBeanFactory.preInstantiateSingleton(DefaultListableBeanFactory.java:1093) ~[spring-beans-6.2.1.jar:6.2.1]
	at org.springframework.beans.factory.support.DefaultListableBeanFactory.preInstantiateSingletons(DefaultListableBeanFactory.java:1030) ~[spring-beans-6.2.1.jar:6.2.1]
	at org.springframework.context.support.AbstractApplicationContext.finishBeanFactoryInitialization(AbstractApplicationContext.java:987) ~[spring-context-6.2.1.jar:6.2.1]
	at org.springframework.context.support.AbstractApplicationContext.refresh(AbstractApplicationContext.java:627) ~[spring-context-6.2.1.jar:6.2.1]
	at org.springframework.boot.web.servlet.context.ServletWebServerApplicationContext.refresh(ServletWebServerApplicationContext.java:146) ~[spring-boot-3.4.1.jar:3.4.1]
	at org.springframework.boot.SpringApplication.refresh(SpringApplication.java:752) ~[spring-boot-3.4.1.jar:3.4.1]
	at org.springframework.boot.SpringApplication.refreshContext(SpringApplication.java:439) ~[spring-boot-3.4.1.jar:3.4.1]
	at org.springframework.boot.SpringApplication.run(SpringApplication.java:318) ~[spring-boot-3.4.1.jar:3.4.1]
	at org.springframework.boot.SpringApplication.run(SpringApplication.java:1361) ~[spring-boot-3.4.1.jar:3.4.1]
	at org.springframework.boot.SpringApplication.run(SpringApplication.java:1350) ~[spring-boot-3.4.1.jar:3.4.1]
	at com.truckoptimization.Main.main(Main.java:27) ~[classes/:na]
	at java.base/jdk.internal.reflect.NativeMethodAccessorImpl.invoke0(Native Method) ~[na:na]
	at java.base/jdk.internal.reflect.NativeMethodAccessorImpl.invoke(NativeMethodAccessorImpl.java:77) ~[na:na]
	at java.base/jdk.internal.reflect.DelegatingMethodAccessorImpl.invoke(DelegatingMethodAccessorImpl.java:43) ~[na:na]
	at java.base/java.lang.reflect.Method.invoke(Method.java:568) ~[na:na]
	at org.springframework.boot.devtools.restart.RestartLauncher.run(RestartLauncher.java:50) ~[spring-boot-devtools-3.4.1.jar:3.4.1]
Caused by: org.springframework.beans.BeanInstantiationException: Failed to instantiate [com.truckoptimization.task.api.orsApi.DirectionService]: Constructor threw exception
	at org.springframework.beans.BeanUtils.instantiateClass(BeanUtils.java:222) ~[spring-beans-6.2.1.jar:6.2.1]
	at org.springframework.beans.factory.support.SimpleInstantiationStrategy.instantiate(SimpleInstantiationStrategy.java:122) ~[spring-beans-6.2.1.jar:6.2.1]
	at org.springframework.beans.factory.support.AbstractAutowireCapableBeanFactory.instantiateBean(AbstractAutowireCapableBeanFactory.java:1333) ~[spring-beans-6.2.1.jar:6.2.1]
	... 24 common frames omitted
Caused by: java.lang.Error: Unresolved compilation problems: 
	The blank final field orsApiKey may not have been initialized
	Return type for the method is missing
	Return type for the method is missing
	Value cannot be resolved to a type
	ORS_API_KEY cannot be resolved to a variable

	at com.truckoptimization.task.api.orsApi.DirectionService.<init>(DirectionService.java:31) ~[classes/:na]
	at java.base/jdk.internal.reflect.NativeConstructorAccessorImpl.newInstance0(Native Method) ~[na:na]
	at java.base/jdk.internal.reflect.NativeConstructorAccessorImpl.newInstance(NativeConstructorAccessorImpl.java:77) ~[na:na]
	at java.base/jdk.internal.reflect.DelegatingConstructorAccessorImpl.newInstance(DelegatingConstructorAccessorImpl.java:45) ~[na:na]
	at java.base/java.lang.reflect.Constructor.newInstanceWithCaller(Constructor.java:499) ~[na:na]
	at java.base/java.lang.reflect.Constructor.newInstance(Constructor.java:480) ~[na:na]
	at org.springframework.beans.BeanUtils.instantiateClass(BeanUtils.java:196) ~[spring-beans-6.2.1.jar:6.2.1]
	... 26 common frames omitted

2026-03-09T20:07:22.564-04:00  INFO 5680 --- [restartedMain] com.truckoptimization.Main               : Starting Main using Java 17.0.12 with PID 5680 (C:\Programming\Java\TuckOptimaization\truck-routing\target\classes started by lukem in c:\Programming\Java\TuckOptimaization)
2026-03-09T20:07:22.564-04:00  INFO 5680 --- [restartedMain] com.truckoptimization.Main               : No active profile set, falling back to 1 default profile: "default"
2026-03-09T20:07:22.884-04:00  INFO 5680 --- [restartedMain] .s.d.r.c.RepositoryConfigurationDelegate : Multiple Spring Data modules found, entering strict repository configuration mode
2026-03-09T20:07:22.885-04:00  INFO 5680 --- [restartedMain] .s.d.r.c.RepositoryConfigurationDelegate : Bootstrapping Spring Data JPA repositories in DEFAULT mode.
2026-03-09T20:07:22.903-04:00  INFO 5680 --- [restartedMain] .RepositoryConfigurationExtensionSupport : Spring Data JPA - Could not safely identify store assignment for repository candidate interface com.truckoptimization.dto.database.nosql.feature.compiledRouteResult.CompiledRouteResultRepository; If you want this repository to be a JPA repository, consider annotating your entities with one of these annotations: jakarta.persistence.Entity, jakarta.persistence.MappedSuperclass (preferred), or consider extending one of the following types with your repository: org.springframework.data.jpa.repository.JpaRepository
2026-03-09T20:07:22.906-04:00  INFO 5680 --- [restartedMain] .RepositoryConfigurationExtensionSupport : Spring Data JPA - Could not safely identify store assignment for repository candidate interface com.truckoptimization.dto.database.nosql.feature.matrixCache.MatrixRepository; If you want this repository to be a JPA repository, consider annotating your entities with one of these annotations: jakarta.persistence.Entity, jakarta.persistence.MappedSuperclass (preferred), or consider extending one of the following types with your repository: org.springframework.data.jpa.repository.JpaRepository
2026-03-09T20:07:22.931-04:00  INFO 5680 --- [restartedMain] .s.d.r.c.RepositoryConfigurationDelegate : Finished Spring Data repository scanning in 44 ms. Found 2 JPA repository interfaces.
2026-03-09T20:07:23.008-04:00  INFO 5680 --- [restartedMain] .s.d.r.c.RepositoryConfigurationDelegate : Multiple Spring Data modules found, entering strict repository configuration mode
2026-03-09T20:07:23.008-04:00  INFO 5680 --- [restartedMain] .s.d.r.c.RepositoryConfigurationDelegate : Bootstrapping Spring Data MongoDB repositories in DEFAULT mode.
2026-03-09T20:07:23.041-04:00  INFO 5680 --- [restartedMain] .RepositoryConfigurationExtensionSupport : Spring Data MongoDB - Could not safely identify store assignment for repository candidate interface com.truckoptimization.dto.database.sql.features.location.LocationEntityRepository; If you want this repository to be a MongoDB repository, consider annotating your entities with one of these annotations: org.springframework.data.mongodb.core.mapping.Document (preferred), or consider extending one of the following types with your repository: org.springframework.data.mongodb.repository.MongoRepository
2026-03-09T20:07:23.041-04:00  INFO 5680 --- [restartedMain] .RepositoryConfigurationExtensionSupport : Spring Data MongoDB - Could not safely identify store assignment for repository candidate interface com.truckoptimization.dto.location.LocationRepository; If you want this repository to be a MongoDB repository, consider annotating your entities with one of these annotations: org.springframework.data.mongodb.core.mapping.Document (preferred), or consider extending one of the following types with your repository: org.springframework.data.mongodb.repository.MongoRepository
2026-03-09T20:07:23.073-04:00  INFO 5680 --- [restartedMain] .s.d.r.c.RepositoryConfigurationDelegate : Finished Spring Data repository scanning in 64 ms. Found 2 MongoDB repository interfaces.
2026-03-09T20:07:23.198-04:00  INFO 5680 --- [restartedMain] o.s.b.w.embedded.tomcat.TomcatWebServer  : Tomcat initialized with port 80 (http)
2026-03-09T20:07:23.199-04:00  INFO 5680 --- [restartedMain] o.apache.catalina.core.StandardService   : Starting service [Tomcat]
2026-03-09T20:07:23.200-04:00  INFO 5680 --- [restartedMain] o.apache.catalina.core.StandardEngine    : Starting Servlet engine: [Apache Tomcat/10.1.34]
2026-03-09T20:07:23.265-04:00  INFO 5680 --- [restartedMain] o.a.c.c.C.[Tomcat-1].[localhost].[/]     : Initializing Spring embedded WebApplicationContext
2026-03-09T20:07:23.265-04:00  INFO 5680 --- [restartedMain] w.s.c.ServletWebServerApplicationContext : Root WebApplicationContext: initialization completed in 698 ms
2026-03-09T20:07:23.375-04:00  INFO 5680 --- [restartedMain] o.hibernate.jpa.internal.util.LogHelper  : HHH000204: Processing PersistenceUnitInfo [name: default]
2026-03-09T20:07:23.378-04:00  INFO 5680 --- [restartedMain] o.h.c.internal.RegionFactoryInitiator    : HHH000026: Second-level cache disabled
2026-03-09T20:07:23.386-04:00  INFO 5680 --- [restartedMain] o.s.o.j.p.SpringPersistenceUnitInfo      : No LoadTimeWeaver setup: ignoring JPA class transformer
2026-03-09T20:07:23.386-04:00  INFO 5680 --- [restartedMain] com.zaxxer.hikari.HikariDataSource       : HikariPool-9 - Starting...
2026-03-09T20:07:23.395-04:00  INFO 5680 --- [restartedMain] com.zaxxer.hikari.pool.HikariPool        : HikariPool-9 - Added connection com.mysql.cj.jdbc.ConnectionImpl@3b9c4a68
2026-03-09T20:07:23.395-04:00  INFO 5680 --- [restartedMain] com.zaxxer.hikari.HikariDataSource       : HikariPool-9 - Start completed.
2026-03-09T20:07:23.396-04:00  WARN 5680 --- [restartedMain] org.hibernate.orm.deprecation            : HHH90000025: MySQLDialect does not need to be specified explicitly using 'hibernate.dialect' (remove the property setting and it will be selected by default)
2026-03-09T20:07:23.397-04:00  INFO 5680 --- [restartedMain] org.hibernate.orm.connections.pooling    : HHH10001005: Database info:
	Database JDBC URL [Connecting through datasource 'HikariDataSource (HikariPool-9)']
	Database driver: undefined/unknown
	Database version: 8.0.40
	Autocommit mode: undefined/unknown
	Isolation level: undefined/unknown
	Minimum pool size: undefined/unknown
	Maximum pool size: undefined/unknown
2026-03-09T20:07:23.427-04:00  INFO 5680 --- [restartedMain] o.h.m.i.EntityInstantiatorPojoStandard   : HHH000182: No default (no-argument) constructor for class: com.truckoptimization.dto.results.RouteResult (class must be instantiated by Interceptor)
2026-03-09T20:07:23.446-04:00  INFO 5680 --- [restartedMain] o.h.e.t.j.p.i.JtaPlatformInitiator       : HHH000489: No JTA platform available (set 'hibernate.transaction.jta.platform' to enable JTA platform integration)
2026-03-09T20:07:23.451-04:00  INFO 5680 --- [restartedMain] j.LocalContainerEntityManagerFactoryBean : Initialized JPA EntityManagerFactory for persistence unit 'default'
2026-03-09T20:07:23.555-04:00  INFO 5680 --- [restartedMain] org.mongodb.driver.client                : MongoClient with metadata {"driver": {"name": "mongo-java-driver|sync|spring-boot", "version": "5.2.1"}, "os": {"type": "Windows", "name": "Windows 11", "architecture": "amd64", "version": "10.0"}, "platform": "Java/Oracle Corporation/17.0.12+8-LTS-286"} created with settings MongoClientSettings{readPreference=primary, writeConcern=WriteConcern{w=null, wTimeout=null ms, journal=null}, retryWrites=true, retryReads=true, readConcern=ReadConcern{level=null}, credential=null, transportSettings=null, commandListeners=[io.micrometer.core.instrument.binder.mongodb.MongoMetricsCommandListener@22648aac], codecRegistry=ProvidersCodecRegistry{codecProviders=[ValueCodecProvider{}, BsonValueCodecProvider{}, DBRefCodecProvider{}, DBObjectCodecProvider{}, DocumentCodecProvider{}, CollectionCodecProvider{}, IterableCodecProvider{}, MapCodecProvider{}, GeoJsonCodecProvider{}, GridFSFileCodecProvider{}, Jsr310CodecProvider{}, JsonObjectCodecProvider{}, BsonCodecProvider{}, EnumCodecProvider{}, com.mongodb.client.model.mql.ExpressionCodecProvider@4339c17b, com.mongodb.Jep395RecordCodecProvider@9695a96, com.mongodb.KotlinCodecProvider@1b4456ad]}, loggerSettings=LoggerSettings{maxDocumentLength=1000}, clusterSettings={hosts=[localhost:27017], srvServiceName=mongodb, mode=SINGLE, requiredClusterType=UNKNOWN, requiredReplicaSetName='null', serverSelector='null', clusterListeners='[]', serverSelectionTimeout='30000 ms', localThreshold='15 ms'}, socketSettings=SocketSettings{connectTimeoutMS=10000, readTimeoutMS=0, receiveBufferSize=0, proxySettings=ProxySettings{host=null, port=null, username=null, password=null}}, heartbeatSocketSettings=SocketSettings{connectTimeoutMS=10000, readTimeoutMS=10000, receiveBufferSize=0, proxySettings=ProxySettings{host=null, port=null, username=null, password=null}}, connectionPoolSettings=ConnectionPoolSettings{maxSize=100, minSize=0, maxWaitTimeMS=120000, maxConnectionLifeTimeMS=0, maxConnectionIdleTimeMS=0, maintenanceInitialDelayMS=0, maintenanceFrequencyMS=60000, connectionPoolListeners=[io.micrometer.core.instrument.binder.mongodb.MongoMetricsConnectionPoolListener@3d0b5b40], maxConnecting=2}, serverSettings=ServerSettings{heartbeatFrequencyMS=10000, minHeartbeatFrequencyMS=500, serverMonitoringMode=AUTO, serverListeners='[]', serverMonitorListeners='[]'}, sslSettings=SslSettings{enabled=false, invalidHostNameAllowed=false, context=null}, applicationName='null', compressorList=[], uuidRepresentation=JAVA_LEGACY, serverApi=null, autoEncryptionSettings=null, dnsClient=null, inetAddressResolver=null, contextProvider=null, timeoutMS=null}
2026-03-09T20:07:23.557-04:00  INFO 5680 --- [cluster-ClusterId{value='69af60bb8393f401d60d318c', description='null'}-localhost:27017] org.mongodb.driver.cluster               : Monitor thread successfully connected to server with description ServerDescription{address=localhost:27017, type=STANDALONE, cryptd=false, state=CONNECTED, ok=true, minWireVersion=0, maxWireVersion=27, maxDocumentSize=16777216, logicalSessionTimeoutMinutes=30, roundTripTimeNanos=1269800, minRoundTripTimeNanos=0}
2026-03-09T20:07:23.593-04:00  INFO 5680 --- [restartedMain] o.s.b.d.a.OptionalLiveReloadServer       : LiveReload server is running on port 35729
2026-03-09T20:07:23.753-04:00  WARN 5680 --- [restartedMain] JpaBaseConfiguration$JpaWebConfiguration : spring.jpa.open-in-view is enabled by default. Therefore, database queries may be performed during view rendering. Explicitly configure spring.jpa.open-in-view to disable this warning
2026-03-09T20:07:23.993-04:00  INFO 5680 --- [restartedMain] o.s.b.a.e.web.EndpointLinksResolver      : Exposing 1 endpoint beneath base path '/actuator'
2026-03-09T20:07:24.008-04:00  INFO 5680 --- [restartedMain] o.s.b.w.embedded.tomcat.TomcatWebServer  : Tomcat started on port 80 (http) with context path '/'
2026-03-09T20:07:24.013-04:00  INFO 5680 --- [restartedMain] com.truckoptimization.Main               : Started Main in 1.494 seconds (process running for 590.737)
2026-03-09T20:07:24.014-04:00  INFO 5680 --- [restartedMain] .ConditionEvaluationDeltaLoggingListener : Condition evaluation unchanged
2026-03-09T20:07:50.220-04:00  INFO 5680 --- [File Watcher] rtingClassPathChangeChangedEventListener : Restarting due to 1 class path change (0 additions, 0 deletions, 1 modification)
2026-03-09T20:07:50.222-04:00  INFO 5680 --- [Thread-31] o.s.b.w.e.tomcat.GracefulShutdown        : Commencing graceful shutdown. Waiting for active requests to complete
2026-03-09T20:07:50.460-04:00  INFO 5680 --- [tomcat-shutdown] o.s.b.w.e.tomcat.GracefulShutdown        : Graceful shutdown complete
2026-03-09T20:07:50.462-04:00  INFO 5680 --- [Thread-31] j.LocalContainerEntityManagerFactoryBean : Closing JPA EntityManagerFactory for persistence unit 'default'
2026-03-09T20:07:50.463-04:00  INFO 5680 --- [Thread-31] com.zaxxer.hikari.HikariDataSource       : HikariPool-9 - Shutdown initiated...
2026-03-09T20:07:50.468-04:00  INFO 5680 --- [Thread-31] com.zaxxer.hikari.HikariDataSource       : HikariPool-9 - Shutdown completed.
2026-03-09T20:07:50.559-04:00  INFO 5680 --- [restartedMain] com.truckoptimization.Main               : Starting Main using Java 17.0.12 with PID 5680 (C:\Programming\Java\TuckOptimaization\truck-routing\target\classes started by lukem in c:\Programming\Java\TuckOptimaization)
2026-03-09T20:07:50.560-04:00  INFO 5680 --- [restartedMain] com.truckoptimization.Main               : No active profile set, falling back to 1 default profile: "default"
2026-03-09T20:07:50.798-04:00  INFO 5680 --- [restartedMain] .s.d.r.c.RepositoryConfigurationDelegate : Multiple Spring Data modules found, entering strict repository configuration mode
2026-03-09T20:07:50.798-04:00  INFO 5680 --- [restartedMain] .s.d.r.c.RepositoryConfigurationDelegate : Bootstrapping Spring Data JPA repositories in DEFAULT mode.
2026-03-09T20:07:50.816-04:00  INFO 5680 --- [restartedMain] .RepositoryConfigurationExtensionSupport : Spring Data JPA - Could not safely identify store assignment for repository candidate interface com.truckoptimization.dto.database.nosql.feature.compiledRouteResult.CompiledRouteResultRepository; If you want this repository to be a JPA repository, consider annotating your entities with one of these annotations: jakarta.persistence.Entity, jakarta.persistence.MappedSuperclass (preferred), or consider extending one of the following types with your repository: org.springframework.data.jpa.repository.JpaRepository
2026-03-09T20:07:50.818-04:00  INFO 5680 --- [restartedMain] .RepositoryConfigurationExtensionSupport : Spring Data JPA - Could not safely identify store assignment for repository candidate interface com.truckoptimization.dto.database.nosql.feature.matrixCache.MatrixRepository; If you want this repository to be a JPA repository, consider annotating your entities with one of these annotations: jakarta.persistence.Entity, jakarta.persistence.MappedSuperclass (preferred), or consider extending one of the following types with your repository: org.springframework.data.jpa.repository.JpaRepository
2026-03-09T20:07:50.836-04:00  INFO 5680 --- [restartedMain] .s.d.r.c.RepositoryConfigurationDelegate : Finished Spring Data repository scanning in 37 ms. Found 2 JPA repository interfaces.
2026-03-09T20:07:50.898-04:00  INFO 5680 --- [restartedMain] .s.d.r.c.RepositoryConfigurationDelegate : Multiple Spring Data modules found, entering strict repository configuration mode
2026-03-09T20:07:50.899-04:00  INFO 5680 --- [restartedMain] .s.d.r.c.RepositoryConfigurationDelegate : Bootstrapping Spring Data MongoDB repositories in DEFAULT mode.
2026-03-09T20:07:50.923-04:00  INFO 5680 --- [restartedMain] .RepositoryConfigurationExtensionSupport : Spring Data MongoDB - Could not safely identify store assignment for repository candidate interface com.truckoptimization.dto.database.sql.features.location.LocationEntityRepository; If you want this repository to be a MongoDB repository, consider annotating your entities with one of these annotations: org.springframework.data.mongodb.core.mapping.Document (preferred), or consider extending one of the following types with your repository: org.springframework.data.mongodb.repository.MongoRepository
2026-03-09T20:07:50.924-04:00  INFO 5680 --- [restartedMain] .RepositoryConfigurationExtensionSupport : Spring Data MongoDB - Could not safely identify store assignment for repository candidate interface com.truckoptimization.dto.location.LocationRepository; If you want this repository to be a MongoDB repository, consider annotating your entities with one of these annotations: org.springframework.data.mongodb.core.mapping.Document (preferred), or consider extending one of the following types with your repository: org.springframework.data.mongodb.repository.MongoRepository
2026-03-09T20:07:50.949-04:00  INFO 5680 --- [restartedMain] .s.d.r.c.RepositoryConfigurationDelegate : Finished Spring Data repository scanning in 49 ms. Found 2 MongoDB repository interfaces.
2026-03-09T20:07:51.058-04:00  INFO 5680 --- [restartedMain] o.s.b.w.embedded.tomcat.TomcatWebServer  : Tomcat initialized with port 80 (http)
2026-03-09T20:07:51.059-04:00  INFO 5680 --- [restartedMain] o.apache.catalina.core.StandardService   : Starting service [Tomcat]
2026-03-09T20:07:51.059-04:00  INFO 5680 --- [restartedMain] o.apache.catalina.core.StandardEngine    : Starting Servlet engine: [Apache Tomcat/10.1.34]
2026-03-09T20:07:51.128-04:00  INFO 5680 --- [restartedMain] o.a.c.c.C.[Tomcat-1].[localhost].[/]     : Initializing Spring embedded WebApplicationContext
2026-03-09T20:07:51.128-04:00  INFO 5680 --- [restartedMain] w.s.c.ServletWebServerApplicationContext : Root WebApplicationContext: initialization completed in 567 ms
2026-03-09T20:07:51.216-04:00  INFO 5680 --- [restartedMain] o.hibernate.jpa.internal.util.LogHelper  : HHH000204: Processing PersistenceUnitInfo [name: default]
2026-03-09T20:07:51.218-04:00  INFO 5680 --- [restartedMain] o.h.c.internal.RegionFactoryInitiator    : HHH000026: Second-level cache disabled
2026-03-09T20:07:51.226-04:00  INFO 5680 --- [restartedMain] o.s.o.j.p.SpringPersistenceUnitInfo      : No LoadTimeWeaver setup: ignoring JPA class transformer
2026-03-09T20:07:51.228-04:00  INFO 5680 --- [restartedMain] com.zaxxer.hikari.HikariDataSource       : HikariPool-10 - Starting...
2026-03-09T20:07:51.236-04:00  INFO 5680 --- [restartedMain] com.zaxxer.hikari.pool.HikariPool        : HikariPool-10 - Added connection com.mysql.cj.jdbc.ConnectionImpl@46203e12
2026-03-09T20:07:51.236-04:00  INFO 5680 --- [restartedMain] com.zaxxer.hikari.HikariDataSource       : HikariPool-10 - Start completed.
2026-03-09T20:07:51.237-04:00  WARN 5680 --- [restartedMain] org.hibernate.orm.deprecation            : HHH90000025: MySQLDialect does not need to be specified explicitly using 'hibernate.dialect' (remove the property setting and it will be selected by default)
2026-03-09T20:07:51.238-04:00  INFO 5680 --- [restartedMain] org.hibernate.orm.connections.pooling    : HHH10001005: Database info:
	Database JDBC URL [Connecting through datasource 'HikariDataSource (HikariPool-10)']
	Database driver: undefined/unknown
	Database version: 8.0.40
	Autocommit mode: undefined/unknown
	Isolation level: undefined/unknown
	Minimum pool size: undefined/unknown
	Maximum pool size: undefined/unknown
2026-03-09T20:07:51.265-04:00  INFO 5680 --- [restartedMain] o.h.m.i.EntityInstantiatorPojoStandard   : HHH000182: No default (no-argument) constructor for class: com.truckoptimization.dto.results.RouteResult (class must be instantiated by Interceptor)
2026-03-09T20:07:51.280-04:00  INFO 5680 --- [restartedMain] o.h.e.t.j.p.i.JtaPlatformInitiator       : HHH000489: No JTA platform available (set 'hibernate.transaction.jta.platform' to enable JTA platform integration)
2026-03-09T20:07:51.286-04:00  INFO 5680 --- [restartedMain] j.LocalContainerEntityManagerFactoryBean : Initialized JPA EntityManagerFactory for persistence unit 'default'
2026-03-09T20:07:51.382-04:00  INFO 5680 --- [restartedMain] org.mongodb.driver.client                : MongoClient with metadata {"driver": {"name": "mongo-java-driver|sync|spring-boot", "version": "5.2.1"}, "os": {"type": "Windows", "name": "Windows 11", "architecture": "amd64", "version": "10.0"}, "platform": "Java/Oracle Corporation/17.0.12+8-LTS-286"} created with settings MongoClientSettings{readPreference=primary, writeConcern=WriteConcern{w=null, wTimeout=null ms, journal=null}, retryWrites=true, retryReads=true, readConcern=ReadConcern{level=null}, credential=null, transportSettings=null, commandListeners=[io.micrometer.core.instrument.binder.mongodb.MongoMetricsCommandListener@4a8ba9dd], codecRegistry=ProvidersCodecRegistry{codecProviders=[ValueCodecProvider{}, BsonValueCodecProvider{}, DBRefCodecProvider{}, DBObjectCodecProvider{}, DocumentCodecProvider{}, CollectionCodecProvider{}, IterableCodecProvider{}, MapCodecProvider{}, GeoJsonCodecProvider{}, GridFSFileCodecProvider{}, Jsr310CodecProvider{}, JsonObjectCodecProvider{}, BsonCodecProvider{}, EnumCodecProvider{}, com.mongodb.client.model.mql.ExpressionCodecProvider@4339c17b, com.mongodb.Jep395RecordCodecProvider@9695a96, com.mongodb.KotlinCodecProvider@1b4456ad]}, loggerSettings=LoggerSettings{maxDocumentLength=1000}, clusterSettings={hosts=[localhost:27017], srvServiceName=mongodb, mode=SINGLE, requiredClusterType=UNKNOWN, requiredReplicaSetName='null', serverSelector='null', clusterListeners='[]', serverSelectionTimeout='30000 ms', localThreshold='15 ms'}, socketSettings=SocketSettings{connectTimeoutMS=10000, readTimeoutMS=0, receiveBufferSize=0, proxySettings=ProxySettings{host=null, port=null, username=null, password=null}}, heartbeatSocketSettings=SocketSettings{connectTimeoutMS=10000, readTimeoutMS=10000, receiveBufferSize=0, proxySettings=ProxySettings{host=null, port=null, username=null, password=null}}, connectionPoolSettings=ConnectionPoolSettings{maxSize=100, minSize=0, maxWaitTimeMS=120000, maxConnectionLifeTimeMS=0, maxConnectionIdleTimeMS=0, maintenanceInitialDelayMS=0, maintenanceFrequencyMS=60000, connectionPoolListeners=[io.micrometer.core.instrument.binder.mongodb.MongoMetricsConnectionPoolListener@68cf1dd9], maxConnecting=2}, serverSettings=ServerSettings{heartbeatFrequencyMS=10000, minHeartbeatFrequencyMS=500, serverMonitoringMode=AUTO, serverListeners='[]', serverMonitorListeners='[]'}, sslSettings=SslSettings{enabled=false, invalidHostNameAllowed=false, context=null}, applicationName='null', compressorList=[], uuidRepresentation=JAVA_LEGACY, serverApi=null, autoEncryptionSettings=null, dnsClient=null, inetAddressResolver=null, contextProvider=null, timeoutMS=null}
2026-03-09T20:07:51.383-04:00  INFO 5680 --- [cluster-ClusterId{value='69af60d78393f401d60d318d', description='null'}-localhost:27017] org.mongodb.driver.cluster               : Monitor thread successfully connected to server with description ServerDescription{address=localhost:27017, type=STANDALONE, cryptd=false, state=CONNECTED, ok=true, minWireVersion=0, maxWireVersion=27, maxDocumentSize=16777216, logicalSessionTimeoutMinutes=30, roundTripTimeNanos=1171300, minRoundTripTimeNanos=0}
2026-03-09T20:07:51.413-04:00  INFO 5680 --- [restartedMain] o.s.b.d.a.OptionalLiveReloadServer       : LiveReload server is running on port 35729
2026-03-09T20:07:51.567-04:00  WARN 5680 --- [restartedMain] JpaBaseConfiguration$JpaWebConfiguration : spring.jpa.open-in-view is enabled by default. Therefore, database queries may be performed during view rendering. Explicitly configure spring.jpa.open-in-view to disable this warning
2026-03-09T20:07:51.831-04:00  INFO 5680 --- [restartedMain] o.s.b.a.e.web.EndpointLinksResolver      : Exposing 1 endpoint beneath base path '/actuator'
2026-03-09T20:07:51.850-04:00  INFO 5680 --- [restartedMain] o.s.b.w.embedded.tomcat.TomcatWebServer  : Tomcat started on port 80 (http) with context path '/'
2026-03-09T20:07:51.855-04:00  INFO 5680 --- [restartedMain] com.truckoptimization.Main               : Started Main in 1.33 seconds (process running for 618.579)
2026-03-09T20:07:51.856-04:00  INFO 5680 --- [restartedMain] .ConditionEvaluationDeltaLoggingListener : Condition evaluation unchanged
2026-03-09T20:07:56.901-04:00  INFO 5680 --- [http-nio-0.0.0.0-80-exec-1] o.a.c.c.C.[Tomcat-1].[localhost].[/]     : Initializing Spring DispatcherServlet 'dispatcherServlet'
2026-03-09T20:07:56.902-04:00  INFO 5680 --- [http-nio-0.0.0.0-80-exec-1] o.s.web.servlet.DispatcherServlet        : Initializing Servlet 'dispatcherServlet'
2026-03-09T20:07:56.903-04:00  INFO 5680 --- [http-nio-0.0.0.0-80-exec-1] o.s.web.servlet.DispatcherServlet        : Completed initialization in 1 ms
2026-03-09T20:07:57.051-04:00  WARN 5680 --- [http-nio-0.0.0.0-80-exec-1] .m.m.a.ExceptionHandlerExceptionResolver : Resolved [jakarta.servlet.ServletException: Handler dispatch failed: java.lang.Error: Unresolved compilation problems: <EOL>?ORS_API_KEY cannot be resolved to a variable<EOL>?ORS_API_KEY cannot be resolved<EOL>?ORS_API_KEY cannot be resolved to a variable<EOL>]
2026-03-09T20:07:57.125-04:00  WARN 5680 --- [http-nio-0.0.0.0-80-exec-3] .m.m.a.ExceptionHandlerExceptionResolver : Resolved [org.springframework.web.servlet.resource.NoResourceFoundException: No static resource favicon.ico.]
2026-03-09T20:09:12.343-04:00  INFO 5680 --- [File Watcher] rtingClassPathChangeChangedEventListener : Restarting due to 4 class path changes (0 additions, 0 deletions, 4 modifications)
2026-03-09T20:09:12.344-04:00  INFO 5680 --- [Thread-38] o.s.b.w.e.tomcat.GracefulShutdown        : Commencing graceful shutdown. Waiting for active requests to complete
2026-03-09T20:09:12.617-04:00  INFO 5680 --- [tomcat-shutdown] o.s.b.w.e.tomcat.GracefulShutdown        : Graceful shutdown complete
2026-03-09T20:09:12.619-04:00  INFO 5680 --- [Thread-38] j.LocalContainerEntityManagerFactoryBean : Closing JPA EntityManagerFactory for persistence unit 'default'
2026-03-09T20:09:12.620-04:00  INFO 5680 --- [Thread-38] com.zaxxer.hikari.HikariDataSource       : HikariPool-10 - Shutdown initiated...
2026-03-09T20:09:12.624-04:00  INFO 5680 --- [Thread-38] com.zaxxer.hikari.HikariDataSource       : HikariPool-10 - Shutdown completed.
2026-03-09T20:09:12.720-04:00  INFO 5680 --- [restartedMain] com.truckoptimization.Main               : Starting Main using Java 17.0.12 with PID 5680 (C:\Programming\Java\TuckOptimaization\truck-routing\target\classes started by lukem in c:\Programming\Java\TuckOptimaization)
2026-03-09T20:09:12.720-04:00  INFO 5680 --- [restartedMain] com.truckoptimization.Main               : No active profile set, falling back to 1 default profile: "default"
2026-03-09T20:09:12.983-04:00  INFO 5680 --- [restartedMain] .s.d.r.c.RepositoryConfigurationDelegate : Multiple Spring Data modules found, entering strict repository configuration mode
2026-03-09T20:09:12.983-04:00  INFO 5680 --- [restartedMain] .s.d.r.c.RepositoryConfigurationDelegate : Bootstrapping Spring Data JPA repositories in DEFAULT mode.
2026-03-09T20:09:13.003-04:00  INFO 5680 --- [restartedMain] .RepositoryConfigurationExtensionSupport : Spring Data JPA - Could not safely identify store assignment for repository candidate interface com.truckoptimization.dto.database.nosql.feature.compiledRouteResult.CompiledRouteResultRepository; If you want this repository to be a JPA repository, consider annotating your entities with one of these annotations: jakarta.persistence.Entity, jakarta.persistence.MappedSuperclass (preferred), or consider extending one of the following types with your repository: org.springframework.data.jpa.repository.JpaRepository
2026-03-09T20:09:13.005-04:00  INFO 5680 --- [restartedMain] .RepositoryConfigurationExtensionSupport : Spring Data JPA - Could not safely identify store assignment for repository candidate interface com.truckoptimization.dto.database.nosql.feature.matrixCache.MatrixRepository; If you want this repository to be a JPA repository, consider annotating your entities with one of these annotations: jakarta.persistence.Entity, jakarta.persistence.MappedSuperclass (preferred), or consider extending one of the following types with your repository: org.springframework.data.jpa.repository.JpaRepository
2026-03-09T20:09:13.025-04:00  INFO 5680 --- [restartedMain] .s.d.r.c.RepositoryConfigurationDelegate : Finished Spring Data repository scanning in 40 ms. Found 2 JPA repository interfaces.
2026-03-09T20:09:13.089-04:00  INFO 5680 --- [restartedMain] .s.d.r.c.RepositoryConfigurationDelegate : Multiple Spring Data modules found, entering strict repository configuration mode
2026-03-09T20:09:13.089-04:00  INFO 5680 --- [restartedMain] .s.d.r.c.RepositoryConfigurationDelegate : Bootstrapping Spring Data MongoDB repositories in DEFAULT mode.
2026-03-09T20:09:13.120-04:00  INFO 5680 --- [restartedMain] .RepositoryConfigurationExtensionSupport : Spring Data MongoDB - Could not safely identify store assignment for repository candidate interface com.truckoptimization.dto.database.sql.features.location.LocationEntityRepository; If you want this repository to be a MongoDB repository, consider annotating your entities with one of these annotations: org.springframework.data.mongodb.core.mapping.Document (preferred), or consider extending one of the following types with your repository: org.springframework.data.mongodb.repository.MongoRepository
2026-03-09T20:09:13.120-04:00  INFO 5680 --- [restartedMain] .RepositoryConfigurationExtensionSupport : Spring Data MongoDB - Could not safely identify store assignment for repository candidate interface com.truckoptimization.dto.location.LocationRepository; If you want this repository to be a MongoDB repository, consider annotating your entities with one of these annotations: org.springframework.data.mongodb.core.mapping.Document (preferred), or consider extending one of the following types with your repository: org.springframework.data.mongodb.repository.MongoRepository
2026-03-09T20:09:13.150-04:00  INFO 5680 --- [restartedMain] .s.d.r.c.RepositoryConfigurationDelegate : Finished Spring Data repository scanning in 60 ms. Found 2 MongoDB repository interfaces.
2026-03-09T20:09:13.263-04:00  INFO 5680 --- [restartedMain] o.s.b.w.embedded.tomcat.TomcatWebServer  : Tomcat initialized with port 80 (http)
2026-03-09T20:09:13.265-04:00  INFO 5680 --- [restartedMain] o.apache.catalina.core.StandardService   : Starting service [Tomcat]
2026-03-09T20:09:13.266-04:00  INFO 5680 --- [restartedMain] o.apache.catalina.core.StandardEngine    : Starting Servlet engine: [Apache Tomcat/10.1.34]
2026-03-09T20:09:13.351-04:00  INFO 5680 --- [restartedMain] o.a.c.c.C.[Tomcat-1].[localhost].[/]     : Initializing Spring embedded WebApplicationContext
2026-03-09T20:09:13.352-04:00  INFO 5680 --- [restartedMain] w.s.c.ServletWebServerApplicationContext : Root WebApplicationContext: initialization completed in 629 ms
2026-03-09T20:09:13.463-04:00  INFO 5680 --- [restartedMain] o.hibernate.jpa.internal.util.LogHelper  : HHH000204: Processing PersistenceUnitInfo [name: default]
2026-03-09T20:09:13.467-04:00  INFO 5680 --- [restartedMain] o.h.c.internal.RegionFactoryInitiator    : HHH000026: Second-level cache disabled
2026-03-09T20:09:13.476-04:00  INFO 5680 --- [restartedMain] o.s.o.j.p.SpringPersistenceUnitInfo      : No LoadTimeWeaver setup: ignoring JPA class transformer
2026-03-09T20:09:13.477-04:00  INFO 5680 --- [restartedMain] com.zaxxer.hikari.HikariDataSource       : HikariPool-11 - Starting...
2026-03-09T20:09:13.487-04:00  INFO 5680 --- [restartedMain] com.zaxxer.hikari.pool.HikariPool        : HikariPool-11 - Added connection com.mysql.cj.jdbc.ConnectionImpl@5753fbf6
2026-03-09T20:09:13.488-04:00  INFO 5680 --- [restartedMain] com.zaxxer.hikari.HikariDataSource       : HikariPool-11 - Start completed.
2026-03-09T20:09:13.488-04:00  WARN 5680 --- [restartedMain] org.hibernate.orm.deprecation            : HHH90000025: MySQLDialect does not need to be specified explicitly using 'hibernate.dialect' (remove the property setting and it will be selected by default)
2026-03-09T20:09:13.489-04:00  INFO 5680 --- [restartedMain] org.hibernate.orm.connections.pooling    : HHH10001005: Database info:
	Database JDBC URL [Connecting through datasource 'HikariDataSource (HikariPool-11)']
	Database driver: undefined/unknown
	Database version: 8.0.40
	Autocommit mode: undefined/unknown
	Isolation level: undefined/unknown
	Minimum pool size: undefined/unknown
	Maximum pool size: undefined/unknown
2026-03-09T20:09:13.520-04:00  INFO 5680 --- [restartedMain] o.h.m.i.EntityInstantiatorPojoStandard   : HHH000182: No default (no-argument) constructor for class: com.truckoptimization.dto.results.RouteResult (class must be instantiated by Interceptor)
2026-03-09T20:09:13.537-04:00  INFO 5680 --- [restartedMain] o.h.e.t.j.p.i.JtaPlatformInitiator       : HHH000489: No JTA platform available (set 'hibernate.transaction.jta.platform' to enable JTA platform integration)
2026-03-09T20:09:13.543-04:00  INFO 5680 --- [restartedMain] j.LocalContainerEntityManagerFactoryBean : Initialized JPA EntityManagerFactory for persistence unit 'default'
2026-03-09T20:09:13.647-04:00  INFO 5680 --- [restartedMain] org.mongodb.driver.client                : MongoClient with metadata {"driver": {"name": "mongo-java-driver|sync|spring-boot", "version": "5.2.1"}, "os": {"type": "Windows", "name": "Windows 11", "architecture": "amd64", "version": "10.0"}, "platform": "Java/Oracle Corporation/17.0.12+8-LTS-286"} created with settings MongoClientSettings{readPreference=primary, writeConcern=WriteConcern{w=null, wTimeout=null ms, journal=null}, retryWrites=true, retryReads=true, readConcern=ReadConcern{level=null}, credential=null, transportSettings=null, commandListeners=[io.micrometer.core.instrument.binder.mongodb.MongoMetricsCommandListener@78d68e01], codecRegistry=ProvidersCodecRegistry{codecProviders=[ValueCodecProvider{}, BsonValueCodecProvider{}, DBRefCodecProvider{}, DBObjectCodecProvider{}, DocumentCodecProvider{}, CollectionCodecProvider{}, IterableCodecProvider{}, MapCodecProvider{}, GeoJsonCodecProvider{}, GridFSFileCodecProvider{}, Jsr310CodecProvider{}, JsonObjectCodecProvider{}, BsonCodecProvider{}, EnumCodecProvider{}, com.mongodb.client.model.mql.ExpressionCodecProvider@4339c17b, com.mongodb.Jep395RecordCodecProvider@9695a96, com.mongodb.KotlinCodecProvider@1b4456ad]}, loggerSettings=LoggerSettings{maxDocumentLength=1000}, clusterSettings={hosts=[localhost:27017], srvServiceName=mongodb, mode=SINGLE, requiredClusterType=UNKNOWN, requiredReplicaSetName='null', serverSelector='null', clusterListeners='[]', serverSelectionTimeout='30000 ms', localThreshold='15 ms'}, socketSettings=SocketSettings{connectTimeoutMS=10000, readTimeoutMS=0, receiveBufferSize=0, proxySettings=ProxySettings{host=null, port=null, username=null, password=null}}, heartbeatSocketSettings=SocketSettings{connectTimeoutMS=10000, readTimeoutMS=10000, receiveBufferSize=0, proxySettings=ProxySettings{host=null, port=null, username=null, password=null}}, connectionPoolSettings=ConnectionPoolSettings{maxSize=100, minSize=0, maxWaitTimeMS=120000, maxConnectionLifeTimeMS=0, maxConnectionIdleTimeMS=0, maintenanceInitialDelayMS=0, maintenanceFrequencyMS=60000, connectionPoolListeners=[io.micrometer.core.instrument.binder.mongodb.MongoMetricsConnectionPoolListener@1e7f832b], maxConnecting=2}, serverSettings=ServerSettings{heartbeatFrequencyMS=10000, minHeartbeatFrequencyMS=500, serverMonitoringMode=AUTO, serverListeners='[]', serverMonitorListeners='[]'}, sslSettings=SslSettings{enabled=false, invalidHostNameAllowed=false, context=null}, applicationName='null', compressorList=[], uuidRepresentation=JAVA_LEGACY, serverApi=null, autoEncryptionSettings=null, dnsClient=null, inetAddressResolver=null, contextProvider=null, timeoutMS=null}
2026-03-09T20:09:13.648-04:00  INFO 5680 --- [cluster-ClusterId{value='69af61298393f401d60d318e', description='null'}-localhost:27017] org.mongodb.driver.cluster               : Monitor thread successfully connected to server with description ServerDescription{address=localhost:27017, type=STANDALONE, cryptd=false, state=CONNECTED, ok=true, minWireVersion=0, maxWireVersion=27, maxDocumentSize=16777216, logicalSessionTimeoutMinutes=30, roundTripTimeNanos=1052200, minRoundTripTimeNanos=0}
2026-03-09T20:09:13.678-04:00  INFO 5680 --- [restartedMain] o.s.b.d.a.OptionalLiveReloadServer       : LiveReload server is running on port 35729
2026-03-09T20:09:13.852-04:00  WARN 5680 --- [restartedMain] JpaBaseConfiguration$JpaWebConfiguration : spring.jpa.open-in-view is enabled by default. Therefore, database queries may be performed during view rendering. Explicitly configure spring.jpa.open-in-view to disable this warning
2026-03-09T20:09:14.112-04:00  INFO 5680 --- [restartedMain] o.s.b.a.e.web.EndpointLinksResolver      : Exposing 1 endpoint beneath base path '/actuator'
2026-03-09T20:09:14.128-04:00  INFO 5680 --- [restartedMain] o.s.b.w.embedded.tomcat.TomcatWebServer  : Tomcat started on port 80 (http) with context path '/'
2026-03-09T20:09:14.135-04:00  INFO 5680 --- [restartedMain] com.truckoptimization.Main               : Started Main in 1.449 seconds (process running for 700.859)
2026-03-09T20:09:14.136-04:00  INFO 5680 --- [restartedMain] .ConditionEvaluationDeltaLoggingListener : Condition evaluation unchanged
2026-03-09T20:09:39.394-04:00  INFO 5680 --- [File Watcher] rtingClassPathChangeChangedEventListener : Restarting due to 4 class path changes (0 additions, 0 deletions, 4 modifications)
2026-03-09T20:09:39.395-04:00  INFO 5680 --- [Thread-42] o.s.b.w.e.tomcat.GracefulShutdown        : Commencing graceful shutdown. Waiting for active requests to complete
2026-03-09T20:09:39.647-04:00  INFO 5680 --- [tomcat-shutdown] o.s.b.w.e.tomcat.GracefulShutdown        : Graceful shutdown complete
2026-03-09T20:09:39.649-04:00  INFO 5680 --- [Thread-42] j.LocalContainerEntityManagerFactoryBean : Closing JPA EntityManagerFactory for persistence unit 'default'
2026-03-09T20:09:39.650-04:00  INFO 5680 --- [Thread-42] com.zaxxer.hikari.HikariDataSource       : HikariPool-11 - Shutdown initiated...
2026-03-09T20:09:39.653-04:00  INFO 5680 --- [Thread-42] com.zaxxer.hikari.HikariDataSource       : HikariPool-11 - Shutdown completed.
2026-03-09T20:09:39.746-04:00  INFO 5680 --- [restartedMain] com.truckoptimization.Main               : Starting Main using Java 17.0.12 with PID 5680 (C:\Programming\Java\TuckOptimaization\truck-routing\target\classes started by lukem in c:\Programming\Java\TuckOptimaization)
2026-03-09T20:09:39.746-04:00  INFO 5680 --- [restartedMain] com.truckoptimization.Main               : No active profile set, falling back to 1 default profile: "default"
2026-03-09T20:09:39.979-04:00  INFO 5680 --- [restartedMain] .s.d.r.c.RepositoryConfigurationDelegate : Multiple Spring Data modules found, entering strict repository configuration mode
2026-03-09T20:09:39.979-04:00  INFO 5680 --- [restartedMain] .s.d.r.c.RepositoryConfigurationDelegate : Bootstrapping Spring Data JPA repositories in DEFAULT mode.
2026-03-09T20:09:39.997-04:00  INFO 5680 --- [restartedMain] .RepositoryConfigurationExtensionSupport : Spring Data JPA - Could not safely identify store assignment for repository candidate interface com.truckoptimization.dto.database.nosql.feature.compiledRouteResult.CompiledRouteResultRepository; If you want this repository to be a JPA repository, consider annotating your entities with one of these annotations: jakarta.persistence.Entity, jakarta.persistence.MappedSuperclass (preferred), or consider extending one of the following types with your repository: org.springframework.data.jpa.repository.JpaRepository
2026-03-09T20:09:39.999-04:00  INFO 5680 --- [restartedMain] .RepositoryConfigurationExtensionSupport : Spring Data JPA - Could not safely identify store assignment for repository candidate interface com.truckoptimization.dto.database.nosql.feature.matrixCache.MatrixRepository; If you want this repository to be a JPA repository, consider annotating your entities with one of these annotations: jakarta.persistence.Entity, jakarta.persistence.MappedSuperclass (preferred), or consider extending one of the following types with your repository: org.springframework.data.jpa.repository.JpaRepository
2026-03-09T20:09:40.019-04:00  INFO 5680 --- [restartedMain] .s.d.r.c.RepositoryConfigurationDelegate : Finished Spring Data repository scanning in 38 ms. Found 2 JPA repository interfaces.
2026-03-09T20:09:40.082-04:00  INFO 5680 --- [restartedMain] .s.d.r.c.RepositoryConfigurationDelegate : Multiple Spring Data modules found, entering strict repository configuration mode
2026-03-09T20:09:40.083-04:00  INFO 5680 --- [restartedMain] .s.d.r.c.RepositoryConfigurationDelegate : Bootstrapping Spring Data MongoDB repositories in DEFAULT mode.
2026-03-09T20:09:40.110-04:00  INFO 5680 --- [restartedMain] .RepositoryConfigurationExtensionSupport : Spring Data MongoDB - Could not safely identify store assignment for repository candidate interface com.truckoptimization.dto.database.sql.features.location.LocationEntityRepository; If you want this repository to be a MongoDB repository, consider annotating your entities with one of these annotations: org.springframework.data.mongodb.core.mapping.Document (preferred), or consider extending one of the following types with your repository: org.springframework.data.mongodb.repository.MongoRepository
2026-03-09T20:09:40.110-04:00  INFO 5680 --- [restartedMain] .RepositoryConfigurationExtensionSupport : Spring Data MongoDB - Could not safely identify store assignment for repository candidate interface com.truckoptimization.dto.location.LocationRepository; If you want this repository to be a MongoDB repository, consider annotating your entities with one of these annotations: org.springframework.data.mongodb.core.mapping.Document (preferred), or consider extending one of the following types with your repository: org.springframework.data.mongodb.repository.MongoRepository
2026-03-09T20:09:40.137-04:00  INFO 5680 --- [restartedMain] .s.d.r.c.RepositoryConfigurationDelegate : Finished Spring Data repository scanning in 53 ms. Found 2 MongoDB repository interfaces.
2026-03-09T20:09:40.241-04:00  INFO 5680 --- [restartedMain] o.s.b.w.embedded.tomcat.TomcatWebServer  : Tomcat initialized with port 80 (http)
2026-03-09T20:09:40.242-04:00  INFO 5680 --- [restartedMain] o.apache.catalina.core.StandardService   : Starting service [Tomcat]
2026-03-09T20:09:40.242-04:00  INFO 5680 --- [restartedMain] o.apache.catalina.core.StandardEngine    : Starting Servlet engine: [Apache Tomcat/10.1.34]
2026-03-09T20:09:40.312-04:00  INFO 5680 --- [restartedMain] o.a.c.c.C.[Tomcat-1].[localhost].[/]     : Initializing Spring embedded WebApplicationContext
2026-03-09T20:09:40.313-04:00  INFO 5680 --- [restartedMain] w.s.c.ServletWebServerApplicationContext : Root WebApplicationContext: initialization completed in 565 ms
2026-03-09T20:09:40.412-04:00  INFO 5680 --- [restartedMain] o.hibernate.jpa.internal.util.LogHelper  : HHH000204: Processing PersistenceUnitInfo [name: default]
2026-03-09T20:09:40.415-04:00  INFO 5680 --- [restartedMain] o.h.c.internal.RegionFactoryInitiator    : HHH000026: Second-level cache disabled
2026-03-09T20:09:40.424-04:00  INFO 5680 --- [restartedMain] o.s.o.j.p.SpringPersistenceUnitInfo      : No LoadTimeWeaver setup: ignoring JPA class transformer
2026-03-09T20:09:40.425-04:00  INFO 5680 --- [restartedMain] com.zaxxer.hikari.HikariDataSource       : HikariPool-12 - Starting...
2026-03-09T20:09:40.434-04:00  INFO 5680 --- [restartedMain] com.zaxxer.hikari.pool.HikariPool        : HikariPool-12 - Added connection com.mysql.cj.jdbc.ConnectionImpl@6248ca85
2026-03-09T20:09:40.434-04:00  INFO 5680 --- [restartedMain] com.zaxxer.hikari.HikariDataSource       : HikariPool-12 - Start completed.
2026-03-09T20:09:40.435-04:00  WARN 5680 --- [restartedMain] org.hibernate.orm.deprecation            : HHH90000025: MySQLDialect does not need to be specified explicitly using 'hibernate.dialect' (remove the property setting and it will be selected by default)
2026-03-09T20:09:40.436-04:00  INFO 5680 --- [restartedMain] org.hibernate.orm.connections.pooling    : HHH10001005: Database info:
	Database JDBC URL [Connecting through datasource 'HikariDataSource (HikariPool-12)']
	Database driver: undefined/unknown
	Database version: 8.0.40
	Autocommit mode: undefined/unknown
	Isolation level: undefined/unknown
	Minimum pool size: undefined/unknown
	Maximum pool size: undefined/unknown
2026-03-09T20:09:40.464-04:00  INFO 5680 --- [restartedMain] o.h.m.i.EntityInstantiatorPojoStandard   : HHH000182: No default (no-argument) constructor for class: com.truckoptimization.dto.results.RouteResult (class must be instantiated by Interceptor)
2026-03-09T20:09:40.478-04:00  INFO 5680 --- [restartedMain] o.h.e.t.j.p.i.JtaPlatformInitiator       : HHH000489: No JTA platform available (set 'hibernate.transaction.jta.platform' to enable JTA platform integration)
2026-03-09T20:09:40.483-04:00  INFO 5680 --- [restartedMain] j.LocalContainerEntityManagerFactoryBean : Initialized JPA EntityManagerFactory for persistence unit 'default'
2026-03-09T20:09:40.612-04:00  INFO 5680 --- [restartedMain] org.mongodb.driver.client                : MongoClient with metadata {"driver": {"name": "mongo-java-driver|sync|spring-boot", "version": "5.2.1"}, "os": {"type": "Windows", "name": "Windows 11", "architecture": "amd64", "version": "10.0"}, "platform": "Java/Oracle Corporation/17.0.12+8-LTS-286"} created with settings MongoClientSettings{readPreference=primary, writeConcern=WriteConcern{w=null, wTimeout=null ms, journal=null}, retryWrites=true, retryReads=true, readConcern=ReadConcern{level=null}, credential=null, transportSettings=null, commandListeners=[io.micrometer.core.instrument.binder.mongodb.MongoMetricsCommandListener@5249574a], codecRegistry=ProvidersCodecRegistry{codecProviders=[ValueCodecProvider{}, BsonValueCodecProvider{}, DBRefCodecProvider{}, DBObjectCodecProvider{}, DocumentCodecProvider{}, CollectionCodecProvider{}, IterableCodecProvider{}, MapCodecProvider{}, GeoJsonCodecProvider{}, GridFSFileCodecProvider{}, Jsr310CodecProvider{}, JsonObjectCodecProvider{}, BsonCodecProvider{}, EnumCodecProvider{}, com.mongodb.client.model.mql.ExpressionCodecProvider@4339c17b, com.mongodb.Jep395RecordCodecProvider@9695a96, com.mongodb.KotlinCodecProvider@1b4456ad]}, loggerSettings=LoggerSettings{maxDocumentLength=1000}, clusterSettings={hosts=[localhost:27017], srvServiceName=mongodb, mode=SINGLE, requiredClusterType=UNKNOWN, requiredReplicaSetName='null', serverSelector='null', clusterListeners='[]', serverSelectionTimeout='30000 ms', localThreshold='15 ms'}, socketSettings=SocketSettings{connectTimeoutMS=10000, readTimeoutMS=0, receiveBufferSize=0, proxySettings=ProxySettings{host=null, port=null, username=null, password=null}}, heartbeatSocketSettings=SocketSettings{connectTimeoutMS=10000, readTimeoutMS=10000, receiveBufferSize=0, proxySettings=ProxySettings{host=null, port=null, username=null, password=null}}, connectionPoolSettings=ConnectionPoolSettings{maxSize=100, minSize=0, maxWaitTimeMS=120000, maxConnectionLifeTimeMS=0, maxConnectionIdleTimeMS=0, maintenanceInitialDelayMS=0, maintenanceFrequencyMS=60000, connectionPoolListeners=[io.micrometer.core.instrument.binder.mongodb.MongoMetricsConnectionPoolListener@79354940], maxConnecting=2}, serverSettings=ServerSettings{heartbeatFrequencyMS=10000, minHeartbeatFrequencyMS=500, serverMonitoringMode=AUTO, serverListeners='[]', serverMonitorListeners='[]'}, sslSettings=SslSettings{enabled=false, invalidHostNameAllowed=false, context=null}, applicationName='null', compressorList=[], uuidRepresentation=JAVA_LEGACY, serverApi=null, autoEncryptionSettings=null, dnsClient=null, inetAddressResolver=null, contextProvider=null, timeoutMS=null}
2026-03-09T20:09:40.616-04:00  INFO 5680 --- [cluster-ClusterId{value='69af61448393f401d60d318f', description='null'}-localhost:27017] org.mongodb.driver.cluster               : Monitor thread successfully connected to server with description ServerDescription{address=localhost:27017, type=STANDALONE, cryptd=false, state=CONNECTED, ok=true, minWireVersion=0, maxWireVersion=27, maxDocumentSize=16777216, logicalSessionTimeoutMinutes=30, roundTripTimeNanos=1293100, minRoundTripTimeNanos=0}
2026-03-09T20:09:40.659-04:00  INFO 5680 --- [restartedMain] o.s.b.d.a.OptionalLiveReloadServer       : LiveReload server is running on port 35729
2026-03-09T20:09:40.829-04:00  WARN 5680 --- [restartedMain] JpaBaseConfiguration$JpaWebConfiguration : spring.jpa.open-in-view is enabled by default. Therefore, database queries may be performed during view rendering. Explicitly configure spring.jpa.open-in-view to disable this warning
2026-03-09T20:09:41.124-04:00  INFO 5680 --- [restartedMain] o.s.b.a.e.web.EndpointLinksResolver      : Exposing 1 endpoint beneath base path '/actuator'
2026-03-09T20:09:41.139-04:00  INFO 5680 --- [restartedMain] o.s.b.w.embedded.tomcat.TomcatWebServer  : Tomcat started on port 80 (http) with context path '/'
2026-03-09T20:09:41.145-04:00  INFO 5680 --- [restartedMain] com.truckoptimization.Main               : Started Main in 1.429 seconds (process running for 727.869)
2026-03-09T20:09:41.146-04:00  INFO 5680 --- [restartedMain] .ConditionEvaluationDeltaLoggingListener : Condition evaluation unchanged
2026-03-09T20:09:46.065-04:00  INFO 5680 --- [http-nio-0.0.0.0-80-exec-1] o.a.c.c.C.[Tomcat-1].[localhost].[/]     : Initializing Spring DispatcherServlet 'dispatcherServlet'
2026-03-09T20:09:46.065-04:00  INFO 5680 --- [http-nio-0.0.0.0-80-exec-1] o.s.web.servlet.DispatcherServlet        : Initializing Servlet 'dispatcherServlet'
2026-03-09T20:09:46.066-04:00  INFO 5680 --- [http-nio-0.0.0.0-80-exec-1] o.s.web.servlet.DispatcherServlet        : Completed initialization in 1 ms
2026-03-09T20:09:46.174-04:00  WARN 5680 --- [http-nio-0.0.0.0-80-exec-1] .m.m.a.ExceptionHandlerExceptionResolver : Resolved [com.truckoptimization.exception.ApiNotConnectedException: Failed to contact ORS API. Check that docker container is running and able to be reached.]
2026-03-09T20:10:13.919-04:00  INFO 5680 --- [File Watcher] rtingClassPathChangeChangedEventListener : Restarting due to 1 class path change (0 additions, 0 deletions, 1 modification)
2026-03-09T20:10:13.922-04:00  INFO 5680 --- [Thread-46] o.s.b.w.e.tomcat.GracefulShutdown        : Commencing graceful shutdown. Waiting for active requests to complete
2026-03-09T20:10:14.193-04:00  INFO 5680 --- [tomcat-shutdown] o.s.b.w.e.tomcat.GracefulShutdown        : Graceful shutdown complete
2026-03-09T20:10:14.197-04:00  INFO 5680 --- [Thread-46] j.LocalContainerEntityManagerFactoryBean : Closing JPA EntityManagerFactory for persistence unit 'default'
2026-03-09T20:10:14.197-04:00  INFO 5680 --- [Thread-46] com.zaxxer.hikari.HikariDataSource       : HikariPool-12 - Shutdown initiated...
2026-03-09T20:10:14.200-04:00  INFO 5680 --- [Thread-46] com.zaxxer.hikari.HikariDataSource       : HikariPool-12 - Shutdown completed.
2026-03-09T20:10:14.307-04:00  INFO 5680 --- [restartedMain] com.truckoptimization.Main               : Starting Main using Java 17.0.12 with PID 5680 (C:\Programming\Java\TuckOptimaization\truck-routing\target\classes started by lukem in c:\Programming\Java\TuckOptimaization)
2026-03-09T20:10:14.307-04:00  INFO 5680 --- [restartedMain] com.truckoptimization.Main               : No active profile set, falling back to 1 default profile: "default"
2026-03-09T20:10:14.563-04:00  INFO 5680 --- [restartedMain] .s.d.r.c.RepositoryConfigurationDelegate : Multiple Spring Data modules found, entering strict repository configuration mode
2026-03-09T20:10:14.563-04:00  INFO 5680 --- [restartedMain] .s.d.r.c.RepositoryConfigurationDelegate : Bootstrapping Spring Data JPA repositories in DEFAULT mode.
2026-03-09T20:10:14.579-04:00  INFO 5680 --- [restartedMain] .RepositoryConfigurationExtensionSupport : Spring Data JPA - Could not safely identify store assignment for repository candidate interface com.truckoptimization.dto.database.nosql.feature.compiledRouteResult.CompiledRouteResultRepository; If you want this repository to be a JPA repository, consider annotating your entities with one of these annotations: jakarta.persistence.Entity, jakarta.persistence.MappedSuperclass (preferred), or consider extending one of the following types with your repository: org.springframework.data.jpa.repository.JpaRepository
2026-03-09T20:10:14.581-04:00  INFO 5680 --- [restartedMain] .RepositoryConfigurationExtensionSupport : Spring Data JPA - Could not safely identify store assignment for repository candidate interface com.truckoptimization.dto.database.nosql.feature.matrixCache.MatrixRepository; If you want this repository to be a JPA repository, consider annotating your entities with one of these annotations: jakarta.persistence.Entity, jakarta.persistence.MappedSuperclass (preferred), or consider extending one of the following types with your repository: org.springframework.data.jpa.repository.JpaRepository
2026-03-09T20:10:14.600-04:00  INFO 5680 --- [restartedMain] .s.d.r.c.RepositoryConfigurationDelegate : Finished Spring Data repository scanning in 36 ms. Found 2 JPA repository interfaces.
2026-03-09T20:10:14.661-04:00  INFO 5680 --- [restartedMain] .s.d.r.c.RepositoryConfigurationDelegate : Multiple Spring Data modules found, entering strict repository configuration mode
2026-03-09T20:10:14.663-04:00  INFO 5680 --- [restartedMain] .s.d.r.c.RepositoryConfigurationDelegate : Bootstrapping Spring Data MongoDB repositories in DEFAULT mode.
2026-03-09T20:10:14.695-04:00  INFO 5680 --- [restartedMain] .RepositoryConfigurationExtensionSupport : Spring Data MongoDB - Could not safely identify store assignment for repository candidate interface com.truckoptimization.dto.database.sql.features.location.LocationEntityRepository; If you want this repository to be a MongoDB repository, consider annotating your entities with one of these annotations: org.springframework.data.mongodb.core.mapping.Document (preferred), or consider extending one of the following types with your repository: org.springframework.data.mongodb.repository.MongoRepository
2026-03-09T20:10:14.695-04:00  INFO 5680 --- [restartedMain] .RepositoryConfigurationExtensionSupport : Spring Data MongoDB - Could not safely identify store assignment for repository candidate interface com.truckoptimization.dto.location.LocationRepository; If you want this repository to be a MongoDB repository, consider annotating your entities with one of these annotations: org.springframework.data.mongodb.core.mapping.Document (preferred), or consider extending one of the following types with your repository: org.springframework.data.mongodb.repository.MongoRepository
2026-03-09T20:10:14.732-04:00  INFO 5680 --- [restartedMain] .s.d.r.c.RepositoryConfigurationDelegate : Finished Spring Data repository scanning in 68 ms. Found 2 MongoDB repository interfaces.
2026-03-09T20:10:14.864-04:00  INFO 5680 --- [restartedMain] o.s.b.w.embedded.tomcat.TomcatWebServer  : Tomcat initialized with port 80 (http)
2026-03-09T20:10:14.865-04:00  INFO 5680 --- [restartedMain] o.apache.catalina.core.StandardService   : Starting service [Tomcat]
2026-03-09T20:10:14.865-04:00  INFO 5680 --- [restartedMain] o.apache.catalina.core.StandardEngine    : Starting Servlet engine: [Apache Tomcat/10.1.34]
2026-03-09T20:10:14.936-04:00  INFO 5680 --- [restartedMain] o.a.c.c.C.[Tomcat-1].[localhost].[/]     : Initializing Spring embedded WebApplicationContext
2026-03-09T20:10:14.937-04:00  INFO 5680 --- [restartedMain] w.s.c.ServletWebServerApplicationContext : Root WebApplicationContext: initialization completed in 628 ms
2026-03-09T20:10:15.044-04:00  INFO 5680 --- [restartedMain] o.hibernate.jpa.internal.util.LogHelper  : HHH000204: Processing PersistenceUnitInfo [name: default]
2026-03-09T20:10:15.048-04:00  INFO 5680 --- [restartedMain] o.h.c.internal.RegionFactoryInitiator    : HHH000026: Second-level cache disabled
2026-03-09T20:10:15.054-04:00  INFO 5680 --- [restartedMain] o.s.o.j.p.SpringPersistenceUnitInfo      : No LoadTimeWeaver setup: ignoring JPA class transformer
2026-03-09T20:10:15.056-04:00  INFO 5680 --- [restartedMain] com.zaxxer.hikari.HikariDataSource       : HikariPool-13 - Starting...
2026-03-09T20:10:15.064-04:00  INFO 5680 --- [restartedMain] com.zaxxer.hikari.pool.HikariPool        : HikariPool-13 - Added connection com.mysql.cj.jdbc.ConnectionImpl@5e62436a
2026-03-09T20:10:15.065-04:00  INFO 5680 --- [restartedMain] com.zaxxer.hikari.HikariDataSource       : HikariPool-13 - Start completed.
2026-03-09T20:10:15.066-04:00  WARN 5680 --- [restartedMain] org.hibernate.orm.deprecation            : HHH90000025: MySQLDialect does not need to be specified explicitly using 'hibernate.dialect' (remove the property setting and it will be selected by default)
2026-03-09T20:10:15.066-04:00  INFO 5680 --- [restartedMain] org.hibernate.orm.connections.pooling    : HHH10001005: Database info:
	Database JDBC URL [Connecting through datasource 'HikariDataSource (HikariPool-13)']
	Database driver: undefined/unknown
	Database version: 8.0.40
	Autocommit mode: undefined/unknown
	Isolation level: undefined/unknown
	Minimum pool size: undefined/unknown
	Maximum pool size: undefined/unknown
2026-03-09T20:10:15.096-04:00  INFO 5680 --- [restartedMain] o.h.m.i.EntityInstantiatorPojoStandard   : HHH000182: No default (no-argument) constructor for class: com.truckoptimization.dto.results.RouteResult (class must be instantiated by Interceptor)
2026-03-09T20:10:15.109-04:00  INFO 5680 --- [restartedMain] o.h.e.t.j.p.i.JtaPlatformInitiator       : HHH000489: No JTA platform available (set 'hibernate.transaction.jta.platform' to enable JTA platform integration)
2026-03-09T20:10:15.116-04:00  INFO 5680 --- [restartedMain] j.LocalContainerEntityManagerFactoryBean : Initialized JPA EntityManagerFactory for persistence unit 'default'
2026-03-09T20:10:15.221-04:00  INFO 5680 --- [restartedMain] org.mongodb.driver.client                : MongoClient with metadata {"driver": {"name": "mongo-java-driver|sync|spring-boot", "version": "5.2.1"}, "os": {"type": "Windows", "name": "Windows 11", "architecture": "amd64", "version": "10.0"}, "platform": "Java/Oracle Corporation/17.0.12+8-LTS-286"} created with settings MongoClientSettings{readPreference=primary, writeConcern=WriteConcern{w=null, wTimeout=null ms, journal=null}, retryWrites=true, retryReads=true, readConcern=ReadConcern{level=null}, credential=null, transportSettings=null, commandListeners=[io.micrometer.core.instrument.binder.mongodb.MongoMetricsCommandListener@13eca0c], codecRegistry=ProvidersCodecRegistry{codecProviders=[ValueCodecProvider{}, BsonValueCodecProvider{}, DBRefCodecProvider{}, DBObjectCodecProvider{}, DocumentCodecProvider{}, CollectionCodecProvider{}, IterableCodecProvider{}, MapCodecProvider{}, GeoJsonCodecProvider{}, GridFSFileCodecProvider{}, Jsr310CodecProvider{}, JsonObjectCodecProvider{}, BsonCodecProvider{}, EnumCodecProvider{}, com.mongodb.client.model.mql.ExpressionCodecProvider@4339c17b, com.mongodb.Jep395RecordCodecProvider@9695a96, com.mongodb.KotlinCodecProvider@1b4456ad]}, loggerSettings=LoggerSettings{maxDocumentLength=1000}, clusterSettings={hosts=[localhost:27017], srvServiceName=mongodb, mode=SINGLE, requiredClusterType=UNKNOWN, requiredReplicaSetName='null', serverSelector='null', clusterListeners='[]', serverSelectionTimeout='30000 ms', localThreshold='15 ms'}, socketSettings=SocketSettings{connectTimeoutMS=10000, readTimeoutMS=0, receiveBufferSize=0, proxySettings=ProxySettings{host=null, port=null, username=null, password=null}}, heartbeatSocketSettings=SocketSettings{connectTimeoutMS=10000, readTimeoutMS=10000, receiveBufferSize=0, proxySettings=ProxySettings{host=null, port=null, username=null, password=null}}, connectionPoolSettings=ConnectionPoolSettings{maxSize=100, minSize=0, maxWaitTimeMS=120000, maxConnectionLifeTimeMS=0, maxConnectionIdleTimeMS=0, maintenanceInitialDelayMS=0, maintenanceFrequencyMS=60000, connectionPoolListeners=[io.micrometer.core.instrument.binder.mongodb.MongoMetricsConnectionPoolListener@2740f682], maxConnecting=2}, serverSettings=ServerSettings{heartbeatFrequencyMS=10000, minHeartbeatFrequencyMS=500, serverMonitoringMode=AUTO, serverListeners='[]', serverMonitorListeners='[]'}, sslSettings=SslSettings{enabled=false, invalidHostNameAllowed=false, context=null}, applicationName='null', compressorList=[], uuidRepresentation=JAVA_LEGACY, serverApi=null, autoEncryptionSettings=null, dnsClient=null, inetAddressResolver=null, contextProvider=null, timeoutMS=null}
2026-03-09T20:10:15.223-04:00  INFO 5680 --- [cluster-ClusterId{value='69af61678393f401d60d3190', description='null'}-localhost:27017] org.mongodb.driver.cluster               : Monitor thread successfully connected to server with description ServerDescription{address=localhost:27017, type=STANDALONE, cryptd=false, state=CONNECTED, ok=true, minWireVersion=0, maxWireVersion=27, maxDocumentSize=16777216, logicalSessionTimeoutMinutes=30, roundTripTimeNanos=913000, minRoundTripTimeNanos=0}
2026-03-09T20:10:15.257-04:00  INFO 5680 --- [restartedMain] o.s.b.d.a.OptionalLiveReloadServer       : LiveReload server is running on port 35729
2026-03-09T20:10:15.418-04:00  WARN 5680 --- [restartedMain] JpaBaseConfiguration$JpaWebConfiguration : spring.jpa.open-in-view is enabled by default. Therefore, database queries may be performed during view rendering. Explicitly configure spring.jpa.open-in-view to disable this warning
2026-03-09T20:10:15.685-04:00  INFO 5680 --- [restartedMain] o.s.b.a.e.web.EndpointLinksResolver      : Exposing 1 endpoint beneath base path '/actuator'
2026-03-09T20:10:15.699-04:00  INFO 5680 --- [restartedMain] o.s.b.w.embedded.tomcat.TomcatWebServer  : Tomcat started on port 80 (http) with context path '/'
2026-03-09T20:10:15.704-04:00  INFO 5680 --- [restartedMain] com.truckoptimization.Main               : Started Main in 1.43 seconds (process running for 762.429)
2026-03-09T20:10:15.705-04:00  INFO 5680 --- [restartedMain] .ConditionEvaluationDeltaLoggingListener : Condition evaluation unchanged
2026-03-09T20:10:29.189-04:00  INFO 5680 --- [File Watcher] rtingClassPathChangeChangedEventListener : Restarting due to 1 class path change (0 additions, 0 deletions, 1 modification)
2026-03-09T20:10:29.190-04:00  INFO 5680 --- [Thread-50] o.s.b.w.e.tomcat.GracefulShutdown        : Commencing graceful shutdown. Waiting for active requests to complete
2026-03-09T20:10:29.486-04:00  INFO 5680 --- [tomcat-shutdown] o.s.b.w.e.tomcat.GracefulShutdown        : Graceful shutdown complete
2026-03-09T20:10:29.489-04:00  INFO 5680 --- [Thread-50] j.LocalContainerEntityManagerFactoryBean : Closing JPA EntityManagerFactory for persistence unit 'default'
2026-03-09T20:10:29.489-04:00  INFO 5680 --- [Thread-50] com.zaxxer.hikari.HikariDataSource       : HikariPool-13 - Shutdown initiated...
2026-03-09T20:10:29.494-04:00  INFO 5680 --- [Thread-50] com.zaxxer.hikari.HikariDataSource       : HikariPool-13 - Shutdown completed.
2026-03-09T20:10:29.601-04:00  INFO 5680 --- [restartedMain] com.truckoptimization.Main               : Starting Main using Java 17.0.12 with PID 5680 (C:\Programming\Java\TuckOptimaization\truck-routing\target\classes started by lukem in c:\Programming\Java\TuckOptimaization)
2026-03-09T20:10:29.601-04:00  INFO 5680 --- [restartedMain] com.truckoptimization.Main               : No active profile set, falling back to 1 default profile: "default"
2026-03-09T20:10:29.857-04:00  INFO 5680 --- [restartedMain] .s.d.r.c.RepositoryConfigurationDelegate : Multiple Spring Data modules found, entering strict repository configuration mode
2026-03-09T20:10:29.857-04:00  INFO 5680 --- [restartedMain] .s.d.r.c.RepositoryConfigurationDelegate : Bootstrapping Spring Data JPA repositories in DEFAULT mode.
2026-03-09T20:10:29.875-04:00  INFO 5680 --- [restartedMain] .RepositoryConfigurationExtensionSupport : Spring Data JPA - Could not safely identify store assignment for repository candidate interface com.truckoptimization.dto.database.nosql.feature.compiledRouteResult.CompiledRouteResultRepository; If you want this repository to be a JPA repository, consider annotating your entities with one of these annotations: jakarta.persistence.Entity, jakarta.persistence.MappedSuperclass (preferred), or consider extending one of the following types with your repository: org.springframework.data.jpa.repository.JpaRepository
2026-03-09T20:10:29.878-04:00  INFO 5680 --- [restartedMain] .RepositoryConfigurationExtensionSupport : Spring Data JPA - Could not safely identify store assignment for repository candidate interface com.truckoptimization.dto.database.nosql.feature.matrixCache.MatrixRepository; If you want this repository to be a JPA repository, consider annotating your entities with one of these annotations: jakarta.persistence.Entity, jakarta.persistence.MappedSuperclass (preferred), or consider extending one of the following types with your repository: org.springframework.data.jpa.repository.JpaRepository
2026-03-09T20:10:29.900-04:00  INFO 5680 --- [restartedMain] .s.d.r.c.RepositoryConfigurationDelegate : Finished Spring Data repository scanning in 41 ms. Found 2 JPA repository interfaces.
2026-03-09T20:10:29.967-04:00  INFO 5680 --- [restartedMain] .s.d.r.c.RepositoryConfigurationDelegate : Multiple Spring Data modules found, entering strict repository configuration mode
2026-03-09T20:10:29.967-04:00  INFO 5680 --- [restartedMain] .s.d.r.c.RepositoryConfigurationDelegate : Bootstrapping Spring Data MongoDB repositories in DEFAULT mode.
2026-03-09T20:10:30.004-04:00  INFO 5680 --- [restartedMain] .RepositoryConfigurationExtensionSupport : Spring Data MongoDB - Could not safely identify store assignment for repository candidate interface com.truckoptimization.dto.database.sql.features.location.LocationEntityRepository; If you want this repository to be a MongoDB repository, consider annotating your entities with one of these annotations: org.springframework.data.mongodb.core.mapping.Document (preferred), or consider extending one of the following types with your repository: org.springframework.data.mongodb.repository.MongoRepository
2026-03-09T20:10:30.004-04:00  INFO 5680 --- [restartedMain] .RepositoryConfigurationExtensionSupport : Spring Data MongoDB - Could not safely identify store assignment for repository candidate interface com.truckoptimization.dto.location.LocationRepository; If you want this repository to be a MongoDB repository, consider annotating your entities with one of these annotations: org.springframework.data.mongodb.core.mapping.Document (preferred), or consider extending one of the following types with your repository: org.springframework.data.mongodb.repository.MongoRepository
2026-03-09T20:10:30.040-04:00  INFO 5680 --- [restartedMain] .s.d.r.c.RepositoryConfigurationDelegate : Finished Spring Data repository scanning in 72 ms. Found 2 MongoDB repository interfaces.
2026-03-09T20:10:30.164-04:00  INFO 5680 --- [restartedMain] o.s.b.w.embedded.tomcat.TomcatWebServer  : Tomcat initialized with port 80 (http)
2026-03-09T20:10:30.165-04:00  INFO 5680 --- [restartedMain] o.apache.catalina.core.StandardService   : Starting service [Tomcat]
2026-03-09T20:10:30.165-04:00  INFO 5680 --- [restartedMain] o.apache.catalina.core.StandardEngine    : Starting Servlet engine: [Apache Tomcat/10.1.34]
2026-03-09T20:10:30.246-04:00  INFO 5680 --- [restartedMain] o.a.c.c.C.[Tomcat-1].[localhost].[/]     : Initializing Spring embedded WebApplicationContext
2026-03-09T20:10:30.246-04:00  INFO 5680 --- [restartedMain] w.s.c.ServletWebServerApplicationContext : Root WebApplicationContext: initialization completed in 643 ms
2026-03-09T20:10:30.350-04:00  INFO 5680 --- [restartedMain] o.hibernate.jpa.internal.util.LogHelper  : HHH000204: Processing PersistenceUnitInfo [name: default]
2026-03-09T20:10:30.353-04:00  INFO 5680 --- [restartedMain] o.h.c.internal.RegionFactoryInitiator    : HHH000026: Second-level cache disabled
2026-03-09T20:10:30.362-04:00  INFO 5680 --- [restartedMain] o.s.o.j.p.SpringPersistenceUnitInfo      : No LoadTimeWeaver setup: ignoring JPA class transformer
2026-03-09T20:10:30.363-04:00  INFO 5680 --- [restartedMain] com.zaxxer.hikari.HikariDataSource       : HikariPool-14 - Starting...
2026-03-09T20:10:30.374-04:00  INFO 5680 --- [restartedMain] com.zaxxer.hikari.pool.HikariPool        : HikariPool-14 - Added connection com.mysql.cj.jdbc.ConnectionImpl@64cc6104
2026-03-09T20:10:30.374-04:00  INFO 5680 --- [restartedMain] com.zaxxer.hikari.HikariDataSource       : HikariPool-14 - Start completed.
2026-03-09T20:10:30.375-04:00  WARN 5680 --- [restartedMain] org.hibernate.orm.deprecation            : HHH90000025: MySQLDialect does not need to be specified explicitly using 'hibernate.dialect' (remove the property setting and it will be selected by default)
2026-03-09T20:10:30.375-04:00  INFO 5680 --- [restartedMain] org.hibernate.orm.connections.pooling    : HHH10001005: Database info:
	Database JDBC URL [Connecting through datasource 'HikariDataSource (HikariPool-14)']
	Database driver: undefined/unknown
	Database version: 8.0.40
	Autocommit mode: undefined/unknown
	Isolation level: undefined/unknown
	Minimum pool size: undefined/unknown
	Maximum pool size: undefined/unknown
2026-03-09T20:10:30.409-04:00  INFO 5680 --- [restartedMain] o.h.m.i.EntityInstantiatorPojoStandard   : HHH000182: No default (no-argument) constructor for class: com.truckoptimization.dto.results.RouteResult (class must be instantiated by Interceptor)
2026-03-09T20:10:30.426-04:00  INFO 5680 --- [restartedMain] o.h.e.t.j.p.i.JtaPlatformInitiator       : HHH000489: No JTA platform available (set 'hibernate.transaction.jta.platform' to enable JTA platform integration)
2026-03-09T20:10:30.442-04:00  INFO 5680 --- [restartedMain] j.LocalContainerEntityManagerFactoryBean : Initialized JPA EntityManagerFactory for persistence unit 'default'
2026-03-09T20:10:30.591-04:00  INFO 5680 --- [restartedMain] org.mongodb.driver.client                : MongoClient with metadata {"driver": {"name": "mongo-java-driver|sync|spring-boot", "version": "5.2.1"}, "os": {"type": "Windows", "name": "Windows 11", "architecture": "amd64", "version": "10.0"}, "platform": "Java/Oracle Corporation/17.0.12+8-LTS-286"} created with settings MongoClientSettings{readPreference=primary, writeConcern=WriteConcern{w=null, wTimeout=null ms, journal=null}, retryWrites=true, retryReads=true, readConcern=ReadConcern{level=null}, credential=null, transportSettings=null, commandListeners=[io.micrometer.core.instrument.binder.mongodb.MongoMetricsCommandListener@28f47ed5], codecRegistry=ProvidersCodecRegistry{codecProviders=[ValueCodecProvider{}, BsonValueCodecProvider{}, DBRefCodecProvider{}, DBObjectCodecProvider{}, DocumentCodecProvider{}, CollectionCodecProvider{}, IterableCodecProvider{}, MapCodecProvider{}, GeoJsonCodecProvider{}, GridFSFileCodecProvider{}, Jsr310CodecProvider{}, JsonObjectCodecProvider{}, BsonCodecProvider{}, EnumCodecProvider{}, com.mongodb.client.model.mql.ExpressionCodecProvider@4339c17b, com.mongodb.Jep395RecordCodecProvider@9695a96, com.mongodb.KotlinCodecProvider@1b4456ad]}, loggerSettings=LoggerSettings{maxDocumentLength=1000}, clusterSettings={hosts=[localhost:27017], srvServiceName=mongodb, mode=SINGLE, requiredClusterType=UNKNOWN, requiredReplicaSetName='null', serverSelector='null', clusterListeners='[]', serverSelectionTimeout='30000 ms', localThreshold='15 ms'}, socketSettings=SocketSettings{connectTimeoutMS=10000, readTimeoutMS=0, receiveBufferSize=0, proxySettings=ProxySettings{host=null, port=null, username=null, password=null}}, heartbeatSocketSettings=SocketSettings{connectTimeoutMS=10000, readTimeoutMS=10000, receiveBufferSize=0, proxySettings=ProxySettings{host=null, port=null, username=null, password=null}}, connectionPoolSettings=ConnectionPoolSettings{maxSize=100, minSize=0, maxWaitTimeMS=120000, maxConnectionLifeTimeMS=0, maxConnectionIdleTimeMS=0, maintenanceInitialDelayMS=0, maintenanceFrequencyMS=60000, connectionPoolListeners=[io.micrometer.core.instrument.binder.mongodb.MongoMetricsConnectionPoolListener@574a6c1], maxConnecting=2}, serverSettings=ServerSettings{heartbeatFrequencyMS=10000, minHeartbeatFrequencyMS=500, serverMonitoringMode=AUTO, serverListeners='[]', serverMonitorListeners='[]'}, sslSettings=SslSettings{enabled=false, invalidHostNameAllowed=false, context=null}, applicationName='null', compressorList=[], uuidRepresentation=JAVA_LEGACY, serverApi=null, autoEncryptionSettings=null, dnsClient=null, inetAddressResolver=null, contextProvider=null, timeoutMS=null}
2026-03-09T20:10:30.592-04:00  INFO 5680 --- [cluster-ClusterId{value='69af61768393f401d60d3191', description='null'}-localhost:27017] org.mongodb.driver.cluster               : Monitor thread successfully connected to server with description ServerDescription{address=localhost:27017, type=STANDALONE, cryptd=false, state=CONNECTED, ok=true, minWireVersion=0, maxWireVersion=27, maxDocumentSize=16777216, logicalSessionTimeoutMinutes=30, roundTripTimeNanos=1012100, minRoundTripTimeNanos=0}
2026-03-09T20:10:30.625-04:00  INFO 5680 --- [restartedMain] o.s.b.d.a.OptionalLiveReloadServer       : LiveReload server is running on port 35729
2026-03-09T20:10:30.815-04:00  WARN 5680 --- [restartedMain] JpaBaseConfiguration$JpaWebConfiguration : spring.jpa.open-in-view is enabled by default. Therefore, database queries may be performed during view rendering. Explicitly configure spring.jpa.open-in-view to disable this warning
2026-03-09T20:10:31.148-04:00  INFO 5680 --- [restartedMain] o.s.b.a.e.web.EndpointLinksResolver      : Exposing 1 endpoint beneath base path '/actuator'
2026-03-09T20:10:31.165-04:00  INFO 5680 --- [restartedMain] o.s.b.w.embedded.tomcat.TomcatWebServer  : Tomcat started on port 80 (http) with context path '/'
2026-03-09T20:10:31.170-04:00  INFO 5680 --- [restartedMain] com.truckoptimization.Main               : Started Main in 1.601 seconds (process running for 777.895)
2026-03-09T20:10:31.173-04:00  INFO 5680 --- [restartedMain] .ConditionEvaluationDeltaLoggingListener : Condition evaluation unchanged
2026-03-09T20:10:55.570-04:00  INFO 5680 --- [http-nio-0.0.0.0-80-exec-1] o.a.c.c.C.[Tomcat-1].[localhost].[/]     : Initializing Spring DispatcherServlet 'dispatcherServlet'
2026-03-09T20:10:55.571-04:00  INFO 5680 --- [http-nio-0.0.0.0-80-exec-1] o.s.web.servlet.DispatcherServlet        : Initializing Servlet 'dispatcherServlet'
2026-03-09T20:10:55.572-04:00  INFO 5680 --- [http-nio-0.0.0.0-80-exec-1] o.s.web.servlet.DispatcherServlet        : Completed initialization in 1 ms
2026-03-09T20:10:55.665-04:00  WARN 5680 --- [http-nio-0.0.0.0-80-exec-1] .m.m.a.ExceptionHandlerExceptionResolver : Resolved [com.truckoptimization.exception.CoordsApiException: Unable to resolve coordinates for address: 'South haven, MI'. The location may be misspelled or unsupported.]
2026-03-09T20:11:42.756-04:00  WARN 5680 --- [http-nio-0.0.0.0-80-exec-4] .m.m.a.ExceptionHandlerExceptionResolver : Resolved [com.truckoptimization.exception.CoordsApiException: Unable to resolve coordinates for address: 'allegan, MI'. The location may be misspelled or unsupported.]
2026-03-09T20:12:30.590-04:00  WARN 5680 --- [http-nio-0.0.0.0-80-exec-7] .m.m.a.ExceptionHandlerExceptionResolver : Resolved [com.truckoptimization.exception.CoordsApiException: Unable to resolve coordinates for address: 'Evansville, IN'. The location may be misspelled or unsupported.]
2026-03-09T20:13:38.100-04:00  INFO 5680 --- [File Watcher] rtingClassPathChangeChangedEventListener : Restarting due to 2 class path changes (0 additions, 0 deletions, 2 modifications)
2026-03-09T20:13:38.101-04:00  INFO 5680 --- [Thread-54] o.s.b.w.e.tomcat.GracefulShutdown        : Commencing graceful shutdown. Waiting for active requests to complete
2026-03-09T20:13:38.371-04:00  INFO 5680 --- [tomcat-shutdown] o.s.b.w.e.tomcat.GracefulShutdown        : Graceful shutdown complete
2026-03-09T20:13:38.374-04:00  INFO 5680 --- [Thread-54] j.LocalContainerEntityManagerFactoryBean : Closing JPA EntityManagerFactory for persistence unit 'default'
2026-03-09T20:13:38.375-04:00  INFO 5680 --- [Thread-54] com.zaxxer.hikari.HikariDataSource       : HikariPool-14 - Shutdown initiated...
2026-03-09T20:13:38.377-04:00  INFO 5680 --- [Thread-54] com.zaxxer.hikari.HikariDataSource       : HikariPool-14 - Shutdown completed.
2026-03-09T20:13:38.487-04:00  INFO 5680 --- [restartedMain] com.truckoptimization.Main               : Starting Main using Java 17.0.12 with PID 5680 (C:\Programming\Java\TuckOptimaization\truck-routing\target\classes started by lukem in c:\Programming\Java\TuckOptimaization)
2026-03-09T20:13:38.487-04:00  INFO 5680 --- [restartedMain] com.truckoptimization.Main               : No active profile set, falling back to 1 default profile: "default"
2026-03-09T20:13:38.736-04:00  INFO 5680 --- [restartedMain] .s.d.r.c.RepositoryConfigurationDelegate : Multiple Spring Data modules found, entering strict repository configuration mode
2026-03-09T20:13:38.736-04:00  INFO 5680 --- [restartedMain] .s.d.r.c.RepositoryConfigurationDelegate : Bootstrapping Spring Data JPA repositories in DEFAULT mode.
2026-03-09T20:13:38.754-04:00  INFO 5680 --- [restartedMain] .RepositoryConfigurationExtensionSupport : Spring Data JPA - Could not safely identify store assignment for repository candidate interface com.truckoptimization.dto.database.nosql.feature.compiledRouteResult.CompiledRouteResultRepository; If you want this repository to be a JPA repository, consider annotating your entities with one of these annotations: jakarta.persistence.Entity, jakarta.persistence.MappedSuperclass (preferred), or consider extending one of the following types with your repository: org.springframework.data.jpa.repository.JpaRepository
2026-03-09T20:13:38.757-04:00  INFO 5680 --- [restartedMain] .RepositoryConfigurationExtensionSupport : Spring Data JPA - Could not safely identify store assignment for repository candidate interface com.truckoptimization.dto.database.nosql.feature.matrixCache.MatrixRepository; If you want this repository to be a JPA repository, consider annotating your entities with one of these annotations: jakarta.persistence.Entity, jakarta.persistence.MappedSuperclass (preferred), or consider extending one of the following types with your repository: org.springframework.data.jpa.repository.JpaRepository
2026-03-09T20:13:38.776-04:00  INFO 5680 --- [restartedMain] .s.d.r.c.RepositoryConfigurationDelegate : Finished Spring Data repository scanning in 39 ms. Found 2 JPA repository interfaces.
2026-03-09T20:13:38.842-04:00  INFO 5680 --- [restartedMain] .s.d.r.c.RepositoryConfigurationDelegate : Multiple Spring Data modules found, entering strict repository configuration mode
2026-03-09T20:13:38.842-04:00  INFO 5680 --- [restartedMain] .s.d.r.c.RepositoryConfigurationDelegate : Bootstrapping Spring Data MongoDB repositories in DEFAULT mode.
2026-03-09T20:13:38.871-04:00  INFO 5680 --- [restartedMain] .RepositoryConfigurationExtensionSupport : Spring Data MongoDB - Could not safely identify store assignment for repository candidate interface com.truckoptimization.dto.database.sql.features.location.LocationEntityRepository; If you want this repository to be a MongoDB repository, consider annotating your entities with one of these annotations: org.springframework.data.mongodb.core.mapping.Document (preferred), or consider extending one of the following types with your repository: org.springframework.data.mongodb.repository.MongoRepository
2026-03-09T20:13:38.872-04:00  INFO 5680 --- [restartedMain] .RepositoryConfigurationExtensionSupport : Spring Data MongoDB - Could not safely identify store assignment for repository candidate interface com.truckoptimization.dto.location.LocationRepository; If you want this repository to be a MongoDB repository, consider annotating your entities with one of these annotations: org.springframework.data.mongodb.core.mapping.Document (preferred), or consider extending one of the following types with your repository: org.springframework.data.mongodb.repository.MongoRepository
2026-03-09T20:13:38.902-04:00  INFO 5680 --- [restartedMain] .s.d.r.c.RepositoryConfigurationDelegate : Finished Spring Data repository scanning in 58 ms. Found 2 MongoDB repository interfaces.
2026-03-09T20:13:39.018-04:00  INFO 5680 --- [restartedMain] o.s.b.w.embedded.tomcat.TomcatWebServer  : Tomcat initialized with port 80 (http)
2026-03-09T20:13:39.019-04:00  INFO 5680 --- [restartedMain] o.apache.catalina.core.StandardService   : Starting service [Tomcat]
2026-03-09T20:13:39.019-04:00  INFO 5680 --- [restartedMain] o.apache.catalina.core.StandardEngine    : Starting Servlet engine: [Apache Tomcat/10.1.34]
2026-03-09T20:13:39.094-04:00  INFO 5680 --- [restartedMain] o.a.c.c.C.[Tomcat-1].[localhost].[/]     : Initializing Spring embedded WebApplicationContext
2026-03-09T20:13:39.094-04:00  INFO 5680 --- [restartedMain] w.s.c.ServletWebServerApplicationContext : Root WebApplicationContext: initialization completed in 606 ms
2026-03-09T20:13:39.192-04:00  INFO 5680 --- [restartedMain] o.hibernate.jpa.internal.util.LogHelper  : HHH000204: Processing PersistenceUnitInfo [name: default]
2026-03-09T20:13:39.196-04:00  INFO 5680 --- [restartedMain] o.h.c.internal.RegionFactoryInitiator    : HHH000026: Second-level cache disabled
2026-03-09T20:13:39.203-04:00  INFO 5680 --- [restartedMain] o.s.o.j.p.SpringPersistenceUnitInfo      : No LoadTimeWeaver setup: ignoring JPA class transformer
2026-03-09T20:13:39.204-04:00  INFO 5680 --- [restartedMain] com.zaxxer.hikari.HikariDataSource       : HikariPool-15 - Starting...
2026-03-09T20:13:39.212-04:00  INFO 5680 --- [restartedMain] com.zaxxer.hikari.pool.HikariPool        : HikariPool-15 - Added connection com.mysql.cj.jdbc.ConnectionImpl@3a6f9ade
2026-03-09T20:13:39.213-04:00  INFO 5680 --- [restartedMain] com.zaxxer.hikari.HikariDataSource       : HikariPool-15 - Start completed.
2026-03-09T20:13:39.214-04:00  WARN 5680 --- [restartedMain] org.hibernate.orm.deprecation            : HHH90000025: MySQLDialect does not need to be specified explicitly using 'hibernate.dialect' (remove the property setting and it will be selected by default)
2026-03-09T20:13:39.214-04:00  INFO 5680 --- [restartedMain] org.hibernate.orm.connections.pooling    : HHH10001005: Database info:
	Database JDBC URL [Connecting through datasource 'HikariDataSource (HikariPool-15)']
	Database driver: undefined/unknown
	Database version: 8.0.40
	Autocommit mode: undefined/unknown
	Isolation level: undefined/unknown
	Minimum pool size: undefined/unknown
	Maximum pool size: undefined/unknown
2026-03-09T20:13:39.242-04:00  INFO 5680 --- [restartedMain] o.h.m.i.EntityInstantiatorPojoStandard   : HHH000182: No default (no-argument) constructor for class: com.truckoptimization.dto.results.RouteResult (class must be instantiated by Interceptor)
2026-03-09T20:13:39.258-04:00  INFO 5680 --- [restartedMain] o.h.e.t.j.p.i.JtaPlatformInitiator       : HHH000489: No JTA platform available (set 'hibernate.transaction.jta.platform' to enable JTA platform integration)
2026-03-09T20:13:39.264-04:00  INFO 5680 --- [restartedMain] j.LocalContainerEntityManagerFactoryBean : Initialized JPA EntityManagerFactory for persistence unit 'default'
2026-03-09T20:13:39.361-04:00  INFO 5680 --- [restartedMain] org.mongodb.driver.client                : MongoClient with metadata {"driver": {"name": "mongo-java-driver|sync|spring-boot", "version": "5.2.1"}, "os": {"type": "Windows", "name": "Windows 11", "architecture": "amd64", "version": "10.0"}, "platform": "Java/Oracle Corporation/17.0.12+8-LTS-286"} created with settings MongoClientSettings{readPreference=primary, writeConcern=WriteConcern{w=null, wTimeout=null ms, journal=null}, retryWrites=true, retryReads=true, readConcern=ReadConcern{level=null}, credential=null, transportSettings=null, commandListeners=[io.micrometer.core.instrument.binder.mongodb.MongoMetricsCommandListener@243c1bd2], codecRegistry=ProvidersCodecRegistry{codecProviders=[ValueCodecProvider{}, BsonValueCodecProvider{}, DBRefCodecProvider{}, DBObjectCodecProvider{}, DocumentCodecProvider{}, CollectionCodecProvider{}, IterableCodecProvider{}, MapCodecProvider{}, GeoJsonCodecProvider{}, GridFSFileCodecProvider{}, Jsr310CodecProvider{}, JsonObjectCodecProvider{}, BsonCodecProvider{}, EnumCodecProvider{}, com.mongodb.client.model.mql.ExpressionCodecProvider@4339c17b, com.mongodb.Jep395RecordCodecProvider@9695a96, com.mongodb.KotlinCodecProvider@1b4456ad]}, loggerSettings=LoggerSettings{maxDocumentLength=1000}, clusterSettings={hosts=[localhost:27017], srvServiceName=mongodb, mode=SINGLE, requiredClusterType=UNKNOWN, requiredReplicaSetName='null', serverSelector='null', clusterListeners='[]', serverSelectionTimeout='30000 ms', localThreshold='15 ms'}, socketSettings=SocketSettings{connectTimeoutMS=10000, readTimeoutMS=0, receiveBufferSize=0, proxySettings=ProxySettings{host=null, port=null, username=null, password=null}}, heartbeatSocketSettings=SocketSettings{connectTimeoutMS=10000, readTimeoutMS=10000, receiveBufferSize=0, proxySettings=ProxySettings{host=null, port=null, username=null, password=null}}, connectionPoolSettings=ConnectionPoolSettings{maxSize=100, minSize=0, maxWaitTimeMS=120000, maxConnectionLifeTimeMS=0, maxConnectionIdleTimeMS=0, maintenanceInitialDelayMS=0, maintenanceFrequencyMS=60000, connectionPoolListeners=[io.micrometer.core.instrument.binder.mongodb.MongoMetricsConnectionPoolListener@53fc3a5b], maxConnecting=2}, serverSettings=ServerSettings{heartbeatFrequencyMS=10000, minHeartbeatFrequencyMS=500, serverMonitoringMode=AUTO, serverListeners='[]', serverMonitorListeners='[]'}, sslSettings=SslSettings{enabled=false, invalidHostNameAllowed=false, context=null}, applicationName='null', compressorList=[], uuidRepresentation=JAVA_LEGACY, serverApi=null, autoEncryptionSettings=null, dnsClient=null, inetAddressResolver=null, contextProvider=null, timeoutMS=null}
2026-03-09T20:13:39.362-04:00  INFO 5680 --- [cluster-ClusterId{value='69af62338393f401d60d3192', description='null'}-localhost:27017] org.mongodb.driver.cluster               : Monitor thread successfully connected to server with description ServerDescription{address=localhost:27017, type=STANDALONE, cryptd=false, state=CONNECTED, ok=true, minWireVersion=0, maxWireVersion=27, maxDocumentSize=16777216, logicalSessionTimeoutMinutes=30, roundTripTimeNanos=989100, minRoundTripTimeNanos=0}
2026-03-09T20:13:39.392-04:00  INFO 5680 --- [restartedMain] o.s.b.d.a.OptionalLiveReloadServer       : LiveReload server is running on port 35729
2026-03-09T20:13:39.546-04:00  WARN 5680 --- [restartedMain] JpaBaseConfiguration$JpaWebConfiguration : spring.jpa.open-in-view is enabled by default. Therefore, database queries may be performed during view rendering. Explicitly configure spring.jpa.open-in-view to disable this warning
2026-03-09T20:13:39.782-04:00  INFO 5680 --- [restartedMain] o.s.b.a.e.web.EndpointLinksResolver      : Exposing 1 endpoint beneath base path '/actuator'
2026-03-09T20:13:39.797-04:00  INFO 5680 --- [restartedMain] o.s.b.w.embedded.tomcat.TomcatWebServer  : Tomcat started on port 80 (http) with context path '/'
2026-03-09T20:13:39.801-04:00  INFO 5680 --- [restartedMain] com.truckoptimization.Main               : Started Main in 1.346 seconds (process running for 966.526)
2026-03-09T20:13:39.802-04:00  INFO 5680 --- [restartedMain] .ConditionEvaluationDeltaLoggingListener : Condition evaluation unchanged
2026-03-09T20:13:50.004-04:00  INFO 5680 --- [File Watcher] rtingClassPathChangeChangedEventListener : Restarting due to 1 class path change (0 additions, 0 deletions, 1 modification)
2026-03-09T20:13:50.005-04:00  INFO 5680 --- [Thread-58] o.s.b.w.e.tomcat.GracefulShutdown        : Commencing graceful shutdown. Waiting for active requests to complete
2026-03-09T20:13:50.284-04:00  INFO 5680 --- [tomcat-shutdown] o.s.b.w.e.tomcat.GracefulShutdown        : Graceful shutdown complete
2026-03-09T20:13:50.287-04:00  INFO 5680 --- [Thread-58] j.LocalContainerEntityManagerFactoryBean : Closing JPA EntityManagerFactory for persistence unit 'default'
2026-03-09T20:13:50.287-04:00  INFO 5680 --- [Thread-58] com.zaxxer.hikari.HikariDataSource       : HikariPool-15 - Shutdown initiated...
2026-03-09T20:13:50.290-04:00  INFO 5680 --- [Thread-58] com.zaxxer.hikari.HikariDataSource       : HikariPool-15 - Shutdown completed.
2026-03-09T20:13:50.405-04:00  INFO 5680 --- [restartedMain] com.truckoptimization.Main               : Starting Main using Java 17.0.12 with PID 5680 (C:\Programming\Java\TuckOptimaization\truck-routing\target\classes started by lukem in c:\Programming\Java\TuckOptimaization)
2026-03-09T20:13:50.405-04:00  INFO 5680 --- [restartedMain] com.truckoptimization.Main               : No active profile set, falling back to 1 default profile: "default"
2026-03-09T20:13:50.727-04:00  INFO 5680 --- [restartedMain] .s.d.r.c.RepositoryConfigurationDelegate : Multiple Spring Data modules found, entering strict repository configuration mode
2026-03-09T20:13:50.727-04:00  INFO 5680 --- [restartedMain] .s.d.r.c.RepositoryConfigurationDelegate : Bootstrapping Spring Data JPA repositories in DEFAULT mode.
2026-03-09T20:13:50.745-04:00  INFO 5680 --- [restartedMain] .RepositoryConfigurationExtensionSupport : Spring Data JPA - Could not safely identify store assignment for repository candidate interface com.truckoptimization.dto.database.nosql.feature.compiledRouteResult.CompiledRouteResultRepository; If you want this repository to be a JPA repository, consider annotating your entities with one of these annotations: jakarta.persistence.Entity, jakarta.persistence.MappedSuperclass (preferred), or consider extending one of the following types with your repository: org.springframework.data.jpa.repository.JpaRepository
2026-03-09T20:13:50.749-04:00  INFO 5680 --- [restartedMain] .RepositoryConfigurationExtensionSupport : Spring Data JPA - Could not safely identify store assignment for repository candidate interface com.truckoptimization.dto.database.nosql.feature.matrixCache.MatrixRepository; If you want this repository to be a JPA repository, consider annotating your entities with one of these annotations: jakarta.persistence.Entity, jakarta.persistence.MappedSuperclass (preferred), or consider extending one of the following types with your repository: org.springframework.data.jpa.repository.JpaRepository
2026-03-09T20:13:50.772-04:00  INFO 5680 --- [restartedMain] .s.d.r.c.RepositoryConfigurationDelegate : Finished Spring Data repository scanning in 44 ms. Found 2 JPA repository interfaces.
2026-03-09T20:13:50.840-04:00  INFO 5680 --- [restartedMain] .s.d.r.c.RepositoryConfigurationDelegate : Multiple Spring Data modules found, entering strict repository configuration mode
2026-03-09T20:13:50.841-04:00  INFO 5680 --- [restartedMain] .s.d.r.c.RepositoryConfigurationDelegate : Bootstrapping Spring Data MongoDB repositories in DEFAULT mode.
2026-03-09T20:13:50.867-04:00  INFO 5680 --- [restartedMain] .RepositoryConfigurationExtensionSupport : Spring Data MongoDB - Could not safely identify store assignment for repository candidate interface com.truckoptimization.dto.database.sql.features.location.LocationEntityRepository; If you want this repository to be a MongoDB repository, consider annotating your entities with one of these annotations: org.springframework.data.mongodb.core.mapping.Document (preferred), or consider extending one of the following types with your repository: org.springframework.data.mongodb.repository.MongoRepository
2026-03-09T20:13:50.868-04:00  INFO 5680 --- [restartedMain] .RepositoryConfigurationExtensionSupport : Spring Data MongoDB - Could not safely identify store assignment for repository candidate interface com.truckoptimization.dto.location.LocationRepository; If you want this repository to be a MongoDB repository, consider annotating your entities with one of these annotations: org.springframework.data.mongodb.core.mapping.Document (preferred), or consider extending one of the following types with your repository: org.springframework.data.mongodb.repository.MongoRepository
2026-03-09T20:13:50.896-04:00  INFO 5680 --- [restartedMain] .s.d.r.c.RepositoryConfigurationDelegate : Finished Spring Data repository scanning in 55 ms. Found 2 MongoDB repository interfaces.
2026-03-09T20:13:51.033-04:00  INFO 5680 --- [restartedMain] o.s.b.w.embedded.tomcat.TomcatWebServer  : Tomcat initialized with port 80 (http)
2026-03-09T20:13:51.037-04:00  INFO 5680 --- [restartedMain] o.apache.catalina.core.StandardService   : Starting service [Tomcat]
2026-03-09T20:13:51.037-04:00  INFO 5680 --- [restartedMain] o.apache.catalina.core.StandardEngine    : Starting Servlet engine: [Apache Tomcat/10.1.34]
2026-03-09T20:13:51.132-04:00  INFO 5680 --- [restartedMain] o.a.c.c.C.[Tomcat-1].[localhost].[/]     : Initializing Spring embedded WebApplicationContext
2026-03-09T20:13:51.132-04:00  INFO 5680 --- [restartedMain] w.s.c.ServletWebServerApplicationContext : Root WebApplicationContext: initialization completed in 725 ms
2026-03-09T20:13:51.256-04:00  INFO 5680 --- [restartedMain] o.hibernate.jpa.internal.util.LogHelper  : HHH000204: Processing PersistenceUnitInfo [name: default]
2026-03-09T20:13:51.259-04:00  INFO 5680 --- [restartedMain] o.h.c.internal.RegionFactoryInitiator    : HHH000026: Second-level cache disabled
2026-03-09T20:13:51.268-04:00  INFO 5680 --- [restartedMain] o.s.o.j.p.SpringPersistenceUnitInfo      : No LoadTimeWeaver setup: ignoring JPA class transformer
2026-03-09T20:13:51.270-04:00  INFO 5680 --- [restartedMain] com.zaxxer.hikari.HikariDataSource       : HikariPool-16 - Starting...
2026-03-09T20:13:51.280-04:00  INFO 5680 --- [restartedMain] com.zaxxer.hikari.pool.HikariPool        : HikariPool-16 - Added connection com.mysql.cj.jdbc.ConnectionImpl@4b33e9f1
2026-03-09T20:13:51.280-04:00  INFO 5680 --- [restartedMain] com.zaxxer.hikari.HikariDataSource       : HikariPool-16 - Start completed.
2026-03-09T20:13:51.281-04:00  WARN 5680 --- [restartedMain] org.hibernate.orm.deprecation            : HHH90000025: MySQLDialect does not need to be specified explicitly using 'hibernate.dialect' (remove the property setting and it will be selected by default)
2026-03-09T20:13:51.281-04:00  INFO 5680 --- [restartedMain] org.hibernate.orm.connections.pooling    : HHH10001005: Database info:
	Database JDBC URL [Connecting through datasource 'HikariDataSource (HikariPool-16)']
	Database driver: undefined/unknown
	Database version: 8.0.40
	Autocommit mode: undefined/unknown
	Isolation level: undefined/unknown
	Minimum pool size: undefined/unknown
	Maximum pool size: undefined/unknown
2026-03-09T20:13:51.309-04:00  INFO 5680 --- [restartedMain] o.h.m.i.EntityInstantiatorPojoStandard   : HHH000182: No default (no-argument) constructor for class: com.truckoptimization.dto.results.RouteResult (class must be instantiated by Interceptor)
2026-03-09T20:13:51.323-04:00  INFO 5680 --- [restartedMain] o.h.e.t.j.p.i.JtaPlatformInitiator       : HHH000489: No JTA platform available (set 'hibernate.transaction.jta.platform' to enable JTA platform integration)
2026-03-09T20:13:51.330-04:00  INFO 5680 --- [restartedMain] j.LocalContainerEntityManagerFactoryBean : Initialized JPA EntityManagerFactory for persistence unit 'default'
2026-03-09T20:13:51.441-04:00  INFO 5680 --- [restartedMain] org.mongodb.driver.client                : MongoClient with metadata {"driver": {"name": "mongo-java-driver|sync|spring-boot", "version": "5.2.1"}, "os": {"type": "Windows", "name": "Windows 11", "architecture": "amd64", "version": "10.0"}, "platform": "Java/Oracle Corporation/17.0.12+8-LTS-286"} created with settings MongoClientSettings{readPreference=primary, writeConcern=WriteConcern{w=null, wTimeout=null ms, journal=null}, retryWrites=true, retryReads=true, readConcern=ReadConcern{level=null}, credential=null, transportSettings=null, commandListeners=[io.micrometer.core.instrument.binder.mongodb.MongoMetricsCommandListener@4ac937e9], codecRegistry=ProvidersCodecRegistry{codecProviders=[ValueCodecProvider{}, BsonValueCodecProvider{}, DBRefCodecProvider{}, DBObjectCodecProvider{}, DocumentCodecProvider{}, CollectionCodecProvider{}, IterableCodecProvider{}, MapCodecProvider{}, GeoJsonCodecProvider{}, GridFSFileCodecProvider{}, Jsr310CodecProvider{}, JsonObjectCodecProvider{}, BsonCodecProvider{}, EnumCodecProvider{}, com.mongodb.client.model.mql.ExpressionCodecProvider@4339c17b, com.mongodb.Jep395RecordCodecProvider@9695a96, com.mongodb.KotlinCodecProvider@1b4456ad]}, loggerSettings=LoggerSettings{maxDocumentLength=1000}, clusterSettings={hosts=[localhost:27017], srvServiceName=mongodb, mode=SINGLE, requiredClusterType=UNKNOWN, requiredReplicaSetName='null', serverSelector='null', clusterListeners='[]', serverSelectionTimeout='30000 ms', localThreshold='15 ms'}, socketSettings=SocketSettings{connectTimeoutMS=10000, readTimeoutMS=0, receiveBufferSize=0, proxySettings=ProxySettings{host=null, port=null, username=null, password=null}}, heartbeatSocketSettings=SocketSettings{connectTimeoutMS=10000, readTimeoutMS=10000, receiveBufferSize=0, proxySettings=ProxySettings{host=null, port=null, username=null, password=null}}, connectionPoolSettings=ConnectionPoolSettings{maxSize=100, minSize=0, maxWaitTimeMS=120000, maxConnectionLifeTimeMS=0, maxConnectionIdleTimeMS=0, maintenanceInitialDelayMS=0, maintenanceFrequencyMS=60000, connectionPoolListeners=[io.micrometer.core.instrument.binder.mongodb.MongoMetricsConnectionPoolListener@564b8562], maxConnecting=2}, serverSettings=ServerSettings{heartbeatFrequencyMS=10000, minHeartbeatFrequencyMS=500, serverMonitoringMode=AUTO, serverListeners='[]', serverMonitorListeners='[]'}, sslSettings=SslSettings{enabled=false, invalidHostNameAllowed=false, context=null}, applicationName='null', compressorList=[], uuidRepresentation=JAVA_LEGACY, serverApi=null, autoEncryptionSettings=null, dnsClient=null, inetAddressResolver=null, contextProvider=null, timeoutMS=null}
2026-03-09T20:13:51.443-04:00  INFO 5680 --- [cluster-ClusterId{value='69af623f8393f401d60d3193', description='null'}-localhost:27017] org.mongodb.driver.cluster               : Monitor thread successfully connected to server with description ServerDescription{address=localhost:27017, type=STANDALONE, cryptd=false, state=CONNECTED, ok=true, minWireVersion=0, maxWireVersion=27, maxDocumentSize=16777216, logicalSessionTimeoutMinutes=30, roundTripTimeNanos=1435100, minRoundTripTimeNanos=0}
2026-03-09T20:13:51.482-04:00  INFO 5680 --- [restartedMain] o.s.b.d.a.OptionalLiveReloadServer       : LiveReload server is running on port 35729
2026-03-09T20:13:51.653-04:00  WARN 5680 --- [restartedMain] JpaBaseConfiguration$JpaWebConfiguration : spring.jpa.open-in-view is enabled by default. Therefore, database queries may be performed during view rendering. Explicitly configure spring.jpa.open-in-view to disable this warning
2026-03-09T20:13:51.981-04:00  INFO 5680 --- [restartedMain] o.s.b.a.e.web.EndpointLinksResolver      : Exposing 1 endpoint beneath base path '/actuator'
2026-03-09T20:13:52.003-04:00  INFO 5680 --- [restartedMain] o.s.b.w.embedded.tomcat.TomcatWebServer  : Tomcat started on port 80 (http) with context path '/'
2026-03-09T20:13:52.008-04:00  INFO 5680 --- [restartedMain] com.truckoptimization.Main               : Started Main in 1.644 seconds (process running for 978.732)
2026-03-09T20:13:52.010-04:00  INFO 5680 --- [restartedMain] .ConditionEvaluationDeltaLoggingListener : Condition evaluation unchanged
2026-03-09T20:14:01.112-04:00  INFO 5680 --- [File Watcher] rtingClassPathChangeChangedEventListener : Restarting due to 1 class path change (0 additions, 0 deletions, 1 modification)
2026-03-09T20:14:01.113-04:00  INFO 5680 --- [Thread-62] o.s.b.w.e.tomcat.GracefulShutdown        : Commencing graceful shutdown. Waiting for active requests to complete
2026-03-09T20:14:01.400-04:00  INFO 5680 --- [tomcat-shutdown] o.s.b.w.e.tomcat.GracefulShutdown        : Graceful shutdown complete
2026-03-09T20:14:01.403-04:00  INFO 5680 --- [Thread-62] j.LocalContainerEntityManagerFactoryBean : Closing JPA EntityManagerFactory for persistence unit 'default'
2026-03-09T20:14:01.404-04:00  INFO 5680 --- [Thread-62] com.zaxxer.hikari.HikariDataSource       : HikariPool-16 - Shutdown initiated...
2026-03-09T20:14:01.407-04:00  INFO 5680 --- [Thread-62] com.zaxxer.hikari.HikariDataSource       : HikariPool-16 - Shutdown completed.
2026-03-09T20:14:01.517-04:00  INFO 5680 --- [restartedMain] com.truckoptimization.Main               : Starting Main using Java 17.0.12 with PID 5680 (C:\Programming\Java\TuckOptimaization\truck-routing\target\classes started by lukem in c:\Programming\Java\TuckOptimaization)
2026-03-09T20:14:01.517-04:00  INFO 5680 --- [restartedMain] com.truckoptimization.Main               : No active profile set, falling back to 1 default profile: "default"
2026-03-09T20:14:01.758-04:00  INFO 5680 --- [restartedMain] .s.d.r.c.RepositoryConfigurationDelegate : Multiple Spring Data modules found, entering strict repository configuration mode
2026-03-09T20:14:01.759-04:00  INFO 5680 --- [restartedMain] .s.d.r.c.RepositoryConfigurationDelegate : Bootstrapping Spring Data JPA repositories in DEFAULT mode.
2026-03-09T20:14:01.775-04:00  INFO 5680 --- [restartedMain] .RepositoryConfigurationExtensionSupport : Spring Data JPA - Could not safely identify store assignment for repository candidate interface com.truckoptimization.dto.database.nosql.feature.compiledRouteResult.CompiledRouteResultRepository; If you want this repository to be a JPA repository, consider annotating your entities with one of these annotations: jakarta.persistence.Entity, jakarta.persistence.MappedSuperclass (preferred), or consider extending one of the following types with your repository: org.springframework.data.jpa.repository.JpaRepository
2026-03-09T20:14:01.778-04:00  INFO 5680 --- [restartedMain] .RepositoryConfigurationExtensionSupport : Spring Data JPA - Could not safely identify store assignment for repository candidate interface com.truckoptimization.dto.database.nosql.feature.matrixCache.MatrixRepository; If you want this repository to be a JPA repository, consider annotating your entities with one of these annotations: jakarta.persistence.Entity, jakarta.persistence.MappedSuperclass (preferred), or consider extending one of the following types with your repository: org.springframework.data.jpa.repository.JpaRepository
2026-03-09T20:14:01.800-04:00  INFO 5680 --- [restartedMain] .s.d.r.c.RepositoryConfigurationDelegate : Finished Spring Data repository scanning in 40 ms. Found 2 JPA repository interfaces.
2026-03-09T20:14:01.875-04:00  INFO 5680 --- [restartedMain] .s.d.r.c.RepositoryConfigurationDelegate : Multiple Spring Data modules found, entering strict repository configuration mode
2026-03-09T20:14:01.875-04:00  INFO 5680 --- [restartedMain] .s.d.r.c.RepositoryConfigurationDelegate : Bootstrapping Spring Data MongoDB repositories in DEFAULT mode.
2026-03-09T20:14:01.907-04:00  INFO 5680 --- [restartedMain] .RepositoryConfigurationExtensionSupport : Spring Data MongoDB - Could not safely identify store assignment for repository candidate interface com.truckoptimization.dto.database.sql.features.location.LocationEntityRepository; If you want this repository to be a MongoDB repository, consider annotating your entities with one of these annotations: org.springframework.data.mongodb.core.mapping.Document (preferred), or consider extending one of the following types with your repository: org.springframework.data.mongodb.repository.MongoRepository
2026-03-09T20:14:01.907-04:00  INFO 5680 --- [restartedMain] .RepositoryConfigurationExtensionSupport : Spring Data MongoDB - Could not safely identify store assignment for repository candidate interface com.truckoptimization.dto.location.LocationRepository; If you want this repository to be a MongoDB repository, consider annotating your entities with one of these annotations: org.springframework.data.mongodb.core.mapping.Document (preferred), or consider extending one of the following types with your repository: org.springframework.data.mongodb.repository.MongoRepository
2026-03-09T20:14:01.935-04:00  INFO 5680 --- [restartedMain] .s.d.r.c.RepositoryConfigurationDelegate : Finished Spring Data repository scanning in 58 ms. Found 2 MongoDB repository interfaces.
2026-03-09T20:14:02.065-04:00  INFO 5680 --- [restartedMain] o.s.b.w.embedded.tomcat.TomcatWebServer  : Tomcat initialized with port 80 (http)
2026-03-09T20:14:02.066-04:00  INFO 5680 --- [restartedMain] o.apache.catalina.core.StandardService   : Starting service [Tomcat]
2026-03-09T20:14:02.066-04:00  INFO 5680 --- [restartedMain] o.apache.catalina.core.StandardEngine    : Starting Servlet engine: [Apache Tomcat/10.1.34]
2026-03-09T20:14:02.136-04:00  INFO 5680 --- [restartedMain] o.a.c.c.C.[Tomcat-1].[localhost].[/]     : Initializing Spring embedded WebApplicationContext
2026-03-09T20:14:02.136-04:00  INFO 5680 --- [restartedMain] w.s.c.ServletWebServerApplicationContext : Root WebApplicationContext: initialization completed in 617 ms
2026-03-09T20:14:02.265-04:00  INFO 5680 --- [restartedMain] o.hibernate.jpa.internal.util.LogHelper  : HHH000204: Processing PersistenceUnitInfo [name: default]
2026-03-09T20:14:02.270-04:00  INFO 5680 --- [restartedMain] o.h.c.internal.RegionFactoryInitiator    : HHH000026: Second-level cache disabled
2026-03-09T20:14:02.282-04:00  INFO 5680 --- [restartedMain] o.s.o.j.p.SpringPersistenceUnitInfo      : No LoadTimeWeaver setup: ignoring JPA class transformer
2026-03-09T20:14:02.283-04:00  INFO 5680 --- [restartedMain] com.zaxxer.hikari.HikariDataSource       : HikariPool-17 - Starting...
2026-03-09T20:14:02.292-04:00  INFO 5680 --- [restartedMain] com.zaxxer.hikari.pool.HikariPool        : HikariPool-17 - Added connection com.mysql.cj.jdbc.ConnectionImpl@c750acc
2026-03-09T20:14:02.292-04:00  INFO 5680 --- [restartedMain] com.zaxxer.hikari.HikariDataSource       : HikariPool-17 - Start completed.
2026-03-09T20:14:02.293-04:00  WARN 5680 --- [restartedMain] org.hibernate.orm.deprecation            : HHH90000025: MySQLDialect does not need to be specified explicitly using 'hibernate.dialect' (remove the property setting and it will be selected by default)
2026-03-09T20:14:02.294-04:00  INFO 5680 --- [restartedMain] org.hibernate.orm.connections.pooling    : HHH10001005: Database info:
	Database JDBC URL [Connecting through datasource 'HikariDataSource (HikariPool-17)']
	Database driver: undefined/unknown
	Database version: 8.0.40
	Autocommit mode: undefined/unknown
	Isolation level: undefined/unknown
	Minimum pool size: undefined/unknown
	Maximum pool size: undefined/unknown
2026-03-09T20:14:02.329-04:00  INFO 5680 --- [restartedMain] o.h.m.i.EntityInstantiatorPojoStandard   : HHH000182: No default (no-argument) constructor for class: com.truckoptimization.dto.results.RouteResult (class must be instantiated by Interceptor)
2026-03-09T20:14:02.348-04:00  INFO 5680 --- [restartedMain] o.h.e.t.j.p.i.JtaPlatformInitiator       : HHH000489: No JTA platform available (set 'hibernate.transaction.jta.platform' to enable JTA platform integration)
2026-03-09T20:14:02.355-04:00  INFO 5680 --- [restartedMain] j.LocalContainerEntityManagerFactoryBean : Initialized JPA EntityManagerFactory for persistence unit 'default'
2026-03-09T20:14:02.457-04:00  INFO 5680 --- [restartedMain] org.mongodb.driver.client                : MongoClient with metadata {"driver": {"name": "mongo-java-driver|sync|spring-boot", "version": "5.2.1"}, "os": {"type": "Windows", "name": "Windows 11", "architecture": "amd64", "version": "10.0"}, "platform": "Java/Oracle Corporation/17.0.12+8-LTS-286"} created with settings MongoClientSettings{readPreference=primary, writeConcern=WriteConcern{w=null, wTimeout=null ms, journal=null}, retryWrites=true, retryReads=true, readConcern=ReadConcern{level=null}, credential=null, transportSettings=null, commandListeners=[io.micrometer.core.instrument.binder.mongodb.MongoMetricsCommandListener@2ee3f221], codecRegistry=ProvidersCodecRegistry{codecProviders=[ValueCodecProvider{}, BsonValueCodecProvider{}, DBRefCodecProvider{}, DBObjectCodecProvider{}, DocumentCodecProvider{}, CollectionCodecProvider{}, IterableCodecProvider{}, MapCodecProvider{}, GeoJsonCodecProvider{}, GridFSFileCodecProvider{}, Jsr310CodecProvider{}, JsonObjectCodecProvider{}, BsonCodecProvider{}, EnumCodecProvider{}, com.mongodb.client.model.mql.ExpressionCodecProvider@4339c17b, com.mongodb.Jep395RecordCodecProvider@9695a96, com.mongodb.KotlinCodecProvider@1b4456ad]}, loggerSettings=LoggerSettings{maxDocumentLength=1000}, clusterSettings={hosts=[localhost:27017], srvServiceName=mongodb, mode=SINGLE, requiredClusterType=UNKNOWN, requiredReplicaSetName='null', serverSelector='null', clusterListeners='[]', serverSelectionTimeout='30000 ms', localThreshold='15 ms'}, socketSettings=SocketSettings{connectTimeoutMS=10000, readTimeoutMS=0, receiveBufferSize=0, proxySettings=ProxySettings{host=null, port=null, username=null, password=null}}, heartbeatSocketSettings=SocketSettings{connectTimeoutMS=10000, readTimeoutMS=10000, receiveBufferSize=0, proxySettings=ProxySettings{host=null, port=null, username=null, password=null}}, connectionPoolSettings=ConnectionPoolSettings{maxSize=100, minSize=0, maxWaitTimeMS=120000, maxConnectionLifeTimeMS=0, maxConnectionIdleTimeMS=0, maintenanceInitialDelayMS=0, maintenanceFrequencyMS=60000, connectionPoolListeners=[io.micrometer.core.instrument.binder.mongodb.MongoMetricsConnectionPoolListener@161a2a61], maxConnecting=2}, serverSettings=ServerSettings{heartbeatFrequencyMS=10000, minHeartbeatFrequencyMS=500, serverMonitoringMode=AUTO, serverListeners='[]', serverMonitorListeners='[]'}, sslSettings=SslSettings{enabled=false, invalidHostNameAllowed=false, context=null}, applicationName='null', compressorList=[], uuidRepresentation=JAVA_LEGACY, serverApi=null, autoEncryptionSettings=null, dnsClient=null, inetAddressResolver=null, contextProvider=null, timeoutMS=null}
2026-03-09T20:14:02.458-04:00  INFO 5680 --- [cluster-ClusterId{value='69af624a8393f401d60d3194', description='null'}-localhost:27017] org.mongodb.driver.cluster               : Monitor thread successfully connected to server with description ServerDescription{address=localhost:27017, type=STANDALONE, cryptd=false, state=CONNECTED, ok=true, minWireVersion=0, maxWireVersion=27, maxDocumentSize=16777216, logicalSessionTimeoutMinutes=30, roundTripTimeNanos=782100, minRoundTripTimeNanos=0}
2026-03-09T20:14:02.488-04:00  INFO 5680 --- [restartedMain] o.s.b.d.a.OptionalLiveReloadServer       : LiveReload server is running on port 35729
2026-03-09T20:14:02.666-04:00  WARN 5680 --- [restartedMain] JpaBaseConfiguration$JpaWebConfiguration : spring.jpa.open-in-view is enabled by default. Therefore, database queries may be performed during view rendering. Explicitly configure spring.jpa.open-in-view to disable this warning
2026-03-09T20:14:02.954-04:00  INFO 5680 --- [restartedMain] o.s.b.a.e.web.EndpointLinksResolver      : Exposing 1 endpoint beneath base path '/actuator'
2026-03-09T20:14:02.974-04:00  INFO 5680 --- [restartedMain] o.s.b.w.embedded.tomcat.TomcatWebServer  : Tomcat started on port 80 (http) with context path '/'
2026-03-09T20:14:02.978-04:00  INFO 5680 --- [restartedMain] com.truckoptimization.Main               : Started Main in 1.494 seconds (process running for 989.703)
2026-03-09T20:14:02.980-04:00  INFO 5680 --- [restartedMain] .ConditionEvaluationDeltaLoggingListener : Condition evaluation unchanged
2026-03-09T20:14:04.772-04:00  INFO 5680 --- [http-nio-0.0.0.0-80-exec-1] o.a.c.c.C.[Tomcat-1].[localhost].[/]     : Initializing Spring DispatcherServlet 'dispatcherServlet'
2026-03-09T20:14:04.772-04:00  INFO 5680 --- [http-nio-0.0.0.0-80-exec-1] o.s.web.servlet.DispatcherServlet        : Initializing Servlet 'dispatcherServlet'
2026-03-09T20:14:04.773-04:00  INFO 5680 --- [http-nio-0.0.0.0-80-exec-1] o.s.web.servlet.DispatcherServlet        : Completed initialization in 1 ms
2026-03-09T20:14:06.310-04:00  WARN 5680 --- [http-nio-0.0.0.0-80-exec-1] .m.m.a.ExceptionHandlerExceptionResolver : Resolved [com.truckoptimization.exception.ApiNotConnectedException: Failed to contact ORS API. Check that docker container is running and able to be reached.]
2026-03-09T20:15:44.821-04:00  INFO 5680 --- [File Watcher] rtingClassPathChangeChangedEventListener : Restarting due to 3 class path changes (0 additions, 0 deletions, 3 modifications)
2026-03-09T20:15:44.822-04:00  INFO 5680 --- [Thread-66] o.s.b.w.e.tomcat.GracefulShutdown        : Commencing graceful shutdown. Waiting for active requests to complete
2026-03-09T20:15:45.542-04:00  INFO 5680 --- [tomcat-shutdown] o.s.b.w.e.tomcat.GracefulShutdown        : Graceful shutdown complete
2026-03-09T20:15:45.565-04:00  INFO 5680 --- [Thread-66] j.LocalContainerEntityManagerFactoryBean : Closing JPA EntityManagerFactory for persistence unit 'default'
2026-03-09T20:15:45.566-04:00  INFO 5680 --- [Thread-66] com.zaxxer.hikari.HikariDataSource       : HikariPool-17 - Shutdown initiated...
2026-03-09T20:15:45.583-04:00  INFO 5680 --- [Thread-66] com.zaxxer.hikari.HikariDataSource       : HikariPool-17 - Shutdown completed.
2026-03-09T20:15:45.725-04:00  INFO 5680 --- [restartedMain] com.truckoptimization.Main               : Starting Main using Java 17.0.12 with PID 5680 (C:\Programming\Java\TuckOptimaization\truck-routing\target\classes started by lukem in c:\Programming\Java\TuckOptimaization)
2026-03-09T20:15:45.726-04:00  INFO 5680 --- [restartedMain] com.truckoptimization.Main               : No active profile set, falling back to 1 default profile: "default"
2026-03-09T20:15:46.128-04:00  INFO 5680 --- [restartedMain] .s.d.r.c.RepositoryConfigurationDelegate : Multiple Spring Data modules found, entering strict repository configuration mode
2026-03-09T20:15:46.128-04:00  INFO 5680 --- [restartedMain] .s.d.r.c.RepositoryConfigurationDelegate : Bootstrapping Spring Data JPA repositories in DEFAULT mode.
2026-03-09T20:15:46.159-04:00  INFO 5680 --- [restartedMain] .RepositoryConfigurationExtensionSupport : Spring Data JPA - Could not safely identify store assignment for repository candidate interface com.truckoptimization.dto.database.nosql.feature.compiledRouteResult.CompiledRouteResultRepository; If you want this repository to be a JPA repository, consider annotating your entities with one of these annotations: jakarta.persistence.Entity, jakarta.persistence.MappedSuperclass (preferred), or consider extending one of the following types with your repository: org.springframework.data.jpa.repository.JpaRepository
2026-03-09T20:15:46.162-04:00  INFO 5680 --- [restartedMain] .RepositoryConfigurationExtensionSupport : Spring Data JPA - Could not safely identify store assignment for repository candidate interface com.truckoptimization.dto.database.nosql.feature.matrixCache.MatrixRepository; If you want this repository to be a JPA repository, consider annotating your entities with one of these annotations: jakarta.persistence.Entity, jakarta.persistence.MappedSuperclass (preferred), or consider extending one of the following types with your repository: org.springframework.data.jpa.repository.JpaRepository
2026-03-09T20:15:46.196-04:00  INFO 5680 --- [restartedMain] .s.d.r.c.RepositoryConfigurationDelegate : Finished Spring Data repository scanning in 65 ms. Found 2 JPA repository interfaces.
2026-03-09T20:15:46.349-04:00  INFO 5680 --- [restartedMain] .s.d.r.c.RepositoryConfigurationDelegate : Multiple Spring Data modules found, entering strict repository configuration mode
2026-03-09T20:15:46.349-04:00  INFO 5680 --- [restartedMain] .s.d.r.c.RepositoryConfigurationDelegate : Bootstrapping Spring Data MongoDB repositories in DEFAULT mode.
2026-03-09T20:15:46.405-04:00  INFO 5680 --- [restartedMain] .RepositoryConfigurationExtensionSupport : Spring Data MongoDB - Could not safely identify store assignment for repository candidate interface com.truckoptimization.dto.database.sql.features.location.LocationEntityRepository; If you want this repository to be a MongoDB repository, consider annotating your entities with one of these annotations: org.springframework.data.mongodb.core.mapping.Document (preferred), or consider extending one of the following types with your repository: org.springframework.data.mongodb.repository.MongoRepository
2026-03-09T20:15:46.405-04:00  INFO 5680 --- [restartedMain] .RepositoryConfigurationExtensionSupport : Spring Data MongoDB - Could not safely identify store assignment for repository candidate interface com.truckoptimization.dto.location.LocationRepository; If you want this repository to be a MongoDB repository, consider annotating your entities with one of these annotations: org.springframework.data.mongodb.core.mapping.Document (preferred), or consider extending one of the following types with your repository: org.springframework.data.mongodb.repository.MongoRepository
2026-03-09T20:15:46.477-04:00  INFO 5680 --- [restartedMain] .s.d.r.c.RepositoryConfigurationDelegate : Finished Spring Data repository scanning in 125 ms. Found 2 MongoDB repository interfaces.
2026-03-09T20:15:46.749-04:00  INFO 5680 --- [restartedMain] o.s.b.w.embedded.tomcat.TomcatWebServer  : Tomcat initialized with port 80 (http)
2026-03-09T20:15:46.750-04:00  INFO 5680 --- [restartedMain] o.apache.catalina.core.StandardService   : Starting service [Tomcat]
2026-03-09T20:15:46.750-04:00  INFO 5680 --- [restartedMain] o.apache.catalina.core.StandardEngine    : Starting Servlet engine: [Apache Tomcat/10.1.34]
2026-03-09T20:15:46.890-04:00  INFO 5680 --- [restartedMain] o.a.c.c.C.[Tomcat-1].[localhost].[/]     : Initializing Spring embedded WebApplicationContext
2026-03-09T20:15:46.891-04:00  INFO 5680 --- [restartedMain] w.s.c.ServletWebServerApplicationContext : Root WebApplicationContext: initialization completed in 1163 ms
2026-03-09T20:15:47.097-04:00  INFO 5680 --- [restartedMain] o.hibernate.jpa.internal.util.LogHelper  : HHH000204: Processing PersistenceUnitInfo [name: default]
2026-03-09T20:15:47.102-04:00  INFO 5680 --- [restartedMain] o.h.c.internal.RegionFactoryInitiator    : HHH000026: Second-level cache disabled
2026-03-09T20:15:47.113-04:00  INFO 5680 --- [restartedMain] o.s.o.j.p.SpringPersistenceUnitInfo      : No LoadTimeWeaver setup: ignoring JPA class transformer
2026-03-09T20:15:47.115-04:00  INFO 5680 --- [restartedMain] com.zaxxer.hikari.HikariDataSource       : HikariPool-18 - Starting...
2026-03-09T20:15:47.127-04:00  INFO 5680 --- [restartedMain] com.zaxxer.hikari.pool.HikariPool        : HikariPool-18 - Added connection com.mysql.cj.jdbc.ConnectionImpl@bfb785d
2026-03-09T20:15:47.127-04:00  INFO 5680 --- [restartedMain] com.zaxxer.hikari.HikariDataSource       : HikariPool-18 - Start completed.
2026-03-09T20:15:47.128-04:00  WARN 5680 --- [restartedMain] org.hibernate.orm.deprecation            : HHH90000025: MySQLDialect does not need to be specified explicitly using 'hibernate.dialect' (remove the property setting and it will be selected by default)
2026-03-09T20:15:47.129-04:00  INFO 5680 --- [restartedMain] org.hibernate.orm.connections.pooling    : HHH10001005: Database info:
	Database JDBC URL [Connecting through datasource 'HikariDataSource (HikariPool-18)']
	Database driver: undefined/unknown
	Database version: 8.0.40
	Autocommit mode: undefined/unknown
	Isolation level: undefined/unknown
	Minimum pool size: undefined/unknown
	Maximum pool size: undefined/unknown
2026-03-09T20:15:47.167-04:00  INFO 5680 --- [restartedMain] o.h.m.i.EntityInstantiatorPojoStandard   : HHH000182: No default (no-argument) constructor for class: com.truckoptimization.dto.results.RouteResult (class must be instantiated by Interceptor)
2026-03-09T20:15:47.194-04:00  INFO 5680 --- [restartedMain] o.h.e.t.j.p.i.JtaPlatformInitiator       : HHH000489: No JTA platform available (set 'hibernate.transaction.jta.platform' to enable JTA platform integration)
2026-03-09T20:15:47.205-04:00  INFO 5680 --- [restartedMain] j.LocalContainerEntityManagerFactoryBean : Initialized JPA EntityManagerFactory for persistence unit 'default'
2026-03-09T20:15:47.396-04:00  INFO 5680 --- [restartedMain] org.mongodb.driver.client                : MongoClient with metadata {"driver": {"name": "mongo-java-driver|sync|spring-boot", "version": "5.2.1"}, "os": {"type": "Windows", "name": "Windows 11", "architecture": "amd64", "version": "10.0"}, "platform": "Java/Oracle Corporation/17.0.12+8-LTS-286"} created with settings MongoClientSettings{readPreference=primary, writeConcern=WriteConcern{w=null, wTimeout=null ms, journal=null}, retryWrites=true, retryReads=true, readConcern=ReadConcern{level=null}, credential=null, transportSettings=null, commandListeners=[io.micrometer.core.instrument.binder.mongodb.MongoMetricsCommandListener@3d21885], codecRegistry=ProvidersCodecRegistry{codecProviders=[ValueCodecProvider{}, BsonValueCodecProvider{}, DBRefCodecProvider{}, DBObjectCodecProvider{}, DocumentCodecProvider{}, CollectionCodecProvider{}, IterableCodecProvider{}, MapCodecProvider{}, GeoJsonCodecProvider{}, GridFSFileCodecProvider{}, Jsr310CodecProvider{}, JsonObjectCodecProvider{}, BsonCodecProvider{}, EnumCodecProvider{}, com.mongodb.client.model.mql.ExpressionCodecProvider@4339c17b, com.mongodb.Jep395RecordCodecProvider@9695a96, com.mongodb.KotlinCodecProvider@1b4456ad]}, loggerSettings=LoggerSettings{maxDocumentLength=1000}, clusterSettings={hosts=[localhost:27017], srvServiceName=mongodb, mode=SINGLE, requiredClusterType=UNKNOWN, requiredReplicaSetName='null', serverSelector='null', clusterListeners='[]', serverSelectionTimeout='30000 ms', localThreshold='15 ms'}, socketSettings=SocketSettings{connectTimeoutMS=10000, readTimeoutMS=0, receiveBufferSize=0, proxySettings=ProxySettings{host=null, port=null, username=null, password=null}}, heartbeatSocketSettings=SocketSettings{connectTimeoutMS=10000, readTimeoutMS=10000, receiveBufferSize=0, proxySettings=ProxySettings{host=null, port=null, username=null, password=null}}, connectionPoolSettings=ConnectionPoolSettings{maxSize=100, minSize=0, maxWaitTimeMS=120000, maxConnectionLifeTimeMS=0, maxConnectionIdleTimeMS=0, maintenanceInitialDelayMS=0, maintenanceFrequencyMS=60000, connectionPoolListeners=[io.micrometer.core.instrument.binder.mongodb.MongoMetricsConnectionPoolListener@ba81496], maxConnecting=2}, serverSettings=ServerSettings{heartbeatFrequencyMS=10000, minHeartbeatFrequencyMS=500, serverMonitoringMode=AUTO, serverListeners='[]', serverMonitorListeners='[]'}, sslSettings=SslSettings{enabled=false, invalidHostNameAllowed=false, context=null}, applicationName='null', compressorList=[], uuidRepresentation=JAVA_LEGACY, serverApi=null, autoEncryptionSettings=null, dnsClient=null, inetAddressResolver=null, contextProvider=null, timeoutMS=null}
2026-03-09T20:15:47.398-04:00  INFO 5680 --- [cluster-ClusterId{value='69af62b38393f401d60d3195', description='null'}-localhost:27017] org.mongodb.driver.cluster               : Monitor thread successfully connected to server with description ServerDescription{address=localhost:27017, type=STANDALONE, cryptd=false, state=CONNECTED, ok=true, minWireVersion=0, maxWireVersion=27, maxDocumentSize=16777216, logicalSessionTimeoutMinutes=30, roundTripTimeNanos=2414100, minRoundTripTimeNanos=0}
2026-03-09T20:15:47.460-04:00  INFO 5680 --- [restartedMain] o.s.b.d.a.OptionalLiveReloadServer       : LiveReload server is running on port 35729
2026-03-09T20:15:47.723-04:00  WARN 5680 --- [restartedMain] JpaBaseConfiguration$JpaWebConfiguration : spring.jpa.open-in-view is enabled by default. Therefore, database queries may be performed during view rendering. Explicitly configure spring.jpa.open-in-view to disable this warning
2026-03-09T20:15:48.153-04:00  INFO 5680 --- [restartedMain] o.s.b.a.e.web.EndpointLinksResolver      : Exposing 1 endpoint beneath base path '/actuator'
2026-03-09T20:15:48.182-04:00  INFO 5680 --- [restartedMain] o.s.b.w.embedded.tomcat.TomcatWebServer  : Tomcat started on port 80 (http) with context path '/'
2026-03-09T20:15:48.192-04:00  INFO 5680 --- [restartedMain] com.truckoptimization.Main               : Started Main in 2.505 seconds (process running for 1094.917)
2026-03-09T20:15:48.199-04:00  INFO 5680 --- [restartedMain] .ConditionEvaluationDeltaLoggingListener : Condition evaluation unchanged
2026-03-09T20:15:49.698-04:00  INFO 5680 --- [File Watcher] rtingClassPathChangeChangedEventListener : Restarting due to 3 class path changes (1 addition, 0 deletions, 2 modifications)
2026-03-09T20:15:49.699-04:00  INFO 5680 --- [Thread-70] o.s.b.w.e.tomcat.GracefulShutdown        : Commencing graceful shutdown. Waiting for active requests to complete
2026-03-09T20:15:49.943-04:00  INFO 5680 --- [tomcat-shutdown] o.s.b.w.e.tomcat.GracefulShutdown        : Graceful shutdown complete
2026-03-09T20:15:49.945-04:00  INFO 5680 --- [Thread-70] j.LocalContainerEntityManagerFactoryBean : Closing JPA EntityManagerFactory for persistence unit 'default'
2026-03-09T20:15:49.945-04:00  INFO 5680 --- [Thread-70] com.zaxxer.hikari.HikariDataSource       : HikariPool-18 - Shutdown initiated...
2026-03-09T20:15:49.948-04:00  INFO 5680 --- [Thread-70] com.zaxxer.hikari.HikariDataSource       : HikariPool-18 - Shutdown completed.
2026-03-09T20:15:50.055-04:00  INFO 5680 --- [restartedMain] com.truckoptimization.Main               : Starting Main using Java 17.0.12 with PID 5680 (C:\Programming\Java\TuckOptimaization\truck-routing\target\classes started by lukem in c:\Programming\Java\TuckOptimaization)
2026-03-09T20:15:50.056-04:00  INFO 5680 --- [restartedMain] com.truckoptimization.Main               : No active profile set, falling back to 1 default profile: "default"
2026-03-09T20:15:50.287-04:00  INFO 5680 --- [restartedMain] .s.d.r.c.RepositoryConfigurationDelegate : Multiple Spring Data modules found, entering strict repository configuration mode
2026-03-09T20:15:50.287-04:00  INFO 5680 --- [restartedMain] .s.d.r.c.RepositoryConfigurationDelegate : Bootstrapping Spring Data JPA repositories in DEFAULT mode.
2026-03-09T20:15:50.303-04:00  INFO 5680 --- [restartedMain] .RepositoryConfigurationExtensionSupport : Spring Data JPA - Could not safely identify store assignment for repository candidate interface com.truckoptimization.dto.database.nosql.feature.compiledRouteResult.CompiledRouteResultRepository; If you want this repository to be a JPA repository, consider annotating your entities with one of these annotations: jakarta.persistence.Entity, jakarta.persistence.MappedSuperclass (preferred), or consider extending one of the following types with your repository: org.springframework.data.jpa.repository.JpaRepository
2026-03-09T20:15:50.305-04:00  INFO 5680 --- [restartedMain] .RepositoryConfigurationExtensionSupport : Spring Data JPA - Could not safely identify store assignment for repository candidate interface com.truckoptimization.dto.database.nosql.feature.matrixCache.MatrixRepository; If you want this repository to be a JPA repository, consider annotating your entities with one of these annotations: jakarta.persistence.Entity, jakarta.persistence.MappedSuperclass (preferred), or consider extending one of the following types with your repository: org.springframework.data.jpa.repository.JpaRepository
2026-03-09T20:15:50.325-04:00  INFO 5680 --- [restartedMain] .s.d.r.c.RepositoryConfigurationDelegate : Finished Spring Data repository scanning in 37 ms. Found 2 JPA repository interfaces.
2026-03-09T20:15:50.383-04:00  INFO 5680 --- [restartedMain] .s.d.r.c.RepositoryConfigurationDelegate : Multiple Spring Data modules found, entering strict repository configuration mode
2026-03-09T20:15:50.383-04:00  INFO 5680 --- [restartedMain] .s.d.r.c.RepositoryConfigurationDelegate : Bootstrapping Spring Data MongoDB repositories in DEFAULT mode.
2026-03-09T20:15:50.411-04:00  INFO 5680 --- [restartedMain] .RepositoryConfigurationExtensionSupport : Spring Data MongoDB - Could not safely identify store assignment for repository candidate interface com.truckoptimization.dto.database.sql.features.location.LocationEntityRepository; If you want this repository to be a MongoDB repository, consider annotating your entities with one of these annotations: org.springframework.data.mongodb.core.mapping.Document (preferred), or consider extending one of the following types with your repository: org.springframework.data.mongodb.repository.MongoRepository
2026-03-09T20:15:50.411-04:00  INFO 5680 --- [restartedMain] .RepositoryConfigurationExtensionSupport : Spring Data MongoDB - Could not safely identify store assignment for repository candidate interface com.truckoptimization.dto.location.LocationRepository; If you want this repository to be a MongoDB repository, consider annotating your entities with one of these annotations: org.springframework.data.mongodb.core.mapping.Document (preferred), or consider extending one of the following types with your repository: org.springframework.data.mongodb.repository.MongoRepository
2026-03-09T20:15:50.437-04:00  INFO 5680 --- [restartedMain] .s.d.r.c.RepositoryConfigurationDelegate : Finished Spring Data repository scanning in 53 ms. Found 2 MongoDB repository interfaces.
2026-03-09T20:15:50.534-04:00  INFO 5680 --- [restartedMain] o.s.b.w.embedded.tomcat.TomcatWebServer  : Tomcat initialized with port 80 (http)
2026-03-09T20:15:50.535-04:00  INFO 5680 --- [restartedMain] o.apache.catalina.core.StandardService   : Starting service [Tomcat]
2026-03-09T20:15:50.535-04:00  INFO 5680 --- [restartedMain] o.apache.catalina.core.StandardEngine    : Starting Servlet engine: [Apache Tomcat/10.1.34]
2026-03-09T20:15:50.596-04:00  INFO 5680 --- [restartedMain] o.a.c.c.C.[Tomcat-1].[localhost].[/]     : Initializing Spring embedded WebApplicationContext
2026-03-09T20:15:50.597-04:00  INFO 5680 --- [restartedMain] w.s.c.ServletWebServerApplicationContext : Root WebApplicationContext: initialization completed in 540 ms
2026-03-09T20:15:50.699-04:00  INFO 5680 --- [restartedMain] o.hibernate.jpa.internal.util.LogHelper  : HHH000204: Processing PersistenceUnitInfo [name: default]
2026-03-09T20:15:50.703-04:00  INFO 5680 --- [restartedMain] o.h.c.internal.RegionFactoryInitiator    : HHH000026: Second-level cache disabled
2026-03-09T20:15:50.712-04:00  INFO 5680 --- [restartedMain] o.s.o.j.p.SpringPersistenceUnitInfo      : No LoadTimeWeaver setup: ignoring JPA class transformer
2026-03-09T20:15:50.713-04:00  INFO 5680 --- [restartedMain] com.zaxxer.hikari.HikariDataSource       : HikariPool-19 - Starting...
2026-03-09T20:15:50.722-04:00  INFO 5680 --- [restartedMain] com.zaxxer.hikari.pool.HikariPool        : HikariPool-19 - Added connection com.mysql.cj.jdbc.ConnectionImpl@62a7c402
2026-03-09T20:15:50.722-04:00  INFO 5680 --- [restartedMain] com.zaxxer.hikari.HikariDataSource       : HikariPool-19 - Start completed.
2026-03-09T20:15:50.723-04:00  WARN 5680 --- [restartedMain] org.hibernate.orm.deprecation            : HHH90000025: MySQLDialect does not need to be specified explicitly using 'hibernate.dialect' (remove the property setting and it will be selected by default)
2026-03-09T20:15:50.723-04:00  INFO 5680 --- [restartedMain] org.hibernate.orm.connections.pooling    : HHH10001005: Database info:
	Database JDBC URL [Connecting through datasource 'HikariDataSource (HikariPool-19)']
	Database driver: undefined/unknown
	Database version: 8.0.40
	Autocommit mode: undefined/unknown
	Isolation level: undefined/unknown
	Minimum pool size: undefined/unknown
	Maximum pool size: undefined/unknown
2026-03-09T20:15:50.750-04:00  INFO 5680 --- [restartedMain] o.h.m.i.EntityInstantiatorPojoStandard   : HHH000182: No default (no-argument) constructor for class: com.truckoptimization.dto.results.RouteResult (class must be instantiated by Interceptor)
2026-03-09T20:15:50.763-04:00  INFO 5680 --- [restartedMain] o.h.e.t.j.p.i.JtaPlatformInitiator       : HHH000489: No JTA platform available (set 'hibernate.transaction.jta.platform' to enable JTA platform integration)
2026-03-09T20:15:50.768-04:00  INFO 5680 --- [restartedMain] j.LocalContainerEntityManagerFactoryBean : Initialized JPA EntityManagerFactory for persistence unit 'default'
2026-03-09T20:15:50.868-04:00  INFO 5680 --- [restartedMain] org.mongodb.driver.client                : MongoClient with metadata {"driver": {"name": "mongo-java-driver|sync|spring-boot", "version": "5.2.1"}, "os": {"type": "Windows", "name": "Windows 11", "architecture": "amd64", "version": "10.0"}, "platform": "Java/Oracle Corporation/17.0.12+8-LTS-286"} created with settings MongoClientSettings{readPreference=primary, writeConcern=WriteConcern{w=null, wTimeout=null ms, journal=null}, retryWrites=true, retryReads=true, readConcern=ReadConcern{level=null}, credential=null, transportSettings=null, commandListeners=[io.micrometer.core.instrument.binder.mongodb.MongoMetricsCommandListener@2806846e], codecRegistry=ProvidersCodecRegistry{codecProviders=[ValueCodecProvider{}, BsonValueCodecProvider{}, DBRefCodecProvider{}, DBObjectCodecProvider{}, DocumentCodecProvider{}, CollectionCodecProvider{}, IterableCodecProvider{}, MapCodecProvider{}, GeoJsonCodecProvider{}, GridFSFileCodecProvider{}, Jsr310CodecProvider{}, JsonObjectCodecProvider{}, BsonCodecProvider{}, EnumCodecProvider{}, com.mongodb.client.model.mql.ExpressionCodecProvider@4339c17b, com.mongodb.Jep395RecordCodecProvider@9695a96, com.mongodb.KotlinCodecProvider@1b4456ad]}, loggerSettings=LoggerSettings{maxDocumentLength=1000}, clusterSettings={hosts=[localhost:27017], srvServiceName=mongodb, mode=SINGLE, requiredClusterType=UNKNOWN, requiredReplicaSetName='null', serverSelector='null', clusterListeners='[]', serverSelectionTimeout='30000 ms', localThreshold='15 ms'}, socketSettings=SocketSettings{connectTimeoutMS=10000, readTimeoutMS=0, receiveBufferSize=0, proxySettings=ProxySettings{host=null, port=null, username=null, password=null}}, heartbeatSocketSettings=SocketSettings{connectTimeoutMS=10000, readTimeoutMS=10000, receiveBufferSize=0, proxySettings=ProxySettings{host=null, port=null, username=null, password=null}}, connectionPoolSettings=ConnectionPoolSettings{maxSize=100, minSize=0, maxWaitTimeMS=120000, maxConnectionLifeTimeMS=0, maxConnectionIdleTimeMS=0, maintenanceInitialDelayMS=0, maintenanceFrequencyMS=60000, connectionPoolListeners=[io.micrometer.core.instrument.binder.mongodb.MongoMetricsConnectionPoolListener@9f8fec0], maxConnecting=2}, serverSettings=ServerSettings{heartbeatFrequencyMS=10000, minHeartbeatFrequencyMS=500, serverMonitoringMode=AUTO, serverListeners='[]', serverMonitorListeners='[]'}, sslSettings=SslSettings{enabled=false, invalidHostNameAllowed=false, context=null}, applicationName='null', compressorList=[], uuidRepresentation=JAVA_LEGACY, serverApi=null, autoEncryptionSettings=null, dnsClient=null, inetAddressResolver=null, contextProvider=null, timeoutMS=null}
2026-03-09T20:15:50.869-04:00  INFO 5680 --- [cluster-ClusterId{value='69af62b68393f401d60d3196', description='null'}-localhost:27017] org.mongodb.driver.cluster               : Monitor thread successfully connected to server with description ServerDescription{address=localhost:27017, type=STANDALONE, cryptd=false, state=CONNECTED, ok=true, minWireVersion=0, maxWireVersion=27, maxDocumentSize=16777216, logicalSessionTimeoutMinutes=30, roundTripTimeNanos=1246800, minRoundTripTimeNanos=0}
2026-03-09T20:15:50.904-04:00  INFO 5680 --- [restartedMain] o.s.b.d.a.OptionalLiveReloadServer       : LiveReload server is running on port 35729
2026-03-09T20:15:51.066-04:00  WARN 5680 --- [restartedMain] JpaBaseConfiguration$JpaWebConfiguration : spring.jpa.open-in-view is enabled by default. Therefore, database queries may be performed during view rendering. Explicitly configure spring.jpa.open-in-view to disable this warning
2026-03-09T20:15:51.288-04:00  INFO 5680 --- [restartedMain] o.s.b.a.e.web.EndpointLinksResolver      : Exposing 1 endpoint beneath base path '/actuator'
2026-03-09T20:15:51.309-04:00  INFO 5680 --- [restartedMain] o.s.b.w.embedded.tomcat.TomcatWebServer  : Tomcat started on port 80 (http) with context path '/'
2026-03-09T20:15:51.314-04:00  INFO 5680 --- [restartedMain] com.truckoptimization.Main               : Started Main in 1.288 seconds (process running for 1098.038)
2026-03-09T20:15:51.315-04:00  INFO 5680 --- [restartedMain] .ConditionEvaluationDeltaLoggingListener : Condition evaluation unchanged
2026-03-09T20:16:21.919-04:00  INFO 5680 --- [File Watcher] rtingClassPathChangeChangedEventListener : Restarting due to 6 class path changes (0 additions, 0 deletions, 6 modifications)
2026-03-09T20:16:21.921-04:00  INFO 5680 --- [Thread-74] o.s.b.w.e.tomcat.GracefulShutdown        : Commencing graceful shutdown. Waiting for active requests to complete
2026-03-09T20:16:22.354-04:00  INFO 5680 --- [tomcat-shutdown] o.s.b.w.e.tomcat.GracefulShutdown        : Graceful shutdown complete
2026-03-09T20:16:22.356-04:00  INFO 5680 --- [Thread-74] j.LocalContainerEntityManagerFactoryBean : Closing JPA EntityManagerFactory for persistence unit 'default'
2026-03-09T20:16:22.357-04:00  INFO 5680 --- [Thread-74] com.zaxxer.hikari.HikariDataSource       : HikariPool-19 - Shutdown initiated...
2026-03-09T20:16:22.360-04:00  INFO 5680 --- [Thread-74] com.zaxxer.hikari.HikariDataSource       : HikariPool-19 - Shutdown completed.
2026-03-09T20:16:22.482-04:00  INFO 5680 --- [restartedMain] com.truckoptimization.Main               : Starting Main using Java 17.0.12 with PID 5680 (C:\Programming\Java\TuckOptimaization\truck-routing\target\classes started by lukem in c:\Programming\Java\TuckOptimaization)
2026-03-09T20:16:22.483-04:00  INFO 5680 --- [restartedMain] com.truckoptimization.Main               : No active profile set, falling back to 1 default profile: "default"
2026-03-09T20:16:22.765-04:00  INFO 5680 --- [restartedMain] .s.d.r.c.RepositoryConfigurationDelegate : Multiple Spring Data modules found, entering strict repository configuration mode
2026-03-09T20:16:22.765-04:00  INFO 5680 --- [restartedMain] .s.d.r.c.RepositoryConfigurationDelegate : Bootstrapping Spring Data JPA repositories in DEFAULT mode.
2026-03-09T20:16:22.784-04:00  INFO 5680 --- [restartedMain] .RepositoryConfigurationExtensionSupport : Spring Data JPA - Could not safely identify store assignment for repository candidate interface com.truckoptimization.dto.database.nosql.feature.compiledRouteResult.CompiledRouteResultRepository; If you want this repository to be a JPA repository, consider annotating your entities with one of these annotations: jakarta.persistence.Entity, jakarta.persistence.MappedSuperclass (preferred), or consider extending one of the following types with your repository: org.springframework.data.jpa.repository.JpaRepository
2026-03-09T20:16:22.786-04:00  INFO 5680 --- [restartedMain] .RepositoryConfigurationExtensionSupport : Spring Data JPA - Could not safely identify store assignment for repository candidate interface com.truckoptimization.dto.database.nosql.feature.matrixCache.MatrixRepository; If you want this repository to be a JPA repository, consider annotating your entities with one of these annotations: jakarta.persistence.Entity, jakarta.persistence.MappedSuperclass (preferred), or consider extending one of the following types with your repository: org.springframework.data.jpa.repository.JpaRepository
2026-03-09T20:16:22.806-04:00  INFO 5680 --- [restartedMain] .s.d.r.c.RepositoryConfigurationDelegate : Finished Spring Data repository scanning in 39 ms. Found 2 JPA repository interfaces.
2026-03-09T20:16:22.877-04:00  INFO 5680 --- [restartedMain] .s.d.r.c.RepositoryConfigurationDelegate : Multiple Spring Data modules found, entering strict repository configuration mode
2026-03-09T20:16:22.877-04:00  INFO 5680 --- [restartedMain] .s.d.r.c.RepositoryConfigurationDelegate : Bootstrapping Spring Data MongoDB repositories in DEFAULT mode.
2026-03-09T20:16:22.911-04:00  INFO 5680 --- [restartedMain] .RepositoryConfigurationExtensionSupport : Spring Data MongoDB - Could not safely identify store assignment for repository candidate interface com.truckoptimization.dto.database.sql.features.location.LocationEntityRepository; If you want this repository to be a MongoDB repository, consider annotating your entities with one of these annotations: org.springframework.data.mongodb.core.mapping.Document (preferred), or consider extending one of the following types with your repository: org.springframework.data.mongodb.repository.MongoRepository
2026-03-09T20:16:22.911-04:00  INFO 5680 --- [restartedMain] .RepositoryConfigurationExtensionSupport : Spring Data MongoDB - Could not safely identify store assignment for repository candidate interface com.truckoptimization.dto.location.LocationRepository; If you want this repository to be a MongoDB repository, consider annotating your entities with one of these annotations: org.springframework.data.mongodb.core.mapping.Document (preferred), or consider extending one of the following types with your repository: org.springframework.data.mongodb.repository.MongoRepository
2026-03-09T20:16:22.940-04:00  INFO 5680 --- [restartedMain] .s.d.r.c.RepositoryConfigurationDelegate : Finished Spring Data repository scanning in 61 ms. Found 2 MongoDB repository interfaces.
2026-03-09T20:16:23.054-04:00  INFO 5680 --- [restartedMain] o.s.b.w.embedded.tomcat.TomcatWebServer  : Tomcat initialized with port 80 (http)
2026-03-09T20:16:23.055-04:00  INFO 5680 --- [restartedMain] o.apache.catalina.core.StandardService   : Starting service [Tomcat]
2026-03-09T20:16:23.055-04:00  INFO 5680 --- [restartedMain] o.apache.catalina.core.StandardEngine    : Starting Servlet engine: [Apache Tomcat/10.1.34]
2026-03-09T20:16:23.124-04:00  INFO 5680 --- [restartedMain] o.a.c.c.C.[Tomcat-1].[localhost].[/]     : Initializing Spring embedded WebApplicationContext
2026-03-09T20:16:23.124-04:00  INFO 5680 --- [restartedMain] w.s.c.ServletWebServerApplicationContext : Root WebApplicationContext: initialization completed in 639 ms
2026-03-09T20:16:23.231-04:00  INFO 5680 --- [restartedMain] o.hibernate.jpa.internal.util.LogHelper  : HHH000204: Processing PersistenceUnitInfo [name: default]
2026-03-09T20:16:23.235-04:00  INFO 5680 --- [restartedMain] o.h.c.internal.RegionFactoryInitiator    : HHH000026: Second-level cache disabled
2026-03-09T20:16:23.242-04:00  INFO 5680 --- [restartedMain] o.s.o.j.p.SpringPersistenceUnitInfo      : No LoadTimeWeaver setup: ignoring JPA class transformer
2026-03-09T20:16:23.243-04:00  INFO 5680 --- [restartedMain] com.zaxxer.hikari.HikariDataSource       : HikariPool-20 - Starting...
2026-03-09T20:16:23.252-04:00  INFO 5680 --- [restartedMain] com.zaxxer.hikari.pool.HikariPool        : HikariPool-20 - Added connection com.mysql.cj.jdbc.ConnectionImpl@70779200
2026-03-09T20:16:23.252-04:00  INFO 5680 --- [restartedMain] com.zaxxer.hikari.HikariDataSource       : HikariPool-20 - Start completed.
2026-03-09T20:16:23.253-04:00  WARN 5680 --- [restartedMain] org.hibernate.orm.deprecation            : HHH90000025: MySQLDialect does not need to be specified explicitly using 'hibernate.dialect' (remove the property setting and it will be selected by default)
2026-03-09T20:16:23.253-04:00  INFO 5680 --- [restartedMain] org.hibernate.orm.connections.pooling    : HHH10001005: Database info:
	Database JDBC URL [Connecting through datasource 'HikariDataSource (HikariPool-20)']
	Database driver: undefined/unknown
	Database version: 8.0.40
	Autocommit mode: undefined/unknown
	Isolation level: undefined/unknown
	Minimum pool size: undefined/unknown
	Maximum pool size: undefined/unknown
2026-03-09T20:16:23.283-04:00  INFO 5680 --- [restartedMain] o.h.m.i.EntityInstantiatorPojoStandard   : HHH000182: No default (no-argument) constructor for class: com.truckoptimization.dto.results.RouteResult (class must be instantiated by Interceptor)
2026-03-09T20:16:23.309-04:00  INFO 5680 --- [restartedMain] o.h.e.t.j.p.i.JtaPlatformInitiator       : HHH000489: No JTA platform available (set 'hibernate.transaction.jta.platform' to enable JTA platform integration)
2026-03-09T20:16:23.319-04:00  INFO 5680 --- [restartedMain] j.LocalContainerEntityManagerFactoryBean : Initialized JPA EntityManagerFactory for persistence unit 'default'
2026-03-09T20:16:23.431-04:00  INFO 5680 --- [restartedMain] org.mongodb.driver.client                : MongoClient with metadata {"driver": {"name": "mongo-java-driver|sync|spring-boot", "version": "5.2.1"}, "os": {"type": "Windows", "name": "Windows 11", "architecture": "amd64", "version": "10.0"}, "platform": "Java/Oracle Corporation/17.0.12+8-LTS-286"} created with settings MongoClientSettings{readPreference=primary, writeConcern=WriteConcern{w=null, wTimeout=null ms, journal=null}, retryWrites=true, retryReads=true, readConcern=ReadConcern{level=null}, credential=null, transportSettings=null, commandListeners=[io.micrometer.core.instrument.binder.mongodb.MongoMetricsCommandListener@23e3d811], codecRegistry=ProvidersCodecRegistry{codecProviders=[ValueCodecProvider{}, BsonValueCodecProvider{}, DBRefCodecProvider{}, DBObjectCodecProvider{}, DocumentCodecProvider{}, CollectionCodecProvider{}, IterableCodecProvider{}, MapCodecProvider{}, GeoJsonCodecProvider{}, GridFSFileCodecProvider{}, Jsr310CodecProvider{}, JsonObjectCodecProvider{}, BsonCodecProvider{}, EnumCodecProvider{}, com.mongodb.client.model.mql.ExpressionCodecProvider@4339c17b, com.mongodb.Jep395RecordCodecProvider@9695a96, com.mongodb.KotlinCodecProvider@1b4456ad]}, loggerSettings=LoggerSettings{maxDocumentLength=1000}, clusterSettings={hosts=[localhost:27017], srvServiceName=mongodb, mode=SINGLE, requiredClusterType=UNKNOWN, requiredReplicaSetName='null', serverSelector='null', clusterListeners='[]', serverSelectionTimeout='30000 ms', localThreshold='15 ms'}, socketSettings=SocketSettings{connectTimeoutMS=10000, readTimeoutMS=0, receiveBufferSize=0, proxySettings=ProxySettings{host=null, port=null, username=null, password=null}}, heartbeatSocketSettings=SocketSettings{connectTimeoutMS=10000, readTimeoutMS=10000, receiveBufferSize=0, proxySettings=ProxySettings{host=null, port=null, username=null, password=null}}, connectionPoolSettings=ConnectionPoolSettings{maxSize=100, minSize=0, maxWaitTimeMS=120000, maxConnectionLifeTimeMS=0, maxConnectionIdleTimeMS=0, maintenanceInitialDelayMS=0, maintenanceFrequencyMS=60000, connectionPoolListeners=[io.micrometer.core.instrument.binder.mongodb.MongoMetricsConnectionPoolListener@796c29bb], maxConnecting=2}, serverSettings=ServerSettings{heartbeatFrequencyMS=10000, minHeartbeatFrequencyMS=500, serverMonitoringMode=AUTO, serverListeners='[]', serverMonitorListeners='[]'}, sslSettings=SslSettings{enabled=false, invalidHostNameAllowed=false, context=null}, applicationName='null', compressorList=[], uuidRepresentation=JAVA_LEGACY, serverApi=null, autoEncryptionSettings=null, dnsClient=null, inetAddressResolver=null, contextProvider=null, timeoutMS=null}
2026-03-09T20:16:23.433-04:00  INFO 5680 --- [cluster-ClusterId{value='69af62d78393f401d60d3197', description='null'}-localhost:27017] org.mongodb.driver.cluster               : Monitor thread successfully connected to server with description ServerDescription{address=localhost:27017, type=STANDALONE, cryptd=false, state=CONNECTED, ok=true, minWireVersion=0, maxWireVersion=27, maxDocumentSize=16777216, logicalSessionTimeoutMinutes=30, roundTripTimeNanos=1166300, minRoundTripTimeNanos=0}
2026-03-09T20:16:23.465-04:00  INFO 5680 --- [restartedMain] o.s.b.d.a.OptionalLiveReloadServer       : LiveReload server is running on port 35729
2026-03-09T20:16:23.607-04:00  WARN 5680 --- [restartedMain] JpaBaseConfiguration$JpaWebConfiguration : spring.jpa.open-in-view is enabled by default. Therefore, database queries may be performed during view rendering. Explicitly configure spring.jpa.open-in-view to disable this warning
2026-03-09T20:16:23.881-04:00  INFO 5680 --- [restartedMain] o.s.b.a.e.web.EndpointLinksResolver      : Exposing 1 endpoint beneath base path '/actuator'
2026-03-09T20:16:23.911-04:00  INFO 5680 --- [restartedMain] o.s.b.w.embedded.tomcat.TomcatWebServer  : Tomcat started on port 80 (http) with context path '/'
2026-03-09T20:16:23.915-04:00  INFO 5680 --- [restartedMain] com.truckoptimization.Main               : Started Main in 1.476 seconds (process running for 1130.64)
2026-03-09T20:16:23.918-04:00  INFO 5680 --- [restartedMain] .ConditionEvaluationDeltaLoggingListener : Condition evaluation unchanged
2026-03-09T20:43:23.430-04:00  INFO 5680 --- [File Watcher] rtingClassPathChangeChangedEventListener : Restarting due to 1 class path change (0 additions, 1 deletion, 0 modifications)
2026-03-09T20:43:23.431-04:00  INFO 5680 --- [Thread-78] o.s.b.w.e.tomcat.GracefulShutdown        : Commencing graceful shutdown. Waiting for active requests to complete
2026-03-09T20:43:23.727-04:00  INFO 5680 --- [tomcat-shutdown] o.s.b.w.e.tomcat.GracefulShutdown        : Graceful shutdown complete
2026-03-09T20:43:23.730-04:00  INFO 5680 --- [Thread-78] j.LocalContainerEntityManagerFactoryBean : Closing JPA EntityManagerFactory for persistence unit 'default'
2026-03-09T20:43:23.731-04:00  INFO 5680 --- [Thread-78] com.zaxxer.hikari.HikariDataSource       : HikariPool-20 - Shutdown initiated...
2026-03-09T20:43:23.735-04:00  INFO 5680 --- [Thread-78] com.zaxxer.hikari.HikariDataSource       : HikariPool-20 - Shutdown completed.
2026-03-09T20:43:23.859-04:00  INFO 5680 --- [restartedMain] com.truckoptimization.Main               : Starting Main using Java 17.0.12 with PID 5680 (C:\Programming\Java\TuckOptimaization\truck-routing\target\classes started by lukem in c:\Programming\Java\TuckOptimaization)
2026-03-09T20:43:23.860-04:00  INFO 5680 --- [restartedMain] com.truckoptimization.Main               : No active profile set, falling back to 1 default profile: "default"
2026-03-09T20:43:24.158-04:00  INFO 5680 --- [restartedMain] .s.d.r.c.RepositoryConfigurationDelegate : Multiple Spring Data modules found, entering strict repository configuration mode
2026-03-09T20:43:24.158-04:00  INFO 5680 --- [restartedMain] .s.d.r.c.RepositoryConfigurationDelegate : Bootstrapping Spring Data JPA repositories in DEFAULT mode.
2026-03-09T20:43:24.176-04:00  INFO 5680 --- [restartedMain] .RepositoryConfigurationExtensionSupport : Spring Data JPA - Could not safely identify store assignment for repository candidate interface com.truckoptimization.dto.database.nosql.feature.compiledRouteResult.CompiledRouteResultRepository; If you want this repository to be a JPA repository, consider annotating your entities with one of these annotations: jakarta.persistence.Entity, jakarta.persistence.MappedSuperclass (preferred), or consider extending one of the following types with your repository: org.springframework.data.jpa.repository.JpaRepository
2026-03-09T20:43:24.178-04:00  INFO 5680 --- [restartedMain] .RepositoryConfigurationExtensionSupport : Spring Data JPA - Could not safely identify store assignment for repository candidate interface com.truckoptimization.dto.database.nosql.feature.matrixCache.MatrixRepository; If you want this repository to be a JPA repository, consider annotating your entities with one of these annotations: jakarta.persistence.Entity, jakarta.persistence.MappedSuperclass (preferred), or consider extending one of the following types with your repository: org.springframework.data.jpa.repository.JpaRepository
2026-03-09T20:43:24.196-04:00  INFO 5680 --- [restartedMain] .s.d.r.c.RepositoryConfigurationDelegate : Finished Spring Data repository scanning in 36 ms. Found 2 JPA repository interfaces.
2026-03-09T20:43:24.267-04:00  INFO 5680 --- [restartedMain] .s.d.r.c.RepositoryConfigurationDelegate : Multiple Spring Data modules found, entering strict repository configuration mode
2026-03-09T20:43:24.267-04:00  INFO 5680 --- [restartedMain] .s.d.r.c.RepositoryConfigurationDelegate : Bootstrapping Spring Data MongoDB repositories in DEFAULT mode.
2026-03-09T20:43:24.299-04:00  INFO 5680 --- [restartedMain] .RepositoryConfigurationExtensionSupport : Spring Data MongoDB - Could not safely identify store assignment for repository candidate interface com.truckoptimization.dto.database.sql.features.location.LocationEntityRepository; If you want this repository to be a MongoDB repository, consider annotating your entities with one of these annotations: org.springframework.data.mongodb.core.mapping.Document (preferred), or consider extending one of the following types with your repository: org.springframework.data.mongodb.repository.MongoRepository
2026-03-09T20:43:24.299-04:00  INFO 5680 --- [restartedMain] .RepositoryConfigurationExtensionSupport : Spring Data MongoDB - Could not safely identify store assignment for repository candidate interface com.truckoptimization.dto.location.LocationRepository; If you want this repository to be a MongoDB repository, consider annotating your entities with one of these annotations: org.springframework.data.mongodb.core.mapping.Document (preferred), or consider extending one of the following types with your repository: org.springframework.data.mongodb.repository.MongoRepository
2026-03-09T20:43:24.327-04:00  INFO 5680 --- [restartedMain] .s.d.r.c.RepositoryConfigurationDelegate : Finished Spring Data repository scanning in 59 ms. Found 2 MongoDB repository interfaces.
2026-03-09T20:43:24.444-04:00  INFO 5680 --- [restartedMain] o.s.b.w.embedded.tomcat.TomcatWebServer  : Tomcat initialized with port 80 (http)
2026-03-09T20:43:24.445-04:00  INFO 5680 --- [restartedMain] o.apache.catalina.core.StandardService   : Starting service [Tomcat]
2026-03-09T20:43:24.445-04:00  INFO 5680 --- [restartedMain] o.apache.catalina.core.StandardEngine    : Starting Servlet engine: [Apache Tomcat/10.1.34]
2026-03-09T20:43:24.520-04:00  INFO 5680 --- [restartedMain] o.a.c.c.C.[Tomcat-1].[localhost].[/]     : Initializing Spring embedded WebApplicationContext
2026-03-09T20:43:24.520-04:00  INFO 5680 --- [restartedMain] w.s.c.ServletWebServerApplicationContext : Root WebApplicationContext: initialization completed in 658 ms
2026-03-09T20:43:24.611-04:00  INFO 5680 --- [restartedMain] o.hibernate.jpa.internal.util.LogHelper  : HHH000204: Processing PersistenceUnitInfo [name: default]
2026-03-09T20:43:24.614-04:00  INFO 5680 --- [restartedMain] o.h.c.internal.RegionFactoryInitiator    : HHH000026: Second-level cache disabled
2026-03-09T20:43:24.626-04:00  INFO 5680 --- [restartedMain] o.s.o.j.p.SpringPersistenceUnitInfo      : No LoadTimeWeaver setup: ignoring JPA class transformer
2026-03-09T20:43:24.627-04:00  INFO 5680 --- [restartedMain] com.zaxxer.hikari.HikariDataSource       : HikariPool-21 - Starting...
2026-03-09T20:43:24.638-04:00  INFO 5680 --- [restartedMain] com.zaxxer.hikari.pool.HikariPool        : HikariPool-21 - Added connection com.mysql.cj.jdbc.ConnectionImpl@32ec967f
2026-03-09T20:43:24.638-04:00  INFO 5680 --- [restartedMain] com.zaxxer.hikari.HikariDataSource       : HikariPool-21 - Start completed.
2026-03-09T20:43:24.639-04:00  WARN 5680 --- [restartedMain] org.hibernate.orm.deprecation            : HHH90000025: MySQLDialect does not need to be specified explicitly using 'hibernate.dialect' (remove the property setting and it will be selected by default)
2026-03-09T20:43:24.639-04:00  INFO 5680 --- [restartedMain] org.hibernate.orm.connections.pooling    : HHH10001005: Database info:
	Database JDBC URL [Connecting through datasource 'HikariDataSource (HikariPool-21)']
	Database driver: undefined/unknown
	Database version: 8.0.40
	Autocommit mode: undefined/unknown
	Isolation level: undefined/unknown
	Minimum pool size: undefined/unknown
	Maximum pool size: undefined/unknown
2026-03-09T20:43:24.670-04:00  INFO 5680 --- [restartedMain] o.h.m.i.EntityInstantiatorPojoStandard   : HHH000182: No default (no-argument) constructor for class: com.truckoptimization.dto.results.RouteResult (class must be instantiated by Interceptor)
2026-03-09T20:43:24.686-04:00  INFO 5680 --- [restartedMain] o.h.e.t.j.p.i.JtaPlatformInitiator       : HHH000489: No JTA platform available (set 'hibernate.transaction.jta.platform' to enable JTA platform integration)
2026-03-09T20:43:24.696-04:00  INFO 5680 --- [restartedMain] j.LocalContainerEntityManagerFactoryBean : Initialized JPA EntityManagerFactory for persistence unit 'default'
2026-03-09T20:43:24.792-04:00  INFO 5680 --- [restartedMain] org.mongodb.driver.client                : MongoClient with metadata {"driver": {"name": "mongo-java-driver|sync|spring-boot", "version": "5.2.1"}, "os": {"type": "Windows", "name": "Windows 11", "architecture": "amd64", "version": "10.0"}, "platform": "Java/Oracle Corporation/17.0.12+8-LTS-286"} created with settings MongoClientSettings{readPreference=primary, writeConcern=WriteConcern{w=null, wTimeout=null ms, journal=null}, retryWrites=true, retryReads=true, readConcern=ReadConcern{level=null}, credential=null, transportSettings=null, commandListeners=[io.micrometer.core.instrument.binder.mongodb.MongoMetricsCommandListener@5fdd943d], codecRegistry=ProvidersCodecRegistry{codecProviders=[ValueCodecProvider{}, BsonValueCodecProvider{}, DBRefCodecProvider{}, DBObjectCodecProvider{}, DocumentCodecProvider{}, CollectionCodecProvider{}, IterableCodecProvider{}, MapCodecProvider{}, GeoJsonCodecProvider{}, GridFSFileCodecProvider{}, Jsr310CodecProvider{}, JsonObjectCodecProvider{}, BsonCodecProvider{}, EnumCodecProvider{}, com.mongodb.client.model.mql.ExpressionCodecProvider@4339c17b, com.mongodb.Jep395RecordCodecProvider@9695a96, com.mongodb.KotlinCodecProvider@1b4456ad]}, loggerSettings=LoggerSettings{maxDocumentLength=1000}, clusterSettings={hosts=[localhost:27017], srvServiceName=mongodb, mode=SINGLE, requiredClusterType=UNKNOWN, requiredReplicaSetName='null', serverSelector='null', clusterListeners='[]', serverSelectionTimeout='30000 ms', localThreshold='15 ms'}, socketSettings=SocketSettings{connectTimeoutMS=10000, readTimeoutMS=0, receiveBufferSize=0, proxySettings=ProxySettings{host=null, port=null, username=null, password=null}}, heartbeatSocketSettings=SocketSettings{connectTimeoutMS=10000, readTimeoutMS=10000, receiveBufferSize=0, proxySettings=ProxySettings{host=null, port=null, username=null, password=null}}, connectionPoolSettings=ConnectionPoolSettings{maxSize=100, minSize=0, maxWaitTimeMS=120000, maxConnectionLifeTimeMS=0, maxConnectionIdleTimeMS=0, maintenanceInitialDelayMS=0, maintenanceFrequencyMS=60000, connectionPoolListeners=[io.micrometer.core.instrument.binder.mongodb.MongoMetricsConnectionPoolListener@25dc2f1b], maxConnecting=2}, serverSettings=ServerSettings{heartbeatFrequencyMS=10000, minHeartbeatFrequencyMS=500, serverMonitoringMode=AUTO, serverListeners='[]', serverMonitorListeners='[]'}, sslSettings=SslSettings{enabled=false, invalidHostNameAllowed=false, context=null}, applicationName='null', compressorList=[], uuidRepresentation=JAVA_LEGACY, serverApi=null, autoEncryptionSettings=null, dnsClient=null, inetAddressResolver=null, contextProvider=null, timeoutMS=null}
2026-03-09T20:43:24.793-04:00  INFO 5680 --- [cluster-ClusterId{value='69af692c8393f401d60d3198', description='null'}-localhost:27017] org.mongodb.driver.cluster               : Monitor thread successfully connected to server with description ServerDescription{address=localhost:27017, type=STANDALONE, cryptd=false, state=CONNECTED, ok=true, minWireVersion=0, maxWireVersion=27, maxDocumentSize=16777216, logicalSessionTimeoutMinutes=30, roundTripTimeNanos=1125100, minRoundTripTimeNanos=0}
2026-03-09T20:43:24.822-04:00  INFO 5680 --- [restartedMain] o.s.b.d.a.OptionalLiveReloadServer       : LiveReload server is running on port 35729
2026-03-09T20:43:24.977-04:00  WARN 5680 --- [restartedMain] JpaBaseConfiguration$JpaWebConfiguration : spring.jpa.open-in-view is enabled by default. Therefore, database queries may be performed during view rendering. Explicitly configure spring.jpa.open-in-view to disable this warning
2026-03-09T20:43:25.231-04:00  INFO 5680 --- [restartedMain] o.s.b.a.e.web.EndpointLinksResolver      : Exposing 1 endpoint beneath base path '/actuator'
2026-03-09T20:43:25.246-04:00  INFO 5680 --- [restartedMain] o.s.b.w.embedded.tomcat.TomcatWebServer  : Tomcat started on port 80 (http) with context path '/'
2026-03-09T20:43:25.250-04:00  INFO 5680 --- [restartedMain] com.truckoptimization.Main               : Started Main in 1.429 seconds (process running for 2751.974)
2026-03-09T20:43:25.251-04:00  INFO 5680 --- [restartedMain] .ConditionEvaluationDeltaLoggingListener : Condition evaluation unchanged
2026-03-09T20:43:55.993-04:00  INFO 5680 --- [SpringApplicationShutdownHook] o.s.b.w.e.tomcat.GracefulShutdown        : Commencing graceful shutdown. Waiting for active requests to complete
2026-03-09T20:43:56.233-04:00  INFO 5680 --- [tomcat-shutdown] o.s.b.w.e.tomcat.GracefulShutdown        : Graceful shutdown complete
2026-03-09T20:43:56.236-04:00  INFO 5680 --- [SpringApplicationShutdownHook] j.LocalContainerEntityManagerFactoryBean : Closing JPA EntityManagerFactory for persistence unit 'default'
2026-03-09T20:43:56.236-04:00  INFO 5680 --- [SpringApplicationShutdownHook] com.zaxxer.hikari.HikariDataSource       : HikariPool-21 - Shutdown initiated...
2026-03-09T20:43:56.239-04:00  INFO 5680 --- [SpringApplicationShutdownHook] com.zaxxer.hikari.HikariDataSource       : HikariPool-21 - Shutdown completed.
